ID,Name,Address,Featured image,Bing Maps URL,Latitude,Longitude,Rating,Rating Info,Category,Open Hours,Website,Phone,Emails,Social Medias,Facebook,Instagram,Twitter
ypid:YN9A643EFFB299A377,Ethan Clark Air Conditioning,"1320 Rothwell St, Houston, TX 77002",https://www.bing.com/th?id=OLC.NWvMWatDq4z+9A480x360&pid=Local,https://www.bing.com/maps?cp=29.768672943115234%7E-95.35367584228516&lvl=17.0&q=Ethan%20Clark%20Air%20Conditioning%20%2C%201320%20Rothwell%20St%2C%20Houston%2C%20TX%2077002,29.768672943115234,-95.35367584228516,5,Yelp (11),HVAC services,Closed · Opens 08:00,http://www.ethanclark.com/,(713) 236-1119,,,,,
ypid:YNCBA4AA5770A43300,Texas Central Air,"724 Trinity St, Houston, TX 77007",https://www.bing.com/th?id=OLC.JBDX0WRNnECTcg480x360&pid=Local,https://www.bing.com/maps?cp=29.765668869018555%7E-95.37384796142578&lvl=17.0&q=Texas%20Central%20Air%20%2C%20724%20Trinity%20St%2C%20Houston%2C%20TX%2077007,29.765668869018555,-95.37384796142578,,,HVAC services,Closed · Opens 08:00,http://www.texascentralair.com/,(281) 727-0327,bailey.hanna@texascentralair.com,"{""facebook"":""https://facebook.com/texas-central-air-1404228806471928"",""twitter"":""https://twitter.com/hvactexas"",""youtube"":""https://youtube.com/user/uc_tpb0kcu27pqocg4gzuopq""}",https://facebook.com/texas-central-air-1404228806471928,,https://twitter.com/hvactexas
ypid:YN539AF40433A0F4BD,"Master AC and Heat, LLC- The Heights","2607 North Fwy, Houston, TX 77009",https://www.bing.com/th?id=OLC.TcCbfl5Wj2/BKQ480x360&pid=Local,https://www.bing.com/maps?cp=29.796472549438477%7E-95.37236022949219&lvl=17.0&q=Master%20AC%20and%20Heat%2C%20LLC-%20The%20Heights%20%2C%202607%20North%20Fwy%2C%20Houston%2C%20TX%2077009,29.796472549438477,-95.37236022949219,,,HVAC services,Open 24 hours,http://masteracandheat.com/,(713) 750-9769,,"{""yelp"":""https://www.yelp.com/biz/master-ac-and-heat-houston-12"",""facebook"":""https://www.facebook.com/masteracandheat/""}",https://www.facebook.com/masteracandheat/,,
ypid:YN34E5CB27A08524B2,Bodensteiner Service Inc,"3403 Houston Ave, Houston, TX 77009",,https://www.bing.com/maps?cp=29.78830337524414%7E-95.37244415283203&lvl=17.0&q=Bodensteiner%20Service%20Inc%20%2C%203403%20Houston%20Ave%2C%20Houston%2C%20TX%2077009,29.78830337524414,-95.37244415283203,5,Yelp (65),HVAC services,Closed · Opens tomorrow 08:00,https://www.bsiairhouston.com/,(713) 868-0050,"bsiairhtx@gmail.com,vendas@supracil.com.br,supracil@supracil.com.br,comercial@supracil.com.br","{""yelp"":""https://www.yelp.com/biz/bodensteiner-service-houston""}",,,
ypid:YNE7BF22709715C207,75 Degree AC- Houston,"4800 W 34th St #C50F, Houston, TX 77092",https://www.bing.com/th?id=OLC.yYQeLqoUGkhecw480x360&pid=Local,https://www.bing.com/maps?cp=29.820018768310547%7E-95.46040344238281&lvl=17.0&q=75%20Degree%20AC-%20Houston%20%2C%204800%20W%2034th%20St%20%23C50F%2C%20Houston%2C%20TX%2077092,29.820018768310547,-95.46040344238281,5,Yelp (3),HVAC services,Opens in 27 mins,https://75degreeac.com/,(713) 598-2737,"75degreeacservices@gmail.com,callie.marsalisi@thisoldhouse.com,info@75degreeac.com","{""facebook"":""https://web.facebook.com/75degreeacrepairhouston"",""twitter"":""https://x.com/75digreeac"",""youtube"":""https://www.youtube.com/@75degreeacrepairhouston"",""instagram"":""https://www.instagram.com/75degreeac"",""yelp"":""https://www.yelp.com/biz/75-degree-ac-houston"",""pinterest"":""https://www.pinterest.com/75degreeacrepair/""}",https://web.facebook.com/75degreeacrepairhouston,https://www.instagram.com/75degreeac,https://x.com/75digreeac
ypid:YN24E38C44072DAC15,68 Degrees HVAC,"Private Address in Oak Forest-Garden Oaks, TX",https://www.bing.com/th?id=OLC.8to3BzooXDk+tw480x360&pid=Local,https://www.bing.com/maps?cp=29.83607292175293%7E-95.46117401123047&lvl=17.0&q=68%20Degrees%20HVAC%20%2C%20Private%20Address%20in%20Oak%20Forest-Garden%20Oaks%2C%20TX,29.83607292175293,-95.46117401123047,,,HVAC services,Closed · Opens 08:00,https://68degreeshvac.com/,(713) 367-7985,name@cpsymbol.com,"{""facebook"":""https://www.facebook.com/stevegutterudhvac"",""instagram"":""https://www.instagram.com/stevegutterudhvac/""}",https://www.facebook.com/stevegutterudhvac,https://www.instagram.com/stevegutterudhvac/,
ypid:YN8B1A5F900678744A,Chimney Rock Service,"5933 Bellaire Blvd Ste 104, Houston, TX 77081",https://www.bing.com/th?id=OLC.z7PUquw1lDSv+A480x360&pid=Local,https://www.bing.com/maps?cp=29.704330444335938%7E-95.48565673828125&lvl=17.0&q=Chimney%20Rock%20Service%20%2C%205933%20Bellaire%20Blvd%20Ste%20104%2C%20Houston%2C%20TX%2077081,29.704330444335938,-95.48565673828125,4,Yelp (5),HVAC services,Closed · Opens 07:30,https://chimneyrockac.com/,(713) 782-0789,"brian@chimneyrockac.com,tourtaste@chimneyrock.com",,,,
ypid:YN86106322BF034B0F,One Hour Air Conditioning & Heating® of Houston,"4455 W Sam Houston Pkwy N, Houston, TX 77041",https://www.bing.com/th?id=OLC.5Ft/DHiLRFbrQA480x360&pid=Local,https://www.bing.com/maps?cp=29.834476470947266%7E-95.56544494628906&lvl=17.0&q=One%20Hour%20Air%20Conditioning%20%26%20Heating%C2%AE%20of%20Houston%20%2C%204455%20W%20Sam%20Houston%20Pkwy%20N%2C%20Houston%2C%20TX%2077041,29.834476470947266,-95.56544494628906,2.5,Yelp (219),HVAC services,Open 24 hours,https://www.onehourheatandair.com/houston/,(281) 407-9754,"privacy@authoritybrandsllc.com,CCPA@onehour.com,bgca.info@authoritybrandsllc.com,privacyofficer@AuthorityBrands.co","{""facebook"":""https://www.facebook.com/onehournwfl"",""yelp"":""https://www.yelp.com/biz/cullins-one-hour-heating-and-air-conditioning-lewis-center"",""twitter"":""https://twitter.com/onehourheatair"",""instagram"":""https://www.instagram.com/onehourheatair/?hl=en"",""pinterest"":""https://www.pinterest.com/onehourheatair/boards/"",""youtube"":""https://www.youtube.com/watch?v=kwriohgp4i0""}",https://www.facebook.com/onehournwfl,https://www.instagram.com/onehourheatair/?hl=en,https://twitter.com/onehourheatair
ypid:YNBBE1857DFDDD65F0,Texas Central Air,"3913 Artdale St, Houston, TX 77063",https://www.bing.com/th?id=OLC.+3oTBIQlHLFc4Q480x360&pid=Local,https://www.bing.com/maps?cp=29.72205924987793%7E-95.53007507324219&lvl=17.0&q=Texas%20Central%20Air%20%2C%203913%20Artdale%20St%2C%20Houston%2C%20TX%2077063,29.72205924987793,-95.53007507324219,,,HVAC services,Closed · Opens 08:00,http://www.texascentralair.com/,(281) 727-0327,bailey.hanna@texascentralair.com,"{""facebook"":""https://facebook.com/texas-central-air-1404228806471928"",""twitter"":""https://twitter.com/hvactexas"",""youtube"":""https://youtube.com/user/uc_tpb0kcu27pqocg4gzuopq""}",https://facebook.com/texas-central-air-1404228806471928,,https://twitter.com/hvactexas
ypid:YN288FE5283F00A8FE,Air Dynasty AC & Heating LLC,"5502 Northington St, Houston, TX 77039",https://www.bing.com/th?id=OLC.pWjX0WR/QoG9kw480x360&pid=Local,https://www.bing.com/maps?cp=29.893373489379883%7E-95.3095703125&lvl=17.0&q=Air%20Dynasty%20AC%20%26%20Heating%20LLC%20%2C%205502%20Northington%20St%2C%20Houston%2C%20TX%2077039,29.893373489379883,-95.3095703125,1.5,Yelp (124),HVAC services,Closed · Opens 08:00,https://airdynastyac.com/?se_campaign=GBP,(281) 227-5858,"service@airdynastyac.com,terithisnthat@yahoo.com","{""youtube"":""https://www.youtube.com/@airdynastytx"",""facebook"":""https://www.facebook.com/airdynastyacandheating/"",""twitter"":""https://x.com/airdynasty23"",""linkedin"":""https://www.linkedin.com/company/air-dynasty-ac-heating-llc/"",""instagram"":""https://www.instagram.com/airdynastyllc/""}",https://www.facebook.com/airdynastyacandheating/,https://www.instagram.com/airdynastyllc/,https://x.com/airdynasty23
ypid:YN42B0B04117BA7C86,Universal Home Experts,"9326 Kay Ln, Houston, TX 77064",https://www.bing.com/th?id=OLC.4e0LioPUI5DJlQ480x360&pid=Local,https://www.bing.com/maps?cp=29.909358978271484%7E-95.53107452392578&lvl=17.0&q=Universal%20Home%20Experts%20%2C%209326%20Kay%20Ln%2C%20Houston%2C%20TX%2077064,29.909358978271484,-95.53107452392578,4.5,Angi (24),Plumbing,Open · Closes 19:00,https://www.universalhomeexperts.com/,(832) 345-1660,jane@universalhomeexperts.com,"{""facebook"":""https://www.facebook.com/universalhomeexperts"",""twitter"":""https://twitter.com/uhe_houston"",""pinterest"":""https://www.pinterest.com/universalhe/"",""yelp"":""https://www.yelp.com/biz/universal-home-experts-houston-2"",""instagram"":""https://www.instagram.com/cricketwireless/"",""linkedin"":""https://www.linkedin.com/company/cricket-communications/""}",https://www.facebook.com/universalhomeexperts,https://www.instagram.com/cricketwireless/,https://twitter.com/uhe_houston
ypid:YN23FB7B51720F6866,ARS / Rescue Rooter,"10515 Okanella St Ste 100, Houston, TX 77041",https://www.bing.com/th?id=OLC.4l5kdpFR+kYJmg480x360&pid=Local,https://www.bing.com/maps?cp=29.858335494995117%7E-95.55657196044922&lvl=17.0&q=ARS%20%2F%20Rescue%20Rooter%20%2C%2010515%20Okanella%20St%20Ste%20100%2C%20Houston%2C%20TX%2077041,29.858335494995117,-95.55657196044922,1.5,Yelp (692),HVAC services,Open 24 hours,https://www.ars.com/houston,(713) 428-2700,"ccparequest@ars.com,info@a-ars.com,arscommunications@ars.com,secon@seconexpo.com,egisec@seconexpo.com,global@seconexpo.com,inforequest@ars.com,jnorris@ars.com","{""facebook"":""https://www.facebook.com/arsrescuerooter"",""twitter"":""https://twitter.com/arsrescuerooter"",""instagram"":""https://www.instagram.com/ars_rescuerooter/?hl=en"",""pinterest"":""https://ro.pinterest.com/arsrr/"",""youtube"":""https://www.youtube.com/channel/ucwcibajqbeidgfav7ssblpa"",""linkedin"":""https://www.linkedin.com/company/american-residential-services""}",https://www.facebook.com/arsrescuerooter,https://www.instagram.com/ars_rescuerooter/?hl=en,https://twitter.com/arsrescuerooter
ypid:YN3E98249FCB3583C0,"Abacus Plumbing, Air Conditioning, & Electrical","4001 Kendrick Plaza Dr, Houston, TX 77032",https://www.bing.com/th?id=OLC.Z223SR4xjOysYQ480x360&pid=Local,https://www.bing.com/maps?cp=29.942150115966797%7E-95.32929992675781&lvl=17.0&q=Abacus%20Plumbing%2C%20Air%20Conditioning%2C%20%26%20Electrical%20%2C%204001%20Kendrick%20Plaza%20Dr%2C%20Houston%2C%20TX%2077032,29.942150115966797,-95.32929992675781,2,Yelp (559),Plumbing,Open 24 hours,https://www.abacusplumbing.net/,(713) 812-7070,"mikemyers@abacusplumbing.net,smalayter@greenhousepartners.com,privacy@wrenchgroup.com,max.peterson@thisoldhouse.com,austingeneratorservices@abacusplumbing.net,sales@austingenerator.com,profiles@birdeye.com,customerservice@abacusplumbing.net,vip@abacusplumbing.net,Smith@abacusplumbing.net,jdoe@abacusplumbing.net,info@trbutler.com,cccbayarea@yahoo.com,kerry@kwolfconstruction.com,shorebreakconstruction@gmail.com,bfcrinc@gmail.com,ajblconstructioninc@gmail.com","{""facebook"":""https://www.facebook.com/settings?tab=ads"",""twitter"":""https://twitter.com/abacusplumbing"",""youtube"":""https://www.youtube.com/c/abacusplumbingairconditioningelectricalhouston""}",https://www.facebook.com/settings?tab=ads,,https://twitter.com/abacusplumbing
ypid:YNCB677F0C4665CFCC,Air Specialist Air Conditioning & Plumbing,"1323 N Main St, Pearland, TX 77581",https://www.bing.com/th?id=OLC.Ng1lnLOhBI63kg480x360&pid=Local,https://www.bing.com/maps?cp=29.5878849029541%7E-95.28499603271484&lvl=17.0&q=Air%20Specialist%20Air%20Conditioning%20%26%20Plumbing%20%2C%201323%20N%20Main%20St%2C%20Pearland%2C%20TX%2077581,29.5878849029541,-95.28499603271484,2,Yelp (98),HVAC services,Closed · Opens 08:00,https://www.airspecialist.com/,(713) 469-3443,"info@airspecialist.com,kiansoon@airspecialist.com.sg,info@airassurance.com","{""facebook"":""https://www.facebook.com/airspecialist/"",""twitter"":""https://twitter.com/airspecialisttx"",""youtube"":""https://www.youtube.com/channel/ucw8uax1f4lvgd_vo3bgbqka""}",https://www.facebook.com/airspecialist/,,https://twitter.com/airspecialisttx
ypid:YN35C8058F226FB3BB,Uptown Heating & Air Conditioning,"11211 Richmond Ave Ste B102, Houston, TX 77082",https://www.bing.com/th?id=OLC.rFmzWA85VWkKdQ480x360&pid=Local,https://www.bing.com/maps?cp=29.72649574279785%7E-95.57400512695312&lvl=17.0&q=Uptown%20Heating%20%26%20Air%20Conditioning%20%2C%2011211%20Richmond%20Ave%20Ste%20B102%2C%20Houston%2C%20TX%2077082,29.72649574279785,-95.57400512695312,3.5,Yelp (13),HVAC services,Open · Closes 19:00,https://www.uptownac.com/,(832) 709-0236,"Uptownair@gmail.com,reservations.central@frasershospitality.com","{""facebook"":""https://www.facebook.com/whitesidej92/posts/3567133546931737"",""twitter"":""https://twitter.com/airuptown"",""linkedin"":""https://www.linkedin.com/company/uptown-heating-air-conditioning"",""instagram"":""https://www.instagram.com/uptownair/"",""youtube"":""https://www.youtube.com/channel/ucu3i8irs9oqtcvf1yzykm0q""}",https://www.facebook.com/whitesidej92/posts/3567133546931737,https://www.instagram.com/uptownair/,https://twitter.com/airuptown
ypid:YN693DC82078BAE0CD,Smart Air,"12455 Westpark Dr Unit G3, Houston, TX 77082",https://www.bing.com/th?id=OLC.yXtxdiTMBoHQYg480x360&pid=Local,https://www.bing.com/maps?cp=29.72271156311035%7E-95.60347747802734&lvl=17.0&q=Smart%20Air%20%2C%2012455%20Westpark%20Dr%20Unit%20G3%2C%20Houston%2C%20TX%2077082,29.72271156311035,-95.60347747802734,5,Yelp (140),HVAC services,Opens in 27 mins,https://www.houstonsmartair.com/,(281) 809-6444,"h-tot@hhosting.co.kr,help@holafly.com","{""yelp"":""https://www.yelp.com/biz/smart-air-houston-3?start=40"",""facebook"":""https://www.facebook.com/curt.jaeger/posts/5803814969633213"",""linkedin"":""https://www.linkedin.com/in/jay-jahantash-431373ab/"",""youtube"":""https://www.youtube.com/@smartairhoustontx"",""instagram"":""https://www.instagram.com/houstonsmartair/"",""twitter"":""https://twitter.com/houstonsmartair"",""tiktok"":""https://www.tiktok.com/@houstonsmartair"",""pinterest"":""https://www.pinterest.ph/smartairhoustontx/""}",https://www.facebook.com/curt.jaeger/posts/5803814969633213,https://www.instagram.com/houstonsmartair/,https://twitter.com/houstonsmartair
ypid:YNC3D7D7D871A9170F,Royal Air Houston,"12519 FM-529, Houston, TX 77041",https://www.bing.com/th?id=OLC./YlbOGrhwFl7/A480x360&pid=Local,https://www.bing.com/maps?cp=29.879411697387695%7E-95.59840393066406&lvl=17.0&q=Royal%20Air%20Houston%20%2C%2012519%20FM-529%2C%20Houston%2C%20TX%2077041,29.879411697387695,-95.59840393066406,1.5,Yelp (343),HVAC services,Closed · Opens 08:00,https://www.royalairhouston.com/,(832) 334-5959,"info@RoyalAirHouston.com,info@royalairhouston.com","{""facebook"":""https://www.facebook.com/royalairconditioninghouston/"",""twitter"":""https://twitter.com/royalairhouston"",""instagram"":""https://www.instagram.com/royalairhouston/"",""yelp"":""https://yelp.com/biz/royal-air-conditioning-houston""}",https://www.facebook.com/royalairconditioninghouston/,https://www.instagram.com/royalairhouston/,https://twitter.com/royalairhouston
ypid:YNECC4959DC491C972,Air Of Houston,"1850 Old Holzwarth Rd, Spring, TX 77388",https://www.bing.com/th?id=OLC.n+x8zL99n2/HzQ480x360&pid=Local,https://www.bing.com/maps?cp=30.066089630126953%7E-95.43968200683594&lvl=17.0&q=Air%20Of%20Houston%20%2C%201850%20Old%20Holzwarth%20Rd%2C%20Spring%2C%20TX%2077388,30.066089630126953,-95.43968200683594,4,Yelp (47),HVAC services,Open · Closes 21:00,https://www.airofhouston.com/,(281) 890-0990,,"{""yelp"":""https://www.yelp.com/biz/air-of-houston-spring-6"",""facebook"":""https://www.facebook.com/profile.php?id=100064050129040&sk=reviews""}",https://www.facebook.com/profile.php?id=100064050129040&sk=reviews,,
ypid:YNFA599D7D22B4F148,"All Star A/C, Plumbing & Electrical","9418 Mills Rd, Houston, TX 77070",https://www.bing.com/th?id=OLC.od2xmRZxDEvTAA480x360&pid=Local,https://www.bing.com/maps?cp=29.957754135131836%7E-95.5601806640625&lvl=17.0&q=All%20Star%20A%2FC%2C%20Plumbing%20%26%20Electrical%20%2C%209418%20Mills%20Rd%2C%20Houston%2C%20TX%2077070,29.957754135131836,-95.5601806640625,4.5,Yelp (116),HVAC services,Open 24 hours,https://allstarairtexas.com/,(713) 842-9532,,"{""facebook"":""https://www.facebook.com/allstarairsnowman/reviews"",""yelp"":""https://www.yelp.com/biz/all-star-a-c-heating-and-plumbing-houston-2"",""youtube"":""https://www.youtube.com/channel/uc77rgkmixu8xlkcuymm38tq"",""twitter"":""https://x.com/allstarhvac_tx%20""}",https://www.facebook.com/allstarairsnowman/reviews,,https://x.com/allstarhvac_tx%20
ypid:YN1A337AA6B892137D,TemperaturePro Katy-Cypress,"18701 Clay Rd Ste 800, Houston, TX 77084",https://www.bing.com/th?id=OLC.HwVxPHetKLQwkA480x360&pid=Local,https://www.bing.com/maps?cp=29.830705642700195%7E-95.693115234375&lvl=17.0&q=TemperaturePro%20Katy-Cypress%20%2C%2018701%20Clay%20Rd%20Ste%20800%2C%20Houston%2C%20TX%2077084,29.830705642700195,-95.693115234375,,,HVAC services,Open 24 hours,https://www.blitzproservices.com/service-area/cypress-tx,(281) 607-5884,,"{""instagram"":""https://www.instagram.com/temperatureprokatycypress/"",""facebook"":""https://www.facebook.com/temperatureprokatycypress"",""twitter"":""https://twitter.com/tpkatycypress"",""tiktok"":""https://www.tiktok.com/@temperaturepro?_t=8wsrgn0r2ns&_r=1"",""yelp"":""https://www.yelp.com/biz/temperaturepro-houston-3"",""linkedin"":""https://www.linkedin.com/company/temperaturepro-katy-cypress/about/""}",https://www.facebook.com/temperatureprokatycypress,https://www.instagram.com/temperatureprokatycypress/,https://twitter.com/tpkatycypress
ypid:YNA6F2132E802CE84B,Air Depot Cooling & Heating,"12920 Cypress North Houston Rd, Cypress, TX 77429",https://www.bing.com/th?id=OLC.IS6Pb6acSHPASg480x360&pid=Local,https://www.bing.com/maps?cp=29.947956085205078%7E-95.61524200439453&lvl=17.0&q=Air%20Depot%20Cooling%20%26%20Heating%20%2C%2012920%20Cypress%20North%20Houston%20Rd%2C%20Cypress%2C%20TX%2077429,29.947956085205078,-95.61524200439453,4,Yelp (24),HVAC services,Opens in 27 mins,https://airdepot.com/,(281) 477-3700,info@airdepot.com,"{""facebook"":""https://www.facebook.com/136582713042840/"",""instagram"":""https://www.instagram.com/airdepot"",""youtube"":""https://www.youtube.com/watch?v=gplnu6z09ao"",""twitter"":""https://twitter.com/airdepot"",""yelp"":""https://www.yelp.com/biz/airdepot-cypress""}",https://www.facebook.com/136582713042840/,https://www.instagram.com/airdepot,https://twitter.com/airdepot
ypid:YN713544A38301BFEA,ASAP AIR A/C and Heating,"1009 Aurora St, Houston, TX 77009",https://www.bing.com/th?id=OLC.uragra0uDCiNaw480x360&pid=Local,https://www.bing.com/maps?cp=29.810087203979492%7E-95.38573455810547&lvl=17.0&q=ASAP%20AIR%20A%2FC%20and%20Heating%20%2C%201009%20Aurora%20St%2C%20Houston%2C%20TX%2077009,29.810087203979492,-95.38573455810547,5,Yelp (3),HVAC services,Closed · Opens 08:00,https://www.asapairhoustonac.com/,(713) 862-1775,,"{""facebook"":""https://www.facebook.com/permalink.php?story_fbid=240190131896852&id=100077176015213"",""twitter"":""https://twitter.com/asapair1"",""youtube"":""https://www.youtube.com/channel/uc4ispp5ibjfsszet3zkdwfg"",""yelp"":""https://www.yelp.com/biz/asap-air-a-c-and-heating-houston-3""}",https://www.facebook.com/permalink.php?story_fbid=240190131896852&id=100077176015213,,https://twitter.com/asapair1
ypid:YNE47A385927B13AF2,Ace Comfort Air Conditioning & Heating,"601 Milwaukee St, Houston, TX 77009",https://www.bing.com/th?id=OLC.WFyVa7EmSZGAEw480x360&pid=Local,https://www.bing.com/maps?cp=29.809608459472656%7E-95.36363983154297&lvl=17.0&q=Ace%20Comfort%20Air%20Conditioning%20%26%20Heating%20%2C%20601%20Milwaukee%20St%2C%20Houston%2C%20TX%2077009,29.809608459472656,-95.36363983154297,4.5,Yelp (33),HVAC services,Open · Closes 23:59,http://www.acecomfort-tx.com/,(281) 658-5141,service@acecomfort-tx.com,"{""facebook"":""https://www.facebook.com/profile.php?id=100087527012779"",""twitter"":""https://x.com/acecomfort1"",""instagram"":""https://www.instagram.com/acecomfort.mybusiness/"",""youtube"":""https://www.youtube.com/channel/ucehzu9-bgfvpl6vztptawyg"",""linkedin"":""https://www.linkedin.com/company/acecomfortairconditioning""}",https://www.facebook.com/profile.php?id=100087527012779,https://www.instagram.com/acecomfort.mybusiness/,https://x.com/acecomfort1
ypid:YN6ADB1E8BEBBFC515,High Performance Home Systems,"963 Wakefield Dr, Houston, TX 77018",https://www.bing.com/th?id=OLC.h4vbj0KesCSiyA480x360&pid=Local,https://www.bing.com/maps?cp=29.82128143310547%7E-95.42340850830078&lvl=17.0&q=High%20Performance%20Home%20Systems%20%2C%20963%20Wakefield%20Dr%2C%20Houston%2C%20TX%2077018,29.82128143310547,-95.42340850830078,5,Yelp (2),HVAC services,Closed · Opens 08:00,https://highperformancehomesystems.com/,(713) 367-0098,support@highperformancehomesystems.com,"{""facebook"":""https://www.facebook.com/hphshouston"",""linkedin"":""https://www.linkedin.com/company/high-performance-home-systems/"",""instagram"":""https://www.instagram.com/hvac_hphs/"",""youtube"":""https://www.youtube.com/@highperformancehomesystems""}",https://www.facebook.com/hphshouston,https://www.instagram.com/hvac_hphs/,
ypid:YNE7E7C4BC35B3AAEC,M&S Mechanical for AC and Heating,"2614 Yorktown St, Greater Uptown, TX",https://www.bing.com/th?id=OLC.sO5xwxtbYu+o3g480x360&pid=Local,https://www.bing.com/maps?cp=29.74175453186035%7E-95.47093200683594&lvl=17.0&q=M%26S%20Mechanical%20for%20AC%20and%20Heating%20%2C%202614%20Yorktown%20St%2C%20Greater%20Uptown%2C%20TX,29.74175453186035,-95.47093200683594,3,Yelp (15),HVAC services,Open · Closes 23:59,https://ms-mechanical-ac.com/,(713) 489-3823,"mike01@msmechanical-ac.com,moonsoo@skku.edu","{""facebook"":""https://www.facebook.com/msmechanical1/"",""twitter"":""https://twitter.com/msmechanical1"",""pinterest"":""https://www.pinterest.com/msmechanicalac/"",""instagram"":""https://www.instagram.com/msmechanical.ac/""}",https://www.facebook.com/msmechanical1/,https://www.instagram.com/msmechanical.ac/,https://twitter.com/msmechanical1
ypid:YN3B154A983345E79,Adams Air Conditioning,"Private Address in Langwood, TX",https://www.bing.com/th?id=OLC.SrckVZzI9+huVg480x360&pid=Local,https://www.bing.com/maps?cp=29.826650619506836%7E-95.47975158691406&lvl=17.0&q=Adams%20Air%20Conditioning%20%2C%20Private%20Address%20in%20Langwood%2C%20TX,29.826650619506836,-95.47975158691406,,,HVAC services,Open 24 hours,https://www.adams-air.com/houston/,(281) 677-2526,adamsairhouston@gmail.com,"{""facebook"":""https://www.facebook.com/adamsairhouston"",""instagram"":""https://www.instagram.com/adamsairhouston"",""pinterest"":""https://www.pinterest.com/adamsairhouston""}",https://www.facebook.com/adamsairhouston,https://www.instagram.com/adamsairhouston,
ypid:YNA6A7594FEF7AE2B9,Western AC,"Private Address in Spring Branch East, TX",https://www.bing.com/th?id=OLC.HeneN8mfiBIBeQ480x360&pid=Local,https://www.bing.com/maps?cp=29.80712127685547%7E-95.4892349243164&lvl=17.0&q=Western%20AC%20%2C%20Private%20Address%20in%20Spring%20Branch%20East%2C%20TX,29.80712127685547,-95.4892349243164,,,HVAC services,Open 24 hours,https://westernprogroup.com/,(713) 391-9782,"infowest.ac@gmail.com,legal@ueni.com,abuse@ueni.com,help@ueni.com,help@ueni.om","{""instagram"":""https://www.instagram.com/ueni.ltd/"",""facebook"":""https://www.facebook.com/ueniltd"",""linkedin"":""https://www.linkedin.com/company/ueni-ltd/"",""youtube"":""https://www.youtube.com/feed/history?utm_source=pp"",""twitter"":""https://twitter.com/ueniltd"",""tiktok"":""https://www.tiktok.com/@ueni.com""}",https://www.facebook.com/ueniltd,https://www.instagram.com/ueni.ltd/,https://twitter.com/ueniltd
ypid:YN5ED24674276619,Environmental Air Systems Inc,"4913 Mangum Rd, Houston, TX 77092",https://www.bing.com/th?id=OLC.u/EONjHbDsN8BQ480x360&pid=Local,https://www.bing.com/maps?cp=29.839801788330078%7E-95.46356964111328&lvl=17.0&q=Environmental%20Air%20Systems%20Inc%20%2C%204913%20Mangum%20Rd%2C%20Houston%2C%20TX%2077092,29.839801788330078,-95.46356964111328,,,HVAC services,Closed · Opens 08:00,http://www.environmentalair.com/,(713) 680-3274,,"{""yelp"":""https://www.yelp.com/biz/environmental-air-systems-houston-2"",""facebook"":""https://www.facebook.com/150380375061819/"",""twitter"":""https://twitter.com/envirnmtalair""}",https://www.facebook.com/150380375061819/,,https://twitter.com/envirnmtalair
ypid:YN53806B00DC80E481,Air Star Now,"6607 Flintlock Rd, Houston, TX 77040",https://www.bing.com/th?id=OLC.iCnOvDT3mKJJvg480x360&pid=Local,https://www.bing.com/maps?cp=29.862577438354492%7E-95.5208511352539&lvl=17.0&q=Air%20Star%20Now%20%2C%206607%20Flintlock%20Rd%2C%20Houston%2C%20TX%2077040,29.862577438354492,-95.5208511352539,5,Angi (16),HVAC services,Open 24 hours,https://www.airstarnow.com/,(713) 929-9595,,"{""facebook"":""https://www.facebook.com/scorpion.co/"",""yelp"":""https://www.yelp.com/biz/air-star-now-houston"",""twitter"":""https://x.com/scorpiondotco"",""youtube"":""https://www.youtube.com/@scorpiondesign"",""linkedin"":""https://www.linkedin.com/company/scorpion"",""instagram"":""https://www.instagram.com/scorpion.co""}",https://www.facebook.com/scorpion.co/,https://www.instagram.com/scorpion.co,https://x.com/scorpiondotco
ypid:YN66340E5AB2BC7BEC,Letsos Company,"8435 Westglen Dr, Houston, TX 77063",https://www.bing.com/th?id=OLC.nP7P1j9MzmwNcQ480x360&pid=Local,https://www.bing.com/maps?cp=29.7244815826416%7E-95.51195526123047&lvl=17.0&q=Letsos%20Company%20%2C%208435%20Westglen%20Dr%2C%20Houston%2C%20TX%2077063,29.7244815826416,-95.51195526123047,,,Contractor,Open 24 hours,http://letsos.com/,(713) 783-3200,"letsosco@letsos.com,jletsos@letsos.com,mletsos@letsos.com,jdoe@letsos.com,letsoshr@letsos.com,gletsos@letsos.com",,,,
ypid:YNF4D87526C870C9BB,Spring Branch AC,"6817 Flintlock Rd, Houston, TX 77040",https://www.bing.com/th?id=OLC.qC4xkarhAQHR/A480x360&pid=Local,https://www.bing.com/maps?cp=29.86627769470215%7E-95.52100372314453&lvl=17.0&q=Spring%20Branch%20AC%20%2C%206817%20Flintlock%20Rd%2C%20Houston%2C%20TX%2077040,29.86627769470215,-95.52100372314453,,,HVAC services,Open · Closes 23:59,https://www.springbranchac.com/,(713) 937-6739,,"{""facebook"":""https://www.facebook.com/nathan.liles.9/posts/10233133601268522"",""instagram"":""https://www.instagram.com/springbranchac/"",""youtube"":""https://www.youtube.com/channel/ucwd17itcxmkhe6rv74nu-cg/videos"",""yelp"":""https://www.yelp.com/biz/spring-branch-ac-houston-3""}",https://www.facebook.com/nathan.liles.9/posts/10233133601268522,https://www.instagram.com/springbranchac/,
ypid:YN984889D34F5E37B4,Dalton Air Conditioning & Heating,"5410 Brookside Rd, Pearland, TX 77581",https://www.bing.com/th?id=OLC.lqS0irPs4nnbGw480x360&pid=Local,https://www.bing.com/maps?cp=29.58773422241211%7E-95.33045196533203&lvl=17.0&q=Dalton%20Air%20Conditioning%20%26%20Heating%20%2C%205410%20Brookside%20Rd%2C%20Pearland%2C%20TX%2077581,29.58773422241211,-95.33045196533203,4.5,Yelp (36),HVAC services,Closed · Opens 08:00,https://www.daltonairandheat.com/,(713) 433-4380,"support@typeform.com,gdpr@typeform.com,vendas@chemitac.com","{""facebook"":""https://www.facebook.com/permalink.php?story_fbid=448518411327503&id=100085080428791"",""instagram"":""https://www.instagram.com/daltonairpearland/"",""yelp"":""https://www.yelp.com/biz/dalton-air-conditioning-pearland""}",https://www.facebook.com/permalink.php?story_fbid=448518411327503&id=100085080428791,https://www.instagram.com/daltonairpearland/,
ypid:YNECBF90AA6CA924A1,"Gregory-Edwards, Inc","10808 Alcott Dr, Houston, TX 77043",https://www.bing.com/th?id=OLC.m70O0A4P5nlQww480x360&pid=Local,https://www.bing.com/maps?cp=29.816682815551758%7E-95.5666275024414&lvl=17.0&q=Gregory-Edwards%2C%20Inc%20%2C%2010808%20Alcott%20Dr%2C%20Houston%2C%20TX%2077043,29.816682815551758,-95.5666275024414,,,Contractor,Opens in 27 mins,https://www.geimech.com/,(713) 523-6618,"Mail@geimech.com,eramirez@geimech.com","{""yelp"":""https://www.yelp.com/biz/edwards-roofing-contractors-houston-2"",""linkedin"":""https://www.linkedin.com/company/gregory-edwards-inc.""}",,,
ypid:YN18E74D9C34E28A62,Stalwart Air Conditioning & Heating Services LLC,"2817 Miller Ranch Rd Suite 337, Pearland, TX 77584",https://www.bing.com/th?id=OLC.TK2mIhp9MB26NQ480x360&pid=Local,https://www.bing.com/maps?cp=29.55831527709961%7E-95.3724365234375&lvl=17.0&q=Stalwart%20Air%20Conditioning%20%26%20Heating%20Services%20LLC%20%2C%202817%20Miller%20Ranch%20Rd%20Suite%20337%2C%20Pearland%2C%20TX%2077584,29.55831527709961,-95.3724365234375,4.5,Yelp (26),HVAC services,Open · Closes 23:59,http://www.stalwartacandheating.com/,(713) 992-9926,Sales@highwaystalwarts.com,"{""facebook"":""https://www.facebook.com/stalwartmech"",""yelp"":""https://www.yelp.com/biz/stalwart-air-conditioning-and-heating-services-pearland?adjust_creative=microsoft&utm_campaign=yelp_feed&utm_medium=feed_v2&utm_source=microsoft""}",https://www.facebook.com/stalwartmech,,
ypid:YN28BDD281E9B4D58F,K&R Mechanical Services,"12634 Haynes Rd, Houston, TX 77066",https://www.bing.com/th?id=OLC.n2aqlGMGa5QnJA480x360&pid=Local,https://www.bing.com/maps?cp=29.966678619384766%7E-95.52660369873047&lvl=17.0&q=K%26R%20Mechanical%20Services%20%2C%2012634%20Haynes%20Rd%2C%20Houston%2C%20TX%2077066,29.966678619384766,-95.52660369873047,,,HVAC services,Open 24 hours,https://krmechanicalsvcs.com/,(281) 408-9414,info@mastayspainting.com,,,,
ypid:YN8098898CF6AC52BC,Sun Air Conditioning & Heating,"2245 Texas Dr #300, Sugar Land, TX 77479",https://www.bing.com/th?id=OLC.eYCm636dmr6HRg480x360&pid=Local,https://www.bing.com/maps?cp=29.5968017578125%7E-95.62002563476562&lvl=17.0&q=Sun%20Air%20Conditioning%20%26%20Heating%20%2C%202245%20Texas%20Dr%20%23300%2C%20Sugar%20Land%2C%20TX%2077479,29.5968017578125,-95.62002563476562,4,Yelp (11),HVAC services,Closed · Opens 08:00,https://sunairconditioning.com/service-area/air-conditioning-heating-sugar-land-tx,(281) 262-1110,"Webergebnisservice@sunairconditioning.com,n-buford-c@comcast.net,art@sunairconditioning.com,theroyal.guestservices@atlantisdubai.com,salessupport@atlantisdubai.com,public.relations@atlantisdubai.com,solunar@solunar.co.kr","{""facebook"":""https://www.facebook.com/sunairhouston/"",""instagram"":""https://www.instagram.com/sunairhouston/"",""twitter"":""https://x.com/sunacandheating"",""linkedin"":""https://www.linkedin.com/in/james-mazurkiewicz-5103a272/"",""youtube"":""https://www.youtube.com/channel/ucvomk_iud8wvoipuotorfng""}",https://www.facebook.com/sunairhouston/,https://www.instagram.com/sunairhouston/,https://x.com/sunacandheating
ypid:YND50A963A5D0E470B,Vo's Air Services,"9022 Solon Rd, Houston, TX 77064",https://www.bing.com/th?id=OLC.qX/gWalWL2folQ480x360&pid=Local,https://www.bing.com/maps?cp=29.950054168701172%7E-95.55517578125&lvl=17.0&q=Vo's%20Air%20Services%20%2C%209022%20Solon%20Rd%2C%20Houston%2C%20TX%2077064,29.950054168701172,-95.55517578125,,,HVAC services,Closed · Opens 09:00,https://vosairservices.com/,(281) 781-6875,info@vosairservices.com,,,,
ypid:YN289BF541574B0259,SERVPRO of Downtown Houston Central North and Central East,"2339 Commerce St Ste 202, Houston, TX 77002",https://www.bing.com/th?id=OLC.3BfygsoSvFP9GA480x360&pid=Local,https://www.bing.com/maps?cp=29.75730323791504%7E-95.34667205810547&lvl=17.0&q=SERVPRO%20of%20Downtown%20Houston%20Central%20North%20and%20Central%20East%20%2C%202339%20Commerce%20St%20Ste%20202%2C%20Houston%2C%20TX%2077002,29.75730323791504,-95.34667205810547,,,Fire & water damage restoration,Open 24 hours,https://www.servpro.com/locations/tx/servpro-of-downtown-houston-central-north-and-central-east,(832) 463-1009,webservices@servpronet.com,"{""twitter"":""https://twitter.com/servpronorthfl"",""instagram"":""https://instagram.com/servproputnamfl"",""facebook"":""https://facebook.com/163869034198"",""linkedin"":""https://linkedin.com/company/servpro-of-new-smyrna-beach-titusville"",""youtube"":""https://www.youtube.com/user/servprocorporate""}",https://facebook.com/163869034198,https://instagram.com/servproputnamfl,https://twitter.com/servpronorthfl
ypid:YN106D5BA49905C44E,H-Town AC Repair HVAC services Houston,"4243 Purdue St, Houston, TX 77005",https://www.bing.com/th?id=OLC.HSf7lheVupjCOQ480x360&pid=Local,https://www.bing.com/maps?cp=29.725820541381836%7E-95.4463882446289&lvl=17.0&q=H-Town%20AC%20Repair%20HVAC%20services%20Houston%20%2C%204243%20Purdue%20St%2C%20Houston%2C%20TX%2077005,29.725820541381836,-95.4463882446289,,,HVAC services,Opens in 27 mins,https://htownacrepair.com/,(832) 404-2062,htownacrepair@gmail.com,"{""yelp"":""https://www.yelp.com/biz/h-town-ac-repair-air-conditioning-and-heating-service-houston-houston-3"",""facebook"":""https://www.facebook.com/htownacrepairhouston/"",""youtube"":""https://www.youtube.com/@htownservices8824""}",https://www.facebook.com/htownacrepairhouston/,,
ypid:YN33E443A29F627E84,Air-Ton Heating and AC,"4102 Dawn St, Houston, TX 77025",https://www.bing.com/th?id=OLC.dO88mcNv0Rwl7w480x360&pid=Local,https://www.bing.com/maps?cp=29.66034698486328%7E-95.44444274902344&lvl=17.0&q=Air-Ton%20Heating%20and%20AC%20%2C%204102%20Dawn%20St%2C%20Houston%2C%20TX%2077025,29.66034698486328,-95.44444274902344,5,Yelp (2),HVAC services,Closed · Opens 07:30,https://airtonheatingac.com/,(713) 661-2760,"exeter@nettl.com,jane@airtonheatingac.com","{""facebook"":""https://www.facebook.com/airtonheatingac/reviews/""}",https://www.facebook.com/airtonheatingac/reviews/,,
ypid:YNCDE7F8CE505A1B59,Comfort Star Ac Repair,"9319 Long Point Rd, Houston, TX 77055",https://www.bing.com/th?id=OLC.iCRMevuwV54fVw480x360&pid=Local,https://www.bing.com/maps?cp=29.798494338989258%7E-95.52120208740234&lvl=17.0&q=Comfort%20Star%20Ac%20Repair%20%2C%209319%20Long%20Point%20Rd%2C%20Houston%2C%20TX%2077055,29.798494338989258,-95.52120208740234,4,Yelp (29),HVAC services,Closed · Opens 08:00,https://www.comfortstaracrepairhouston.com/,(713) 999-1900,,"{""facebook"":""https://www.facebook.com/comfortstaracrepairhouston"",""twitter"":""https://twitter.com/comfortstartac"",""yelp"":""https://www.yelp.com/biz/comfort-star-houston-3""}",https://www.facebook.com/comfortstaracrepairhouston,,https://twitter.com/comfortstartac
ypid:YN6C713ED66E4A57D2,Sun Air Conditioning & Heating,"2719 5th St, Stafford, TX 77477",https://www.bing.com/th?id=OLC.F3sgReNycGKbjw480x360&pid=Local,https://www.bing.com/maps?cp=29.602615356445312%7E-95.55022430419922&lvl=17.0&q=Sun%20Air%20Conditioning%20%26%20Heating%20%2C%202719%205th%20St%2C%20Stafford%2C%20TX%2077477,29.602615356445312,-95.55022430419922,,,HVAC services,Closed · Opens 08:00,https://www.sunairconditioning.com/,(281) 410-2345,"Webergebnisservice@sunairconditioning.com,n-buford-c@comcast.net,art@sunairconditioning.com,theroyal.guestservices@atlantisdubai.com,salessupport@atlantisdubai.com,public.relations@atlantisdubai.com","{""facebook"":""https://www.facebook.com/sunairhouston/"",""instagram"":""https://www.instagram.com/sunairhouston/"",""twitter"":""https://x.com/sunacandheating"",""linkedin"":""https://www.linkedin.com/in/james-mazurkiewicz-5103a272/"",""youtube"":""https://www.youtube.com/channel/ucvomk_iud8wvoipuotorfng""}",https://www.facebook.com/sunairhouston/,https://www.instagram.com/sunairhouston/,https://x.com/sunacandheating
ypid:YNFD4801966BCD01A1,Houston AC Repair Specialists,"8716 Meyer Park Dr, Myerland Area, TX",,https://www.bing.com/maps?cp=29.687725067138672%7E-95.45623016357422&lvl=17.0&q=Houston%20AC%20Repair%20Specialists%20%2C%208716%20Meyer%20Park%20Dr%2C%20Myerland%20Area%2C%20TX,29.687725067138672,-95.45623016357422,,,HVAC services,Closed · Opens 09:00,http://www.acrepairspecialistshouston.com/,(713) 929-3519,,,,,
ypid:YNC91C44C163798391,"Air Current AC & Heat, LLC","8703 Bonhomme Rd, Houston, TX 77074",https://www.bing.com/th?id=OLC.gRgu16XRkIYdYg480x360&pid=Local,https://www.bing.com/maps?cp=29.68356704711914%7E-95.5125503540039&lvl=17.0&q=Air%20Current%20AC%20%26%20Heat%2C%20LLC%20%2C%208703%20Bonhomme%20Rd%2C%20Houston%2C%20TX%2077074,29.68356704711914,-95.5125503540039,,,HVAC services,Closed · Opens 08:00,https://www.aircurrenthouston.com/,(713) 459-2971,"cameron@aircurrenthouston.com,info@strategicamerica.com","{""facebook"":""https://www.facebook.com/aircurrenthouston/""}",https://www.facebook.com/aircurrenthouston/,,
ypid:YN6BA5417D97504FA3,"Turbo Plumbing , Air Conditioning, Electrical & HVAC Repair Services","1416 Southmore Ave, Pasadena, TX 77502",,https://www.bing.com/maps?cp=29.69129180908203%7E-95.19232940673828&lvl=17.0&q=Turbo%20Plumbing%20%2C%20Air%20Conditioning%2C%20Electrical%20%26%20HVAC%20Repair%20Services%20%2C%201416%20Southmore%20Ave%2C%20Pasadena%2C%20TX%2077502,29.69129180908203,-95.19232940673828,,,HVAC services,Open 24 hours,https://turbohomeservices.com/,(281) 984-4894,"dispatch@turbohomeservices.com,kundenservice@homeserve.de,info@turboplumbing.net","{""facebook"":""https://www.facebook.com/turbohomeservices/"",""instagram"":""https://www.instagram.com/turbohomeservices/"",""youtube"":""https://www.youtube.com/channel/ucwxvlorkj8tet_tsspsfghq"",""yelp"":""https://www.yelp.com/biz/turbo-home-services-houston-3""}",https://www.facebook.com/turbohomeservices/,https://www.instagram.com/turbohomeservices/,
ypid:YNE04AC94196A47408,Mundae Cleaning & Restoration - Downtown Houston,"2003 Clay St, Houston, TX 77003",https://www.bing.com/th?id=OLC.XEk8zo2lDMm67A480x360&pid=Local,https://www.bing.com/maps?cp=29.748878479003906%7E-95.35820007324219&lvl=17.0&q=Mundae%20Cleaning%20%26%20Restoration%20-%20Downtown%20Houston%20%2C%202003%20Clay%20St%2C%20Houston%2C%20TX%2077003,29.748878479003906,-95.35820007324219,,,Fire & water damage restoration,Open 24 hours,https://mundae.com/cleaning-restoration-downtown-houston/,(713) 777-7700,"Info@mundae.com,f}{last}@mundae.com,jsmith@mundae.com,powerroofingtx@hotmail.com,info@mundae.com.au,last}@mundae.com","{""youtube"":""https://www.youtube.com/watch?v=thfx36e8w1m&t=3s"",""facebook"":""https://www.facebook.com/mundae-cleaning-services-202163103130172/"",""yelp"":""https://www.yelp.com/biz/mundae-cleaning-and-restoration-services-houston-8?utm_campaign=www_business_share_popup&utm_medium=copy_link&utm_source=(direct)""}",https://www.facebook.com/mundae-cleaning-services-202163103130172/,,
ypid:YN82134AB25EAD6AE8,Big Texas Comfort,"2437 Bay Area Blvd Ste 38, Houston, TX 77058",https://www.bing.com/th?id=OLC.wxHhv8BUuRzORg480x360&pid=Local,https://www.bing.com/maps?cp=29.57449722290039%7E-95.10961151123047&lvl=17.0&q=Big%20Texas%20Comfort%20%2C%202437%20Bay%20Area%20Blvd%20Ste%2038%2C%20Houston%2C%20TX%2077058,29.57449722290039,-95.10961151123047,,,HVAC services,Opens in 27 mins,https://www.bigtexascomfort.com/ac-repair-houston-tx/,(832) 400-3123,"callie.marsalisi@thisoldhouse.com,membership@gahcc.org,info@bigtextrailers.com,nyc@big.dk","{""facebook"":""https://www.facebook.com/bigtexascomfort/reviews/?ref=page_internal"",""yelp"":""https://www.yelp.com/biz/big-texas-comfort-houston"",""instagram"":""https://www.instagram.com/bigtexascomfort212/"",""pinterest"":""https://www.pinterest.com/bigtexascomfort212/"",""linkedin"":""https://www.linkedin.com/company/big-texas-comfort-inc./"",""youtube"":""https://www.youtube.com/channel/ucvlsnajqkgdxr-yxnhq8r3q/"",""twitter"":""https://x.com/bigtexascomfort""}",https://www.facebook.com/bigtexascomfort/reviews/?ref=page_internal,https://www.instagram.com/bigtexascomfort212/,https://x.com/bigtexascomfort
ypid:YN277CDF6DBE0E0F29,"Lucks Air & Heat, LLC","Private Address in Houston, TX",https://www.bing.com/th?id=OLC.Pt613LDZmkbLkA480x360&pid=Local,https://www.bing.com/maps?cp=29.946420669555664%7E-95.55035400390625&lvl=17.0&q=Lucks%20Air%20%26%20Heat%2C%20LLC%20%2C%20Private%20Address%20in%20Houston%2C%20TX,29.946420669555664,-95.55035400390625,,,HVAC services,Open 24 hours,http://www.lucksairandheat.com/,(832) 653-5807,info@lucksairandheat.com,,,,
ypid:YN9451C41182B8F0F6,SA Specialties Houston,"19408 Park Row Dr #400, Houston, TX 77084",https://www.bing.com/th?id=OLC.96IAIk6lTMzvig480x360&pid=Local,https://www.bing.com/maps?cp=29.792057037353516%7E-95.70921325683594&lvl=17.0&q=SA%20Specialties%20Houston%20%2C%2019408%20Park%20Row%20Dr%20%23400%2C%20Houston%2C%20TX%2077084,29.792057037353516,-95.70921325683594,,,HVAC services,Closed · Opens 08:00,http://www.saspecialties.com/,(281) 646-8500,Smith@saspecialties.com,"{""facebook"":""https://www.facebook.com/saspecialties/""}",https://www.facebook.com/saspecialties/,,
ypid:YN151B87A470CC4506,Ashford Air Heating and Air Conditioning,"Private Address in Oak Forest-Garden Oaks, TX",https://www.bing.com/th?id=OLC.M/dJMcYdUxTSfg480x360&pid=Local,https://www.bing.com/maps?cp=29.83607292175293%7E-95.46117401123047&lvl=17.0&q=Ashford%20Air%20Heating%20and%20Air%20Conditioning%20%2C%20Private%20Address%20in%20Oak%20Forest-Garden%20Oaks%2C%20TX,29.83607292175293,-95.46117401123047,,,HVAC services,Closed · Opens 08:00,http://ashfordair.com/,(281) 395-9700,scott@ashfordair.com,"{""facebook"":""https://www.facebook.com/wix"",""twitter"":""https://twitter.com/wix"",""linkedin"":""https://www.linkedin.com/company/wix-com""}",https://www.facebook.com/wix,,https://twitter.com/wix
ypid:YN22D5AB8848B6893,Comflow Mechanical Services,"6411 Lawford Ln, Houston, TX 77040",https://www.bing.com/th?id=OLC.Q6q8jjFM1JDEbg480x360&pid=Local,https://www.bing.com/maps?cp=29.859548568725586%7E-95.5320053100586&lvl=17.0&q=Comflow%20Mechanical%20Services%20%2C%206411%20Lawford%20Ln%2C%20Houston%2C%20TX%2077040,29.859548568725586,-95.5320053100586,,,HVAC services,Open 24 hours,http://www.comflowco.com/,(713) 686-3600,webtech4rindia.test@gmail.com,"{""facebook"":""https://www.facebook.com/comflowco/"",""linkedin"":""https://www.linkedin.com/company/comflow-mechanical-services/""}",https://www.facebook.com/comflowco/,,
ypid:YNA8BA1A84C7E7CA9B,L&S Mechanical,"5325 Hiltonview Rd, Houston, TX 77086",https://www.bing.com/th?id=OLC.1YjmTVTVkJ7xpg480x360&pid=Local,https://www.bing.com/maps?cp=29.93490982055664%7E-95.5030746459961&lvl=17.0&q=L%26S%20Mechanical%20%2C%205325%20Hiltonview%20Rd%2C%20Houston%2C%20TX%2077086,29.93490982055664,-95.5030746459961,1,Yelp (3),Contractor,Closed · Opens 08:00,http://www.lsmech.com/,(877) 577-5862,"generalinfo@lsmech.com,cmozjesik@lsmech.com,jstedman@lsmech.com,jcrumpler@lsmech.com,ebijowski@lsmech.com,spotter@lsmech.com,karbuckle@lsmech.com,jking@lsmech.com,wlandry@lsmech.com,proppolo@lsmech.com,jwaddle@lsmech.com,Smith@lsmech.com,Sanantonio@lsmech.com,cityregistration@lsmech.com,bsalazar120@yahoo.com,kadi@3cmechanical.com,kboone@lsmech.com","{""facebook"":""https://www.facebook.com/lsmechanical/"",""linkedin"":""https://www.linkedin.com/company/l&s-mechanical/"",""youtube"":""https://www.youtube.com/channel/ucbul19zwmdgh5gytsdwuqlg""}",https://www.facebook.com/lsmechanical/,,
ypid:YNA4B17E97B1F487A0,Bellaire Air Conditioning,"5414 Ashbrook Dr, Houston, TX 77081",https://www.bing.com/th?id=OLC.emzOhIT6ivZmCw480x360&pid=Local,https://www.bing.com/maps?cp=29.715097427368164%7E-95.47506713867188&lvl=17.0&q=Bellaire%20Air%20Conditioning%20%2C%205414%20Ashbrook%20Dr%2C%20Houston%2C%20TX%2077081,29.715097427368164,-95.47506713867188,3.5,Yelp (23),HVAC services,Open 24 hours,https://www.bellaireair.com/,(713) 428-2279,,"{""facebook"":""https://www.facebook.com/pages/bellaire-air-conditioning-heating/1531202963840520/"",""yelp"":""https://www.yelp.com/biz/bellaire-air-conditioning-and-heating-houston-3""}",https://www.facebook.com/pages/bellaire-air-conditioning-heating/1531202963840520/,,
ypid:YND2B2980AF5C8A7B7,"Craig W. Krueger Air Conditioning & Heating, LLC.","4151 Lamson Ave, Spring Hill, FL 34608",https://www.bing.com/th?id=OLC./313JtDaDNJJNQ480x360&pid=Local,https://www.bing.com/maps?cp=28.491546630859375%7E-82.54499053955078&lvl=17.0&q=Craig%20W.%20Krueger%20Air%20Conditioning%20%26%20Heating%2C%20LLC.%20%2C%204151%20Lamson%20Ave%2C%20Spring%20Hill%2C%20FL%2034608,28.491546630859375,-82.54499053955078,3.5,Yelp (29),HVAC services,Open 24 hours,https://www.cwkair.com/,(352) 221-9595,"dte@bwa.global,ngeneralinfo@cwkair.com,generalinfo@cwkair.com,last}@cwkair.com",,,,
ypid:YNBE314A40765E636B,"Bayonet Plumbing, Heating & Air Conditioning","8950 New York Ave, Hudson, FL 34667",https://www.bing.com/th?id=OLC.RSTOLkLgOTCseg480x360&pid=Local,https://www.bing.com/maps?cp=28.374719619750977%7E-82.66690063476562&lvl=17.0&q=Bayonet%20Plumbing%2C%20Heating%20%26%20Air%20Conditioning%20%2C%208950%20New%20York%20Ave%2C%20Hudson%2C%20FL%2034667,28.374719619750977,-82.66690063476562,2.5,Yelp (91),HVAC services,Open 24 hours,http://www.bayonet-inc.com/,(727) 863-5446,"help@saramin.co.kr,Francesca.puerto@bayonet-inc.com,jane@bayonet-inc.com,service@bayonet-inc.com,Jobs@bayonet-inc.com","{""twitter"":""https://x.com/bayonetair"",""youtube"":""https://www.youtube.com/feed/history?utm_source=pp"",""facebook"":""https://www.facebook.com/bayonetplumbingac"",""yelp"":""https://www.yelp.com/biz/bayonet-plumbing-heating-and-air-conditioning-hudson-2?start=10""}",https://www.facebook.com/bayonetplumbingac,,https://x.com/bayonetair
ypid:YNAEF766E007CC9FBA,Jim Rice A/C Services,"21 Morning Glory Ct, Homosassa, FL 34446",https://www.bing.com/th?id=OLC.q2bG/XlvCyfqNg480x360&pid=Local,https://www.bing.com/maps?cp=28.723907470703125%7E-82.53234100341797&lvl=17.0&q=Jim%20Rice%20A%2FC%20Services%20%2C%2021%20Morning%20Glory%20Ct%2C%20Homosassa%2C%20FL%2034446,28.723907470703125,-82.53234100341797,4,Yelp (5),HVAC services,Open · Closes 23:59,https://www.jimriceac.com/,(352) 442-7748,,"{""facebook"":""https://www.facebook.com/jimriceac/"",""yelp"":""https://www.iad1.yelp.com/biz/jim-rice-a-c-services-homosassa?osq=ac+repair&override_cta=get+pricing+%26+availability""}",https://www.facebook.com/jimriceac/,,
ypid:YNEB2DADDC770ECBF0,"Senica Air Conditioning, Inc.","16640 Shady Hills Rd, Spring Hill, FL 34610",https://www.bing.com/th?id=OLC.0Jn3r3yYbz1RUQ480x360&pid=Local,https://www.bing.com/maps?cp=28.399906158447266%7E-82.54986572265625&lvl=17.0&q=Senica%20Air%20Conditioning%2C%20Inc.%20%2C%2016640%20Shady%20Hills%20Rd%2C%20Spring%20Hill%2C%20FL%2034610,28.399906158447266,-82.54986572265625,3,Yelp (40),HVAC services,Open 24 hours,https://www.senicaair.com/,(866) 881-5935,"last@senicaair.com,lhill@senicaair.com,info@va-harvest.com,customerservice@senicaair.com","{""facebook"":""https://www.facebook.com/neil.thompson.33449/posts/7543048669092517"",""twitter"":""https://twitter.com/senicaair"",""yelp"":""https://www.yelp.com/biz/senica-air-conditioning-spring-hill-2""}",https://www.facebook.com/neil.thompson.33449/posts/7543048669092517,,https://twitter.com/senicaair
ypid:YNE146971514D50FD1,M&S Air Conditioning & Plumbing,"1806 Greenleaf Ln, Leesburg, FL 34748",https://www.bing.com/th?id=OLC.Zpt4erf6mw7AOg480x360&pid=Local,https://www.bing.com/maps?cp=28.836261749267578%7E-81.89958953857422&lvl=17.0&q=M%26S%20Air%20Conditioning%20%26%20Plumbing%20%2C%201806%20Greenleaf%20Ln%2C%20Leesburg%2C%20FL%2034748,28.836261749267578,-81.89958953857422,4,Yelp (29),HVAC services,Open 24 hours,https://www.msaccfl.com/,(352) 247-7715,contato@figueiraadv.com.br,"{""facebook"":""https://www.facebook.com/msaccfl/"",""youtube"":""https://www.youtube.com/feed/history?utm_source=pp""}",https://www.facebook.com/msaccfl/,,
ypid:YN6A0D8A53277D4092,"Sunstate Mechanical Contractors, Inc.","4220 W Pearl Ave, Tampa, FL 33611",https://www.bing.com/th?id=OLC.pHsxWpzgql7GwA480x360&pid=Local,https://www.bing.com/maps?cp=27.887371063232422%7E-82.51525115966797&lvl=17.0&q=Sunstate%20Mechanical%20Contractors%2C%20Inc.%20%2C%204220%20W%20Pearl%20Ave%2C%20Tampa%2C%20FL%2033611,27.887371063232422,-82.51525115966797,4,Yelp (6),HVAC services,Open · Closes 20:00,https://www.hvacrepairtampa.com/,(813) 657-8200,sunstatehvac@sunstatemech.com,"{""facebook"":""https://www.facebook.com/jenferrante/posts/10160255227984203"",""twitter"":""https://twitter.com/sunstatemech"",""yelp"":""https://www.yelp.com/biz/sunstate-mechanical-contractors-tampa"",""youtube"":""https://www.youtube.com/channel/ucf5yathepdyzkvjoi_ir3ug"",""pinterest"":""https://www.pinterest.com/sunstatemech/"",""linkedin"":""https://linkedin.com/company/sunstate-mechanical""}",https://www.facebook.com/jenferrante/posts/10160255227984203,,https://twitter.com/sunstatemech
ypid:YNDEF691D5CB5A4079,Integrity Air Solutions,"4279 NE 36th Ave, Ocala, FL 34479",https://www.bing.com/th?id=OLC.xXUuLoYgC4ShsA480x360&pid=Local,https://www.bing.com/maps?cp=29.231430053710938%7E-82.08651733398438&lvl=17.0&q=Integrity%20Air%20Solutions%20%2C%204279%20NE%2036th%20Ave%2C%20Ocala%2C%20FL%2034479,29.231430053710938,-82.08651733398438,4.5,Yelp (8),HVAC services,Open 24 hours,https://integrityairfl.com/,(352) 677-9039,service@integrityairfl.com,"{""facebook"":""https://www.facebook.com/integair"",""yelp"":""https://www.yelp.com/biz/integrity-air-solutions-ocala-2?override_cta=get+pricing+%26+availability"",""twitter"":""https://x.com/integrityair25""}",https://www.facebook.com/integair,,https://x.com/integrityair25
ypid:YN4B3616A59E33A412,Sun Air Services,"7304 Causeway Blvd, Tampa, FL 33619",https://www.bing.com/th?id=OLC.Rt47ybks5ueNAw480x360&pid=Local,https://www.bing.com/maps?cp=27.92314338684082%7E-82.37309265136719&lvl=17.0&q=Sun%20Air%20Services%20%2C%207304%20Causeway%20Blvd%2C%20Tampa%2C%20FL%2033619,27.92314338684082,-82.37309265136719,3.5,Yelp (6),HVAC services,Open 24 hours,https://www.sunairtampa.com/,(813) 684-9919,"Chayanut@snapa.co.th,Yada@snapa.co.th,info@sunairtampa.com","{""facebook"":""https://www.facebook.com/alysha.troha/posts/10218984019865901"",""youtube"":""https://www.youtube.com/channel/uc5a8dfgiu6ki5oirubvwghw/featured"",""yelp"":""https://www.yelp.com/biz/sun-air-services-tampa""}",https://www.facebook.com/alysha.troha/posts/10218984019865901,,
ypid:YNF91B4E4EA0F66C23,"John’s Services, LLC","1209 Tech Blvd #209, Tampa, FL 33619",https://www.bing.com/th?id=OLC.xHCdEhNM/EqCog480x360&pid=Local,https://www.bing.com/maps?cp=27.961841583251953%7E-82.33152770996094&lvl=17.0&q=John%E2%80%99s%20Services%2C%20LLC%20%2C%201209%20Tech%20Blvd%20%23209%2C%20Tampa%2C%20FL%2033619,27.961841583251953,-82.33152770996094,3.5,Yelp (10),HVAC services,Opens in 19 mins,https://www.johnsair.com/,(813) 535-5364,"iwantairnow@gmail.com,atendimento.atacado@veste.com","{""facebook"":""https://www.facebook.com/1coolbear/"",""instagram"":""https://www.instagram.com/johnsairconditioning/"",""linkedin"":""https://www.linkedin.com/company/john-s-air-conditioning-heating/"",""twitter"":""https://x.com/johnsacheating""}",https://www.facebook.com/1coolbear/,https://www.instagram.com/johnsairconditioning/,https://x.com/johnsacheating
ypid:YN7D05A712D3F2D0C2,"Sun Kool Air Conditioning, Inc.","530 NE 14th St, Ocala, FL 34470",https://www.bing.com/th?id=OLC.QVDrjPhZueBApQ480x360&pid=Local,https://www.bing.com/maps?cp=29.199951171875%7E-82.13206481933594&lvl=17.0&q=Sun%20Kool%20Air%20Conditioning%2C%20Inc.%20%2C%20530%20NE%2014th%20St%2C%20Ocala%2C%20FL%2034470,29.199951171875,-82.13206481933594,2.5,Yelp (52),HVAC services,Open 24 hours,https://sunkoolac.com/,(352) 330-1067,"Dgennaro@sunkoolac.com,jestes@sunkoolac.com,permit@sunkoolac.com,jim@theteddercompany.com","{""facebook"":""https://www.facebook.com/sunkoolaircond"",""instagram"":""https://www.instagram.com/sunkool.ac/"",""yelp"":""https://www.yelp.com/biz/sun-kool-air-conditioning-wildwood-2"",""youtube"":""https://www.youtube.com/c/sunkoolairconditioningincwildwood"",""linkedin"":""https://www.linkedin.com/company/sunkoolac""}",https://www.facebook.com/sunkoolaircond,https://www.instagram.com/sunkool.ac/,
ypid:YNAB211C50F60AEBCC,Hilliard's Air Conditioning & Heating Inc,"1010 SW 33rd Ave, Ocala, FL 34474",https://www.bing.com/th?id=OLC.TATguX3Wf8+8nQ480x360&pid=Local,https://www.bing.com/maps?cp=29.177492141723633%7E-82.17768096923828&lvl=17.0&q=Hilliard's%20Air%20Conditioning%20%26%20Heating%20Inc%20%2C%201010%20SW%2033rd%20Ave%2C%20Ocala%2C%20FL%2034474,29.177492141723633,-82.17768096923828,3.5,Yelp (14),HVAC services,Opens in 19 mins,http://www.hilliardsairandheat.com/,(352) 622-9390,,,,,
ypid:YN9E182DD939B536E2,Sunshine Air Conditioning,"12550 US-441 S, Belleview, FL 34420",https://www.bing.com/th?id=OLC.synNeZ43pViCXw480x360&pid=Local,https://www.bing.com/maps?cp=29.03983497619629%7E-82.03052520751953&lvl=17.0&q=Sunshine%20Air%20Conditioning%20%2C%2012550%20US-441%20S%2C%20Belleview%2C%20FL%2034420,29.03983497619629,-82.03052520751953,3.5,Yelp (22),HVAC services,Open 24 hours,https://sunshineac.com/,(352) 251-3321,info.tranethailand@trane.com,"{""facebook"":""https://www.facebook.com/sunshineac""}",https://www.facebook.com/sunshineac,,
ypid:YNC43031976ADF27CC,Ability Air & Heat Llc.,"1130 Cleveland St Ste 290, Clearwater, FL 33755",https://www.bing.com/th?id=OLC.LI8dO/g6dY955Q480x360&pid=Local,https://www.bing.com/maps?cp=27.965917587280273%7E-82.79019927978516&lvl=17.0&q=Ability%20Air%20%26%20Heat%20Llc.%20%2C%201130%20Cleveland%20St%20Ste%20290%2C%20Clearwater%2C%20FL%2033755,27.965917587280273,-82.79019927978516,4.5,Yelp (27),HVAC services,Opens in 19 mins,https://www.abilityman.com/,(727) 341-9007,,"{""facebook"":""https://www.facebook.com/abilityair"",""twitter"":""https://twitter.com/abilityman_john"",""instagram"":""https://www.instagram.com/abilityair/"",""yelp"":""https://www.yelp.com/biz/ability-air-and-heat-clearwater""}",https://www.facebook.com/abilityair,https://www.instagram.com/abilityair/,https://twitter.com/abilityman_john
ypid:YN760933A443251AE2,"Arctic Air Systems, Inc.","8585 115th Ave, Largo, FL 33773",https://www.bing.com/th?id=OLC.L7oBkcLcyYTawg480x360&pid=Local,https://www.bing.com/maps?cp=27.87877655029297%7E-82.75802612304688&lvl=17.0&q=Arctic%20Air%20Systems%2C%20Inc.%20%2C%208585%20115th%20Ave%2C%20Largo%2C%20FL%2033773,27.87877655029297,-82.75802612304688,3,Yelp (27),HVAC services,Open · Closes 20:00,https://www.arcticairsystems.com/,(727) 877-3396,"johnsplaces760@gmail.com,Service.Desk@AtlasAir.com","{""facebook"":""https://www.facebook.com/arcticairsystems"",""instagram"":""https://www.instagram.com/arcticairsystems/"",""youtube"":""https://www.youtube.com/@arcticairsystemsinc""}",https://www.facebook.com/arcticairsystems,https://www.instagram.com/arcticairsystems/,
ypid:YNFA6D3B5364E07520,Payne Air Conditioning & Heating,"1048 E Oleander St, Lakeland, FL 33801",https://www.bing.com/th?id=OLC.t5/FfQrGDEKAbQ480x360&pid=Local,https://www.bing.com/maps?cp=28.047008514404297%7E-81.94341278076172&lvl=17.0&q=Payne%20Air%20Conditioning%20%26%20Heating%20%2C%201048%20E%20Oleander%20St%2C%20Lakeland%2C%20FL%2033801,28.047008514404297,-81.94341278076172,3,Yelp (16),HVAC services,Opens in 19 mins,https://payneair.com/,(863) 282-7984,jdoe@payneair.com,"{""facebook"":""https://www.facebook.com/payneair"",""twitter"":""https://twitter.com/payne76111205""}",https://www.facebook.com/payneair,,https://twitter.com/payne76111205
ypid:YN16E8A0F2780AC4FF,"Lee's Air, Plumbing, & Heating","5456 W Mission Ave, Fresno, CA 93722",https://www.bing.com/th?id=OLC.EWgZTb0UvZePyQ480x360&pid=Local,https://www.bing.com/maps?cp=36.8134765625%7E-119.88848114013672&lvl=17.0&q=Lee's%20Air%2C%20Plumbing%2C%20%26%20Heating%20%2C%205456%20W%20Mission%20Ave%2C%20Fresno%2C%20CA%2093722,36.8134765625,-119.88848114013672,3.5,Yelp (420),HVAC services,Open 24 hours,https://leesair.com/,(559) 423-0101,"jeffstamps@leesair.com,Dispatch@leesair.com","{""facebook"":""https://www.facebook.com/159693697404756/"",""twitter"":""https://twitter.com/lees_air"",""instagram"":""http://www.instagram.com/leesairfresno"",""linkedin"":""https://linkedin.com/company/lee's-air-conditioning-heating-&-building-performance"",""pinterest"":""https://www.pinterest.com/leesairheatingplumbing/"",""youtube"":""https://www.youtube.com/watch"",""yelp"":""https://www.yelp.com/biz/lees-air-plumbing-and-heating-visalia-2""}",https://www.facebook.com/159693697404756/,http://www.instagram.com/leesairfresno,https://twitter.com/lees_air
ypid:YN9CCFBD69EECC20E6,Brower Mechanical,"4060 Alvis Ct, Rocklin, CA 95677",https://www.bing.com/th?id=OLC.XLURPOuS/qQPKw480x360&pid=Local,https://www.bing.com/maps?cp=38.8087272644043%7E-121.21517181396484&lvl=17.0&q=Brower%20Mechanical%20%2C%204060%20Alvis%20Ct%2C%20Rocklin%2C%20CA%2095677,38.8087272644043,-121.21517181396484,4.5,Yelp (239),HVAC services,Open 24 hours,http://www.browermechanical.com/,(916) 624-0808,"info@browermechanical.com,jane_doe@browermechanical.com,employment@browermechanical.com","{""facebook"":""https://www.facebook.com/scorpion.co/"",""linkedin"":""https://www.linkedin.com/company/scorpion"",""youtube"":""https://www.youtube.com/@scorpiondesign"",""twitter"":""https://x.com/scorpiondotco"",""instagram"":""https://www.instagram.com/scorpion.co""}",https://www.facebook.com/scorpion.co/,https://www.instagram.com/scorpion.co,https://x.com/scorpiondotco
ypid:YNFD0B77453F4F8328,"Premium Heating and Air Conditioning, Inc.","1017 L St #402, Sacramento, CA 95814",https://www.bing.com/th?id=OLC.g8D4gSGAcimBaQ480x360&pid=Local,https://www.bing.com/maps?cp=38.57798767089844%7E-121.49348449707031&lvl=17.0&q=Premium%20Heating%20and%20Air%20Conditioning%2C%20Inc.%20%2C%201017%20L%20St%20%23402%2C%20Sacramento%2C%20CA%2095814,38.57798767089844,-121.49348449707031,4.5,Yelp (72),HVAC services,Closed · Opens 07:00,https://www.premiumairconditioningandheating.com/,(916) 944-8829,"info@premiair.org,bob@premiumheatingandair.com","{""facebook"":""https://www.facebook.com/premiumheatingandairconditioning"",""yelp"":""https://www.yelp.com/biz/premium-heating-and-air-conditioning-sacramento-5?adjust_creative=microsoft&utm_campaign=yelp_feed&utm_medium=feed_v2&utm_source=microsoft""}",https://www.facebook.com/premiumheatingandairconditioning,,
ypid:YN7789C5822070BA83,Fairview Heating & Air Conditioning Inc.,"100 Brownstone Rd, Oakley, CA 94561",https://www.bing.com/th?id=OLC.s5r/lBb+OoTVQw480x360&pid=Local,https://www.bing.com/maps?cp=37.97185516357422%7E-121.69746398925781&lvl=17.0&q=Fairview%20Heating%20%26%20Air%20Conditioning%20Inc.%20%2C%20100%20Brownstone%20Rd%2C%20Oakley%2C%20CA%2094561,37.97185516357422,-121.69746398925781,4,Yelp (143),HVAC services,Closed · Opens 08:00,https://www.fairviewair.com/,(925) 625-4963,"michellea@acostamfg.com,robertc@fairviewair.com","{""facebook"":""https://www.facebook.com/fairviewair/videos/our-drawing-for-prizes/2313595072197760/"",""youtube"":""https://www.youtube.com/watch?v=f64unkon0dg"",""yelp"":""https://www.yelp.com/biz/fairview-heating-and-air-conditioning-oakley-3#:~:text=fairview heating & air conditioning, 100 brownstone rd,""}",https://www.facebook.com/fairviewair/videos/our-drawing-for-prizes/2313595072197760/,,
ypid:YN82F991A404FBD30B,"Clarke & Rush Mechanical - HVAC, Plumbing & Windows","4411 Auburn Blvd, Sacramento, CA 95841",https://www.bing.com/th?id=OLC.MeTQBirkpj4BBw480x360&pid=Local,https://www.bing.com/maps?cp=38.64693069458008%7E-121.36215209960938&lvl=17.0&q=Clarke%20%26%20Rush%20Mechanical%20-%20HVAC%2C%20Plumbing%20%26%20Windows%20%2C%204411%20Auburn%20Blvd%2C%20Sacramento%2C%20CA%2095841,38.64693069458008,-121.36215209960938,4,Yelp (417),HVAC services,Open 24 hours,https://clarke-rush.com/,(916) 609-2665,"Smith@clarke-rush.com,customerservice@clarke-rush.com,comfortconsultant@clarke-rush.com,comfortconsaultant@clarke-rush.com,miller@clarke-rush.com,GoNano@Clarke-Rush.com","{""facebook"":""https://www.facebook.com/clarke.and.rush"",""twitter"":""https://x.com/clarkerushhvac"",""yelp"":""https://www.yelp.com/biz/clarke-and-rush-mechanical-sacramento-4"",""linkedin"":""https://www.linkedin.com/company/clarkeandrushmechanical"",""youtube"":""https://www.youtube.com/@clarkeandrush"",""instagram"":""https://www.instagram.com/clarkeandrushhvac/""}",https://www.facebook.com/clarke.and.rush,https://www.instagram.com/clarkeandrushhvac/,https://x.com/clarkerushhvac
ypid:YN31DAC9BD07499D56,Environmental Heating and Air Solutions,"8417 Washington Blvd Ste 170, Roseville, CA 95678",https://www.bing.com/th?id=OLC.vdavqkBNNroIoQ480x360&pid=Local,https://www.bing.com/maps?cp=38.78315353393555%7E-121.3049545288086&lvl=17.0&q=Environmental%20Heating%20and%20Air%20Solutions%20%2C%208417%20Washington%20Blvd%20Ste%20170%2C%20Roseville%2C%20CA%2095678,38.78315353393555,-121.3049545288086,4,Yelp (294),HVAC services,Closed · Opens 08:00,http://www.ehasolutions.com/,(916) 780-4328,dataprotection@entelgy.com,"{""facebook"":""https://www.facebook.com/ehasolutions"",""youtube"":""https://www.youtube.com/channel/uci98hxxfx_tq-g5gzyidtcw/featured"",""instagram"":""https://www.instagram.com/ehasolutions/"",""yelp"":""https://www.yelp.com/biz/environmental-heating-and-air-solutions-benicia""}",https://www.facebook.com/ehasolutions,https://www.instagram.com/ehasolutions/,
ypid:YN85F917572974E86,Hometown Heating and Air Conditioning,"4075 Nelson Ave, Concord, CA 94520",https://www.bing.com/th?id=OLC.x7bJKqd1pXuOmA480x360&pid=Local,https://www.bing.com/maps?cp=38.01016616821289%7E-122.04528045654297&lvl=17.0&q=Hometown%20Heating%20and%20Air%20Conditioning%20%2C%204075%20Nelson%20Ave%2C%20Concord%2C%20CA%2094520,38.01016616821289,-122.04528045654297,4,Yelp (448),Home service,Open 24 hours,http://www.hometownheatingandair.com/,(925) 933-9333,contact@kashmirart.com,"{""yelp"":""https://www.yelp.com/biz/hometown-heating-and-air-conditioning-concord-6?adjust_creative=microsoft&utm_campaign=yelp_feed&utm_medium=feed_v2&utm_source=microsoft"",""facebook"":""https://www.facebook.com/localacpro/"",""youtube"":""https://www.youtube.com/feed/history?utm_source=pp""}",https://www.facebook.com/localacpro/,,
ypid:YN11297B15816484D1,"Advanced Plumbing, Heating and Air","902 Davis St, Vacaville, CA 95687",https://www.bing.com/th?id=OLC.xGymCQh+ZYo6FA480x360&pid=Local,https://www.bing.com/maps?cp=38.34697341918945%7E-121.98668670654297&lvl=17.0&q=Advanced%20Plumbing%2C%20Heating%20and%20Air%20%2C%20902%20Davis%20St%2C%20Vacaville%2C%20CA%2095687,38.34697341918945,-121.98668670654297,4.5,Yelp (399),HVAC services,Closed · Opens 07:00,https://advancedphvac.com/services/ac-repair/,(707) 207-8451,"service@solanoplumber.com,service@advancedphvac.com","{""yelp"":""https://www.yelp.com/biz/adva…ab27206f6333d2da832f"",""facebook"":""https://www.facebook.com/advphvac/"",""instagram"":""https://www.instagram.com/advancedphvac/"",""youtube"":""https://www.youtube.com/@advancedplumbingacfurnace"",""tiktok"":""https://www.tiktok.com/@advanced.plumbing5""}",https://www.facebook.com/advphvac/,https://www.instagram.com/advancedphvac/,
ypid:YN24BF042E51585F22,Air Care Heating & Cooling Inc.,"1577 Almaden Rd, San Jose, CA 95125",https://www.bing.com/th?id=OLC.YkDBSzSNyfT3fQ480x360&pid=Local,https://www.bing.com/maps?cp=37.30850601196289%7E-121.87916564941406&lvl=17.0&q=Air%20Care%20Heating%20%26%20Cooling%20Inc.%20%2C%201577%20Almaden%20Rd%2C%20San%20Jose%2C%20CA%2095125,37.30850601196289,-121.87916564941406,5,Yelp (230),HVAC services,Open 24 hours,https://www.aircareheatandcool.com/,(408) 463-6957,"sales@coolzone-ac.com,info@hvac-aircare.com","{""yelp"":""https://www.yelp.com/biz/air-care-heating-and-cooling-san-jose?start=40"",""youtube"":""https://www.youtube.com/channel/ucbsgbvjrtbjbz8pr29i3ppw"",""facebook"":""https://www.facebook.com/profile.php?id=61574481159546"",""instagram"":""https://www.instagram.com/aircareheatandcool""}",https://www.facebook.com/profile.php?id=61574481159546,https://www.instagram.com/aircareheatandcool,
ypid:YNC8195E3117B844BA,"Fuse HVAC, Refrigeration, Electrical & Plumbing","2222 Ronald St, Santa Clara, CA 95050",https://www.bing.com/th?id=OLC.QTefLMFalzjoog480x360&pid=Local,https://www.bing.com/maps?cp=37.36211395263672%7E-121.95243835449219&lvl=17.0&q=Fuse%20HVAC%2C%20Refrigeration%2C%20Electrical%20%26%20Plumbing%20%2C%202222%20Ronald%20St%2C%20Santa%20Clara%2C%20CA%2095050,37.36211395263672,-121.95243835449219,5,Yelp (1462),HVAC services,Open 24 hours,http://fuseservice.com/,(669) 240-1249,support@fuseservice.com,"{""yelp"":""http://yelp.com/biz/fuse-hvac-san-jose-4"",""facebook"":""https://www.facebook.com/fusehvacelectrical"",""instagram"":""https://www.instagram.com/fuseservice/"",""youtube"":""https://www.youtube.com/watch?v=kg0v02pssxs&autoplay=1&rel=0&showinfo=0""}",https://www.facebook.com/fusehvacelectrical,https://www.instagram.com/fuseservice/,
ypid:YN213B49D6EED9F54,Design Air Heating and Air Conditioning,"645 Main St, Morro Bay, CA 93442",https://www.bing.com/th?id=OLC.WXZQ+lS+WvGwPw480x360&pid=Local,https://www.bing.com/maps?cp=35.36441421508789%7E-120.8501968383789&lvl=17.0&q=Design%20Air%20Heating%20and%20Air%20Conditioning%20%2C%20645%20Main%20St%2C%20Morro%20Bay%2C%20CA%2093442,35.36441421508789,-120.8501968383789,5,Angi (60),HVAC services,Closed · Opens 07:30,http://www.designairmorrobay.com/,(805) 225-1911,,,,,
ypid:YNDB490C7989F112F3,Brody Pennell Heating & Air Conditioning,"8599 Venice Blvd, Los Angeles, CA 90034",https://www.bing.com/th?id=OLC.ee5G45dl11AZ3g480x360&pid=Local,https://www.bing.com/maps?cp=34.0344352722168%7E-118.38015747070312&lvl=17.0&q=Brody%20Pennell%20Heating%20%26%20Air%20Conditioning%20%2C%208599%20Venice%20Blvd%2C%20Los%20Angeles%2C%20CA%2090034,34.0344352722168,-118.38015747070312,4,Yelp (527),HVAC services,Open 24 hours,http://brodypennell.com/,(310) 896-4911,"max.peterson@thisoldhouse.com,customercare@brodypennell.com,customerservice@brodypennell.com","{""facebook"":""https://www.facebook.com/brodypennell"",""instagram"":""https://www.instagram.com/brodypennell/"",""youtube"":""https://www.youtube.com/c/brodypennelllosangeles"",""linkedin"":""https://www.linkedin.com/company/brody-pennell-hvac/""}",https://www.facebook.com/brodypennell,https://www.instagram.com/brodypennell/,
ypid:YN873FCC58F2FB9F86,"Mission Critical Comfort Solutions, LLC","817 GA-247 #4, Kathleen, GA 31047",https://www.bing.com/th?id=OLC.yTZ0DeWKIokzag480x360&pid=Local,https://www.bing.com/maps?cp=32.52914047241211%7E-83.59319305419922&lvl=17.0&q=Mission%20Critical%20Comfort%20Solutions%2C%20LLC%20%2C%20817%20GA-247%20%234%2C%20Kathleen%2C%20GA%2031047,32.52914047241211,-83.59319305419922,1,Yelp (1),HVAC services,Open · Closes 19:00,https://www.mccshvac.com/,(478) 960-5825,,"{""facebook"":""https://www.facebook.com/cheryl.walker.7165/posts/9324452857581602"",""twitter"":""https://twitter.com/missionhvacga"",""linkedin"":""https://www.linkedin.com/company/mccshvac/"",""youtube"":""https://www.youtube.com/channel/uccn695tfpflttfaf8knopoq"",""yelp"":""https://www.yelp.com/biz/mission-critical-comfort-solutions-kathleen""}",https://www.facebook.com/cheryl.walker.7165/posts/9324452857581602,,https://twitter.com/missionhvacga
ypid:YN476710894C71EE8B,"Conditioned Air, Inc.","241 South St, Macon, GA 31206",https://www.bing.com/th?id=OLC.ykVRTHVajvX/VQ480x360&pid=Local,https://www.bing.com/maps?cp=32.81281280517578%7E-83.62997436523438&lvl=17.0&q=Conditioned%20Air%2C%20Inc.%20%2C%20241%20South%20St%2C%20Macon%2C%20GA%2031206,32.81281280517578,-83.62997436523438,5,Yelp (1),HVAC services,Open 24 hours,https://www.conditionedairinc.com/,(478) 787-6094,,"{""twitter"":""https://twitter.com/conditioned_air"",""facebook"":""https://www.facebook.com/conditionedairinc""}",https://www.facebook.com/conditionedairinc,,https://twitter.com/conditioned_air
ypid:YNA072597678441B7F,"Greene & Associates, Inc.","2670 Roff Ave, Macon, GA 31204",https://www.bing.com/th?id=OLC.qZ+gvQMRBb1vfg480x360&pid=Local,https://www.bing.com/maps?cp=32.84196090698242%7E-83.66397094726562&lvl=17.0&q=Greene%20%26%20Associates%2C%20Inc.%20%2C%202670%20Roff%20Ave%2C%20Macon%2C%20GA%2031204,32.84196090698242,-83.66397094726562,,,Contractor,Open · Closes 04:30,https://www.greeneandassociatesinc.com/,(478) 743-9383,"cgreene@g-ainc.com,Rsmith@g-ainc.com,jburkhalter@g-ainc.com,jcarlson@g-ainc.com,lmartin@g-ainc.com,scrum@g-ainc.com,cgreene@greeneandassociatesinc.com","{""linkedin"":""https://www.linkedin.com/company/greene-associates-inc""}",,,
ypid:YN79FDC28C09FEA0A,Atlanta Heating and Air Conditioning,"Private Address in , Georgia",,https://www.bing.com/maps?cp=32.678524017333984%7E-83.19406127929688&lvl=17.0&q=Atlanta%20Heating%20and%20Air%20Conditioning%20%2C%20Private%20Address%20in%20%2C%20Georgia,32.678524017333984,-83.19406127929688,,,HVAC services,,https://atlantaheatingandairconditioning.com/,(404) 942-9779,,,,,
ypid:YNF24123ABC5CB36D9,Moncrief Heating & Air Conditioning,"935 Chattahoochee Ave NW, Atlanta, GA 30318",https://www.bing.com/th?id=OLC.GrvAoL5ca5dlSA480x360&pid=Local,https://www.bing.com/maps?cp=33.800106048583984%7E-84.41847229003906&lvl=17.0&q=Moncrief%20Heating%20%26%20Air%20Conditioning%20%2C%20935%20Chattahoochee%20Ave%20NW%2C%20Atlanta%2C%20GA%2030318,33.800106048583984,-84.41847229003906,3,Yelp (105),HVAC services,Open 24 hours,https://www.moncriefair.com/,(470) 964-5141,"copyright@acehardware.com,jane@morrisonagency.com,kbriggs@moncriefair.com,chris@bluechipair.com,copyrightahhs@acehomeservicescorp.com,csr.mon@acehomeservicescorp.com","{""youtube"":""https://www.youtube.com/channel/ucapivkan8fn0nycjl0q9tyg/videos"",""facebook"":""https://www.facebook.com/110930854718010/"",""twitter"":""https://twitter.com/moncriefair"",""linkedin"":""https://www.linkedin.com/company/moncrief-heating-&-air-conditioning-inc-"",""instagram"":""https://www.instagram.com/moncriefair""}",https://www.facebook.com/110930854718010/,https://www.instagram.com/moncriefair,https://twitter.com/moncriefair
ypid:YN77E363CD8099D19C,Georgia Home Heating & Air,"10214 Hickory Flat Hwy, Woodstock, GA 30188",https://www.bing.com/th?id=OLC.xJoB+7PaLXjngg480x360&pid=Local,https://www.bing.com/maps?cp=34.12571716308594%7E-84.39373779296875&lvl=17.0&q=Georgia%20Home%20Heating%20%26%20Air%20%2C%2010214%20Hickory%20Flat%20Hwy%2C%20Woodstock%2C%20GA%2030188,34.12571716308594,-84.39373779296875,,,HVAC services,Open · Closes 23:00,https://georgiahomeac.com/,(404) 661-8529,georgiahome@georgiahomeac.com,"{""facebook"":""https://www.facebook.com/georgiahomeac"",""instagram"":""https://www.instagram.com/georgiahomeac/""}",https://www.facebook.com/georgiahomeac,https://www.instagram.com/georgiahomeac/,
ypid:YN4DD4678CDCA5D9C5,Wade Heating & Air Conditioning,"2935 Line St, Austell, GA 30106",https://www.bing.com/th?id=OLC.JpSj4hMCpF+Cbg480x360&pid=Local,https://www.bing.com/maps?cp=33.80474090576172%7E-84.63953399658203&lvl=17.0&q=Wade%20Heating%20%26%20Air%20Conditioning%20%2C%202935%20Line%20St%2C%20Austell%2C%20GA%2030106,33.80474090576172,-84.63953399658203,4,Yelp (8),HVAC services,Open · Closes 17:00,https://www.wadeheatingandair.com/,(770) 941-8598,,"{""linkedin"":""https://br.linkedin.com/company/heatingcool""}",,,
ypid:YN8EE49E0082F6B223,Hays Service,"4312 Interstate Dr, Macon, GA 31210",https://www.bing.com/th?id=OLC./xip59d8jd3pig480x360&pid=Local,https://www.bing.com/maps?cp=32.827091217041016%7E-83.7287826538086&lvl=17.0&q=Hays%20Service%20%2C%204312%20Interstate%20Dr%2C%20Macon%2C%20GA%2031210,32.827091217041016,-83.7287826538086,,,Contractor,Open 24 hours,http://www.haysservice.com/,(478) 475-4118,"info@haysservice.com,alyssa@haysservice.com,hey@mandr-group.com,plasticfreefuture@zomato.com","{""facebook"":""https://www.facebook.com/haysservice"",""linkedin"":""https://www.linkedin.com/company/hays-service/"",""yelp"":""https://www.yelp.com/biz/hays-service-macon""}",https://www.facebook.com/haysservice,,
ypid:YN75CBC6F5F348C8E5,Carter and Sons HVAC,"1701 McCoba Dr SE, Smyrna, GA 30080",https://www.bing.com/th?id=OLC.0aiSn8brtvGqyA480x360&pid=Local,https://www.bing.com/maps?cp=33.890357971191406%7E-84.50414276123047&lvl=17.0&q=Carter%20and%20Sons%20HVAC%20%2C%201701%20McCoba%20Dr%20SE%2C%20Smyrna%2C%20GA%2030080,33.890357971191406,-84.50414276123047,4.5,Yelp (31),HVAC services,Open 24 hours,https://carterandsonshvac.com/,(770) 434-4095,sales@raptorsupplies.com.sg,"{""facebook"":""https://www.facebook.com/pg/carterandsonshvac/reviews/"",""yelp"":""https://www.yelp.com/biz/carter-and-sons-hvac-smyrna""}",https://www.facebook.com/pg/carterandsonshvac/reviews/,,
ypid:YN6330AA930B051C2D,Arcadia HVAC,"3288 Duluth Hwy, Duluth, GA 30096",https://www.bing.com/th?id=OLC.opABE28lSpwGVA480x360&pid=Local,https://www.bing.com/maps?cp=33.99754333496094%7E-84.1376724243164&lvl=17.0&q=Arcadia%20HVAC%20%2C%203288%20Duluth%20Hwy%2C%20Duluth%2C%20GA%2030096,33.99754333496094,-84.1376724243164,5,Yelp (7),HVAC services,Open · Closes 17:00,https://www.arcadiahvac.com/,(678) 990-6597,eloracollective@gmail.com,"{""yelp"":""https://www.yelp.com/biz/arcadia-hvac-duluth?adjust_creative=microsoft&utm_campaign=yelp_feed&utm_medium=feed_v2&utm_source=microsoft""}",,,
ypid:YN8AED22C9CE4A9C74,Deal's Heating & Air,"108 Pamela Wy, Statesboro, GA 30461",https://www.bing.com/th?id=OLC.dKs89U0GaNSUFw480x360&pid=Local,https://www.bing.com/maps?cp=32.470298767089844%7E-81.76081085205078&lvl=17.0&q=Deal's%20Heating%20%26%20Air%20%2C%20108%20Pamela%20Wy%2C%20Statesboro%2C%20GA%2030461,32.470298767089844,-81.76081085205078,4,Yelp (5),Home service,Open 24 hours,http://www.dealsha.com/,(912) 226-1351,,,,,
ypid:YN1677D4969EB10914,"Georgia Mechanical, Inc.","4189 Capital View Dr, Suwanee, GA 30024",https://www.bing.com/th?id=OLC.1p9VNvasicr26Q480x360&pid=Local,https://www.bing.com/maps?cp=34.065120697021484%7E-84.06222534179688&lvl=17.0&q=Georgia%20Mechanical%2C%20Inc.%20%2C%204189%20Capital%20View%20Dr%2C%20Suwanee%2C%20GA%2030024,34.065120697021484,-84.06222534179688,,,HVAC services,Open 24 hours,http://www.georgiamechanical.com/,(770) 954-7827,"gamecanicaltda@gmail.com,jbowlin@georgiamechanical.com,lc@5-sm.com","{""facebook"":""https://www.facebook.com/donna.cooper.775/posts/1942330672568860"",""linkedin"":""https://www.linkedin.com/company/georgia-mechanical-inc/"",""yelp"":""https://www.yelp.com/biz/georgia-mechanical-suwanee""}",https://www.facebook.com/donna.cooper.775/posts/1942330672568860,,
ypid:YN3287C3D87CB30596,"Reliable Heating & Air, Plumbing and Electrical - Grayson","410 Grayson Pkwy, Grayson, GA 30017",https://www.bing.com/th?id=OLC.Xkzs3wAN7r7/AA480x360&pid=Local,https://www.bing.com/maps?cp=33.893951416015625%7E-83.95587921142578&lvl=17.0&q=Reliable%20Heating%20%26%20Air%2C%20Plumbing%20and%20Electrical%20-%20Grayson%20%2C%20410%20Grayson%20Pkwy%2C%20Grayson%2C%20GA%2030017,33.893951416015625,-83.95587921142578,1.5,Yelp (23),HVAC services,Open 24 hours,https://reliableair.com/,(770) 594-9379,"info@reliableair.com,janedoe@reliableair.com,jdoe@reliableair.com,jane.doe@reliableair.com,marketing@reliableair.com,info@eyesmag.com","{""facebook"":""https://www.facebook.com/reliableair"",""twitter"":""https://twitter.com/reliableair"",""youtube"":""https://www.youtube.com/watch?v=y_dtugzybaa"",""linkedin"":""https://br.linkedin.com/company/heatingcool"",""instagram"":""https://www.instagram.com/reliableheatingandair/"",""yelp"":""https://www.yelp.com/biz/reliable-heating-and-air-plumbing-and-electrical-kennesaw"",""tiktok"":""https://www.tiktok.com/@reliableair""}",https://www.facebook.com/reliableair,https://www.instagram.com/reliableheatingandair/,https://twitter.com/reliableair
ypid:YN169B3AB9625D8B3,America's Heating and Air Conditioning Services,"434 Briarwood Rd, Winder, GA 30680",https://www.bing.com/th?id=OLC.5mpaO84lipJ4bQ480x360&pid=Local,https://www.bing.com/maps?cp=34.013877868652344%7E-83.77194213867188&lvl=17.0&q=America's%20Heating%20and%20Air%20Conditioning%20Services%20%2C%20434%20Briarwood%20Rd%2C%20Winder%2C%20GA%2030680,34.013877868652344,-83.77194213867188,5,Yelp (1),HVAC services,Open · Closes 20:00,http://www.americasair.com/,(678) 863-0869,,,,,
ypid:YN5CB900C26F998E62,Comfort First Heating and Cooling,"7001 Lark Ln, Sanford, NC 27332",https://www.bing.com/th?id=OLC.cgbRYcl1rzIdNA480x360&pid=Local,https://www.bing.com/maps?cp=35.401023864746094%7E-79.23218536376953&lvl=17.0&q=Comfort%20First%20Heating%20and%20Cooling%20%2C%207001%20Lark%20Ln%2C%20Sanford%2C%20NC%2027332,35.401023864746094,-79.23218536376953,2,Yelp (85),HVAC services,Open 24 hours,https://yourcomfortfirst.com/,(919) 897-5895,"jane@yourcomfortfirst.com,rgcarroll@yourcomfortfirst.com,www.mail-archive.com/dev@tomcat.apache.org,profiles@birdeye.com,INSTALLADMIN@YOURCOMFORTFIRST.COM","{""facebook"":""https://www.facebook.com/yourcomfortfirst/"",""twitter"":""https://twitter.com/comfortfirstnc"",""youtube"":""https://www.youtube.com/channel/ucdznphtroaafvhpg2gmqoeg"",""instagram"":""https://www.instagram.com/comfort1stnc"",""yelp"":""https://www.yelp.com/biz/comfort-first-heating-and-cooling-sanford?start=20""}",https://www.facebook.com/yourcomfortfirst/,https://www.instagram.com/comfort1stnc,https://twitter.com/comfortfirstnc
ypid:YN72BC6FBC77EBB2E,TIER 1 Heating and Air,"3459 US-1 N Bus, Vass, NC 28394",https://www.bing.com/th?id=OLC.kdfjkC3kSlENKQ480x360&pid=Local,https://www.bing.com/maps?cp=35.25640869140625%7E-79.28296661376953&lvl=17.0&q=TIER%201%20Heating%20and%20Air%20%2C%203459%20US-1%20N%20Bus%2C%20Vass%2C%20NC%2028394,35.25640869140625,-79.28296661376953,2,Yelp (5),HVAC services,Open · Closes 16:30,https://www.tier1-hvac.com/,(910) 556-1444,service@tier1-hvac.com,"{""yelp"":""https://www.yelp.com/biz/tier-1-heating-and-air-vass?adjust_creative=microsoft&utm_campaign=yelp_feed&utm_medium=feed_v2&utm_source=microsoft""}",,,
ypid:YNCF69E320369A4ED4,"Comfort Mechanical Contractors, Inc.","4008 Comfort Ln, Durham, NC 27705",,https://www.bing.com/maps?cp=36.02751541137695%7E-78.96015930175781&lvl=17.0&q=Comfort%20Mechanical%20Contractors%2C%20Inc.%20%2C%204008%20Comfort%20Ln%2C%20Durham%2C%20NC%2027705,36.02751541137695,-78.96015930175781,,,HVAC services,Open · Closes 16:30,http://www.comfortmc.com/,(919) 383-2502,"bsigmon@comfortmc.com,jhaigler@comfortmc.com,cowens@comfortmc.com,mprice@comfortmc.com,jphillips@comfortmc.com,khorne@comfortmc.com,cbass@comfortmc.com,fmiller@comfortmc.com,emiller@comfortmc.com,jblanchard@comfortmc.com","{""twitter"":""https://twitter.com/comfort_mech"",""linkedin"":""https://www.linkedin.com/company/comfort-mechanical-contractors-inc"",""facebook"":""https://www.facebook.com/comfortmech/"",""yelp"":""https://www.yelp.com/biz/comfort-mechanical-contractors-durham""}",https://www.facebook.com/comfortmech/,,https://twitter.com/comfort_mech
ypid:YN4E9581FF0308BB99,North Carolina Heating & Cooling,"1229 Perry Rd #109, Apex, NC 27502",https://www.bing.com/th?id=OLC.GF95qIQXKCTeKA480x360&pid=Local,https://www.bing.com/maps?cp=35.711952209472656%7E-78.85173034667969&lvl=17.0&q=North%20Carolina%20Heating%20%26%20Cooling%20%2C%201229%20Perry%20Rd%20%23109%2C%20Apex%2C%20NC%2027502,35.711952209472656,-78.85173034667969,4,Yelp (5),HVAC services,Open · Closes 17:00,https://nchc.us/,(984) 313-7707,contact@nchc.us,"{""facebook"":""https://www.facebook.com/nchc.us"",""yelp"":""https://www.yelp.com/biz/nchc-apex"",""instagram"":""https://www.instagram.com/nchc.us/""}",https://www.facebook.com/nchc.us,https://www.instagram.com/nchc.us/,
ypid:YN9714B721CCFD08AA,The Chill Brothers,"3131 Rdu Center Dr Suite 103, Morrisville, NC 27560",https://www.bing.com/th?id=OLC.Ep/fnzTn8o5NNQ480x360&pid=Local,https://www.bing.com/maps?cp=35.849788665771484%7E-78.79401397705078&lvl=17.0&q=The%20Chill%20Brothers%20%2C%203131%20Rdu%20Center%20Dr%20Suite%20103%2C%20Morrisville%2C%20NC%2027560,35.849788665771484,-78.79401397705078,4,Yelp (4),HVAC services,Open · Closes 21:00,https://thechillbrothers.com/hvac-services-in-morrisville-nc/,(844) 512-4455,"hello@thechillbrothers.com,profiles@birdeye.com","{""instagram"":""https://www.instagram.com/thechillbrothers/"",""facebook"":""https://www.facebook.com/thechillbrothers"",""youtube"":""https://www.youtube.com/channel/uc1y8zgz5caprkquk1ukt_ag/"",""linkedin"":""https://www.linkedin.com/company/thechillbrothers/"",""yelp"":""https://www.yelp.com/biz/the-chill-brothers-morrisville?adjust_creative=microsoft&utm_campaign=yelp_feed&utm_medium=feed_v2&utm_source=microsoft""}",https://www.facebook.com/thechillbrothers,https://www.instagram.com/thechillbrothers/,
ypid:YNB0F9C59FA699C37B,"Tower Heating and Air, LLC","138 Donmoor Ct, Garner, NC 27529",https://www.bing.com/th?id=OLC.JWNxGP/CtqbIBw480x360&pid=Local,https://www.bing.com/maps?cp=35.725162506103516%7E-78.64248657226562&lvl=17.0&q=Tower%20Heating%20and%20Air%2C%20LLC%20%2C%20138%20Donmoor%20Ct%2C%20Garner%2C%20NC%2027529,35.725162506103516,-78.64248657226562,3.5,Yelp (9),HVAC services,Open 24 hours,https://www.towerheatingandair.com/,(919) 755-1957,service@towerheatingandair.com,"{""facebook"":""https://www.facebook.com/lora.bullard/posts/590705735703286"",""yelp"":""https://www.yelp.com/biz/tower-heating-and-air-garner""}",https://www.facebook.com/lora.bullard/posts/590705735703286,,
ypid:YNE6D0D72DE05541CD,Warren-Hay Mechanical,"214 Millstone Dr, Hillsborough, NC 27278",https://www.bing.com/th?id=OLC.opzT3ROsOB2bwg480x360&pid=Local,https://www.bing.com/maps?cp=36.05048751831055%7E-79.09779357910156&lvl=17.0&q=Warren-Hay%20Mechanical%20%2C%20214%20Millstone%20Dr%2C%20Hillsborough%2C%20NC%2027278,36.05048751831055,-79.09779357910156,2.5,Yelp (23),HVAC services,Open 24 hours,https://warren-hay.com/service-area/air-conditioning-heating-hillsborough-nc,(919) 568-1477,,"{""facebook"":""https://www.facebook.com/warren-hay-mechanical-contractors-inc-heating-air-conditioning-206759523473251/"",""twitter"":""https://twitter.com/hay_inc""}",https://www.facebook.com/warren-hay-mechanical-contractors-inc-heating-air-conditioning-206759523473251/,,https://twitter.com/hay_inc
ypid:YNF9AD165DBE908C2A,Plumbing Heating Cooling Contractor,"5540 McNeely Dr #202, Raleigh, NC 27612",,https://www.bing.com/maps?cp=35.853302001953125%7E-78.71195220947266&lvl=17.0&q=Plumbing%20Heating%20Cooling%20Contractor%20%2C%205540%20McNeely%20Dr%20%23202%2C%20Raleigh%2C%20NC%2027612,35.853302001953125,-78.71195220947266,,,Association/Organisation,Open 24 hours,http://www.phccnc.com/,(919) 532-0522,"hpncmall@hpnc.co.kr,apprentice@phccnc.com,stephanie@phccnc.com,markbolton@webolton.com,kristie.phcc@midco.net","{""facebook"":""https://www.facebook.com/ncphcc"",""twitter"":""https://twitter.com/ncphcc"",""instagram"":""https://www.instagram.com/ncphcc/"",""youtube"":""https://www.youtube.com/channel/uccky8gtggttiawdyd24ulfg?view_as=subscriber"",""tiktok"":""https://www.tiktok.com/@phccnc""}",https://www.facebook.com/ncphcc,https://www.instagram.com/ncphcc/,https://twitter.com/ncphcc
ypid:YN7F875C570949354A,Carolina Comfort Air,"5212 US-70 W Bus, Clayton, NC 27520",https://www.bing.com/th?id=OLC.lxKfj0abz8/h1A480x360&pid=Local,https://www.bing.com/maps?cp=35.58539962768555%7E-78.40288543701172&lvl=17.0&q=Carolina%20Comfort%20Air%20%2C%205212%20US-70%20W%20Bus%2C%20Clayton%2C%20NC%2027520,35.58539962768555,-78.40288543701172,3,Yelp (68),HVAC services,Open · Closes 21:00,https://www.carolinacomfortair.com/,(919) 367-3818,"recruiting@carolinacomfortair.com,jane@carolinacomfortair.com,marketing@carolincomfortair.com,accounts_payable@carolinacomfortair.com,marketing@carolinacomfortair.com,RNC_PERMITS@CAROLINACOMFORTAIR.COM,retroteam@carolinacomfortair.com","{""facebook"":""https://www.facebook.com/carolinacomfortair/"",""youtube"":""https://www.youtube.com/user/carolinacomfortair"",""instagram"":""https://www.instagram.com/carolinacomfortairofficial/"",""twitter"":""https://twitter.com/cca_hvac"",""linkedin"":""https://www.linkedin.com/company/carolinacomfortair/"",""yelp"":""https://www.yelp.com/biz/carolina-comfort-air-clayton-2?adjust_creative=microsoft&utm_campaign=yelp_feed&utm_medium=feed_v2&utm_source=microsoft"",""tiktok"":""https://www.tiktok.com/@carolinacomfortair""}",https://www.facebook.com/carolinacomfortair/,https://www.instagram.com/carolinacomfortairofficial/,https://twitter.com/cca_hvac
ypid:YN51BD1EA588A8C00E,Luciano's Air Services,"Private Address in Creedmoor, NC",https://www.bing.com/th?id=OLC.cds3c3iocDko9g480x360&pid=Local,https://www.bing.com/maps?cp=36.122520446777344%7E-78.66922760009766&lvl=17.0&q=Luciano's%20Air%20Services%20%2C%20Private%20Address%20in%20Creedmoor%2C%20NC,36.122520446777344,-78.66922760009766,,,HVAC services,Open · Closes 17:00,https://lucianoshvac.com/,(984) 275-9455,,,,,
ypid:YN625D49E7DC9330D9,MVP Heating & Cooling,"Private Address in Marks Creek, North Carolina",https://www.bing.com/th?id=OLC.HhxYw7Pyd1fgxQ480x360&pid=Local,https://www.bing.com/maps?cp=35.81399917602539%7E-78.35124206542969&lvl=17.0&q=MVP%20Heating%20%26%20Cooling%20%2C%20Private%20Address%20in%20Marks%20Creek%2C%20North%20Carolina,35.81399917602539,-78.35124206542969,,,HVAC services,Open · Closes 17:00,https://mvpcool.com/,(919) 801-9864,,"{""facebook"":""https://www.facebook.com/profile.php?id=61559891914316&mibextid=lqqj4d""}",https://www.facebook.com/profile.php?id=61559891914316&mibextid=lqqj4d,,
ypid:YNEB3C0E2A5E401602,Travis Crawford Heating Cooling & Plumbing,"7706 Pence Rd, Charlotte, NC 28215",https://www.bing.com/th?id=OLC.N0l0MNV10CMhPQ480x360&pid=Local,https://www.bing.com/maps?cp=35.22168731689453%7E-80.70234680175781&lvl=17.0&q=Travis%20Crawford%20Heating%20Cooling%20%26%20Plumbing%20%2C%207706%20Pence%20Rd%2C%20Charlotte%2C%20NC%2028215,35.22168731689453,-80.70234680175781,4,Yelp (55),Plumbing,Open 24 hours,https://traviscrawfordhvac.com/,(704) 286-1570,"info@traviscrawfordhvac.com,support@hssservices.com,jurandynogueira@hotmail.com","{""facebook"":""https://www.facebook.com/305524416152847/"",""youtube"":""https://www.youtube.com/@traviscrawfordhvacplumbing"",""instagram"":""http://www.instagram.com/traviscrawfordhvacandplumbing"",""yelp"":""https://www.yelp.com/biz/travis-crawford-heating-cooling-and-plumbing-charlotte"",""twitter"":""https://twitter.com/travis_crawford""}",https://www.facebook.com/305524416152847/,http://www.instagram.com/traviscrawfordhvacandplumbing,https://twitter.com/travis_crawford
ypid:YND0995C4B131C800B,Carolina Comfort Air,"149 Rea St, Jacksonville, NC 28546",https://www.bing.com/th?id=OLC.nVPCPM2h1i6fiA480x360&pid=Local,https://www.bing.com/maps?cp=34.75676345825195%7E-77.38398742675781&lvl=17.0&q=Carolina%20Comfort%20Air%20%2C%20149%20Rea%20St%2C%20Jacksonville%2C%20NC%2028546,34.75676345825195,-77.38398742675781,4,Yelp (28),HVAC services,Open · Closes 21:00,https://www.carolinacomfortair.com/,(919) 367-3818,"recruiting@carolinacomfortair.com,jane@carolinacomfortair.com,marketing@carolincomfortair.com,accounts_payable@carolinacomfortair.com,marketing@carolinacomfortair.com,RNC_PERMITS@CAROLINACOMFORTAIR.COM,retroteam@carolinacomfortair.com","{""facebook"":""https://www.facebook.com/carolinacomfortair/"",""youtube"":""https://www.youtube.com/user/carolinacomfortair"",""instagram"":""https://www.instagram.com/carolinacomfortairofficial/"",""twitter"":""https://twitter.com/cca_hvac"",""linkedin"":""https://www.linkedin.com/company/carolinacomfortair/"",""yelp"":""https://www.yelp.com/biz/carolina-comfort-heating-and-air-conditioning-wilmington"",""tiktok"":""https://www.tiktok.com/@carolinacomfortair""}",https://www.facebook.com/carolinacomfortair/,https://www.instagram.com/carolinacomfortairofficial/,https://twitter.com/cca_hvac
ypid:YN574543E81A80587C,Jacksonville Heating Contractors,"227 S Marine Blvd, Jacksonville, NC 28540",https://www.bing.com/th?id=OLC.BX/tCpZt4GRVaw480x360&pid=Local,https://www.bing.com/maps?cp=34.7509880065918%7E-77.44214630126953&lvl=17.0&q=Jacksonville%20Heating%20Contractors%20%2C%20227%20S%20Marine%20Blvd%2C%20Jacksonville%2C%20NC%2028540,34.7509880065918,-77.44214630126953,3,Yelp (18),HVAC services,Open 24 hours,https://www.jvilleheating.com/,(910) 347-2843,"brenda@jvilleheating.com,Nicole@jvilleheating.com,jobs@jvilleheating.com,catherine@jvilleheating.com,stacey@jvilleheating.com,tricia@jvilleheating.com","{""facebook"":""https://www.facebook.com/jhc.trent.seaair/"",""yelp"":""https://www.yelp.com/biz/jacksonville-heating-contractors-jacksonville-2""}",https://www.facebook.com/jhc.trent.seaair/,,
ypid:YN64179DE911F30B3B,"Helms Heating & Air Conditioning, Inc.","1013 Technology Dr, Indian Trail, NC 28079",https://www.bing.com/th?id=OLC.Rigjn+TMN6lvgQ480x360&pid=Local,https://www.bing.com/maps?cp=35.072425842285156%7E-80.64525604248047&lvl=17.0&q=Helms%20Heating%20%26%20Air%20Conditioning%2C%20Inc.%20%2C%201013%20Technology%20Dr%2C%20Indian%20Trail%2C%20NC%2028079,35.072425842285156,-80.64525604248047,2.5,Yelp (22),HVAC services,Open · Closes 17:00,http://www.helmsheating.com/,(704) 821-6255,"last@helmsheating.com,AOR@helmsheating.com","{""instagram"":""https://instagram.com/helmshvac"",""facebook"":""https://www.facebook.com/u654utf/posts/10226260014672427"",""twitter"":""https://twitter.com/helmshvac"",""linkedin"":""https://linkedin.com/company/helms-heating-&-air-conditioning-inc-"",""yelp"":""https://www.yelp.com/biz/helms-heating-and-air-conditioning-indian-trail""}",https://www.facebook.com/u654utf/posts/10226260014672427,https://instagram.com/helmshvac,https://twitter.com/helmshvac
ypid:YNFA09F23DDC476230,"Rudd's HVAC, LLC","Private Address in Garner, NC",https://www.bing.com/th?id=OLC.o+V6aW7Zlsr/uQ480x360&pid=Local,https://www.bing.com/maps?cp=35.71909713745117%7E-78.62531280517578&lvl=17.0&q=Rudd's%20HVAC%2C%20LLC%20%2C%20Private%20Address%20in%20Garner%2C%20NC,35.71909713745117,-78.62531280517578,,,HVAC services,Open 24 hours,https://ruddshvac.com/,(919) 520-9167,justin@ruddshvac.com,,,,
ypid:YN936CC2053E030946,Harrod Heating & Air LLC,"Private Address in Raleigh, NC",,https://www.bing.com/maps?cp=35.6436653137207%7E-78.67206573486328&lvl=17.0&q=Harrod%20Heating%20%26%20Air%20LLC%20%2C%20Private%20Address%20in%20Raleigh%2C%20NC,35.6436653137207,-78.67206573486328,,,HVAC services,Open · Closes 16:00,https://harrodhvac.pro/,(919) 510-2435,,,,,
ypid:YNF825E45DA1B99639,Systems Contractors - A Fidelity Company,"3282 S Miami Blvd, Durham, NC",https://www.bing.com/th?id=OLC.rKuCKvDwyTiZFg480x360&pid=Local,https://www.bing.com/maps?cp=35.92121124267578%7E-78.85025787353516&lvl=17.0&q=Systems%20Contractors%20-%20A%20Fidelity%20Company%20%2C%203282%20S%20Miami%20Blvd%2C%20Durham%2C%20NC,35.92121124267578,-78.85025787353516,,,Contractor,Open · Closes 17:00,https://systemscontractors.com/,(919) 873-5903,"Smith@systemscontractors.com,sci@systemscontractors.com","{""linkedin"":""https://www.linkedin.com/company/systemscontractors""}",,,
ypid:YN88735306211B9843,J.R.'s Heating & Cooling Repair's,"529 Glen Rd, Garner, NC",https://www.bing.com/th?id=OLC.Byh+kwB9zCDcqg480x360&pid=Local,https://www.bing.com/maps?cp=35.60665512084961%7E-78.5667495727539&lvl=17.0&q=J.R.'s%20Heating%20%26%20Cooling%20Repair's%20%2C%20529%20Glen%20Rd%2C%20Garner%2C%20NC,35.60665512084961,-78.5667495727539,,,HVAC services,Open · Closes 17:00,http://www.jrshvacnc.com/,(919) 795-1898,"service@jrshvacnc.com,plum-hr@kmconsulting.co.th",,,,
ypid:YND5CB03330ABA002E,MAC Heating & Cooling,"11529 Green Valley Rd, Mount Vernon, OH 43050",https://www.bing.com/th?id=OLC.zm10DRG0SXywbQ480x360&pid=Local,https://www.bing.com/maps?cp=40.42504119873047%7E-82.53466796875&lvl=17.0&q=MAC%20Heating%20%26%20Cooling%20%2C%2011529%20Green%20Valley%20Rd%2C%20Mount%20Vernon%2C%20OH%2043050,40.42504119873047,-82.53466796875,5,Yellowpages (3),HVAC services,Open 24 hours,https://www.macheatandcool.com/,(740) 397-7275,"macheatandcool@gmail.com,njys2@naver.com,gobeomsoo@naver.com",,,,
ypid:YNC5E8187D93C1CFF4,Uptown,"288 E Broadway Ave, Westerville, OH 43081",https://www.bing.com/th?id=OLC.+CRpDUwUSnQA+w480x360&pid=Local,https://www.bing.com/maps?cp=40.129940032958984%7E-82.92219543457031&lvl=17.0&q=Uptown%20%2C%20288%20E%20Broadway%20Ave%2C%20Westerville%2C%20OH%2043081,40.129940032958984,-82.92219543457031,4.5,Yelp (6),HVAC services,Open 24 hours,http://www.uptownhvac.com/,(614) 392-6050,info@uptownhvac.com,"{""facebook"":""https://www.facebook.com/uptownhvac/#"",""yelp"":""https://www.yelp.com/biz/uptown-heating-and-cooling-westerville-3?adjust_creative=microsoft&utm_campaign=yelp_feed&utm_medium=feed_v2&utm_source=microsoft""}",https://www.facebook.com/uptownhvac/#,,
ypid:YN776ED8CA278FD26C,Advance HVACR Inc.,"Private Address in Centerburg, OH",,https://www.bing.com/maps?cp=40.363407135009766%7E-82.6695327758789&lvl=17.0&q=Advance%20HVACR%20Inc.%20%2C%20Private%20Address%20in%20Centerburg%2C%20OH,40.363407135009766,-82.6695327758789,,,HVAC services,Open 24 hours,http://advancehvacrinc.com/,(614) 870-9249,ron@advancehvacr.inc,,,,
ypid:YN264BE48D5C282536,"Apex Pros Plumbing, Electrical, Heating and Air","6663 Schrock Rd, Columbus, OH",https://www.bing.com/th?id=OLC.JcdRLVKymwKJcg480x360&pid=Local,https://www.bing.com/maps?cp=40.10257339477539%7E-83.00053405761719&lvl=17.0&q=Apex%20Pros%20Plumbing%2C%20Electrical%2C%20Heating%20and%20Air%20%2C%206663%20Schrock%20Rd%2C%20Columbus%2C%20OH,40.10257339477539,-83.00053405761719,2,Yelp (57),Plumbing,Open 24 hours,https://apexpros.com/,(614) 654-0344,"service@apexpros.com,support@hssservices.com,apexeng@apexeng.co.kr,profiles@birdeye.com,ca@apexpros.com,hc@apexpros.com,jason.flanery@arete-roofing.com,pmoraisinvestimentos@gmail.com,hr@apexpros.com,CONTABILIDADE@APEXBRASIL.COM.BR,info@apexpros.com,hsm@apexpros.com,bsharkey@frontierelectric.net","{""facebook"":""https://www.facebook.com/apexplumbingpros"",""youtube"":""https://www.youtube.com/@apexpros"",""twitter"":""https://twitter.com/apexpros1"",""instagram"":""https://www.instagram.com/apexpros1/"",""tiktok"":""https://www.tiktok.com/@apex_pros""}",https://www.facebook.com/apexplumbingpros,https://www.instagram.com/apexpros1/,https://twitter.com/apexpros1
ypid:YND44C8F59919CD8EC,"CARE, Inc.","5750 Chandler Ct, Westerville, OH 43082",https://www.bing.com/th?id=OLC.1BHMNtmyoObDeQ480x360&pid=Local,https://www.bing.com/maps?cp=40.153751373291016%7E-82.92615509033203&lvl=17.0&q=CARE%2C%20Inc.%20%2C%205750%20Chandler%20Ct%2C%20Westerville%2C%20OH%2043082,40.153751373291016,-82.92615509033203,4,Yelp (123),HVAC services,Open 24 hours,https://www.careheatingcooling.com/,(614) 841-1555,service@careheatingcooling.com,"{""facebook"":""https://www.facebook.com/careheatingandcooling"",""yelp"":""https://www.yelp.com/biz/care-heating-and-cooling-westerville?adjust_creative=microsoft&utm_campaign=yelp_feed&utm_medium=feed_v2&utm_source=microsoft"",""twitter"":""https://twitter.com/care_heating""}",https://www.facebook.com/careheatingandcooling,,https://twitter.com/care_heating
ypid:YND496A99C31180E3D,"Fire & Ice Heating, Cooling, Plumbing & Electrical","848 Freeway Dr N, Columbus, OH 43229",https://www.bing.com/th?id=OLC.fbW7OFwIDA/v/g480x360&pid=Local,https://www.bing.com/maps?cp=40.07170104980469%7E-82.99591064453125&lvl=17.0&q=Fire%20%26%20Ice%20Heating%2C%20Cooling%2C%20Plumbing%20%26%20Electrical%20%2C%20848%20Freeway%20Dr%20N%2C%20Columbus%2C%20OH%2043229,40.07170104980469,-82.99591064453125,2,Yelp (39),HVAC services,Open 24 hours,https://indoortemp.com/,(614) 642-2236,"service@indoortemp.com,nikki@indoortemp.com","{""facebook"":""https://www.facebook.com/fireiceheatingandac/"",""youtube"":""https://youtube.com/channel/ucvdf0x94g-t4ziy5ogjma3g""}",https://www.facebook.com/fireiceheatingandac/,,
ypid:YN826779DB2D3E6AF1,"Logan Services A/C, Heat & Plumbing","2219 Westbrooke Dr, Columbus, OH 43228",https://www.bing.com/th?id=OLC.zrxV2lJ4JIvSOA480x360&pid=Local,https://www.bing.com/maps?cp=39.9991569519043%7E-83.1102294921875&lvl=17.0&q=Logan%20Services%20A%2FC%2C%20Heat%20%26%20Plumbing%20%2C%202219%20Westbrooke%20Dr%2C%20Columbus%2C%20OH%2043228,39.9991569519043,-83.1102294921875,2.5,Yelp (54),HVAC services,Open 24 hours,https://www.logan-inc.com/,(614) 224-3200,"thoh@dtskorea.com,isaac@dtskorea.com,jdoe@logan-inc.com,info@logan-inc.com,info-ch@loganinstruments.com,AKinsella@logan-inc.com,myer@logan-inc.com","{""facebook"":""https://www.facebook.com/loganservices"",""twitter"":""https://twitter.com/loganservices"",""linkedin"":""https://www.linkedin.com/company/1506149"",""pinterest"":""https://www.pinterest.com/loganservices/"",""youtube"":""https://www.youtube.com/watch?v=sebe03d-sao&list=pljqes-dem7rmgwhp5ifwfix0fpo6zpcp3""}",https://www.facebook.com/loganservices,,https://twitter.com/loganservices
ypid:YN6E9DEAD4AAF4EBF9,Ohio Heating,"1624 Clara St, Columbus, OH 43211",https://www.bing.com/th?id=OLC.NjWwxfU1sr3zmQ480x360&pid=Local,https://www.bing.com/maps?cp=39.9976692199707%7E-82.98609161376953&lvl=17.0&q=Ohio%20Heating%20%2C%201624%20Clara%20St%2C%20Columbus%2C%20OH%2043211,39.9976692199707,-82.98609161376953,2.5,Yelp (20),HVAC services,Open · Closes 16:30,https://www.ohheating.com/,(614) 863-6666,"yeogie@yeogie.com,info@ohio-heating.websitepro.hosting,Cstepp@ohheating.com,hvac@ohheating.com","{""facebook"":""http://www.facebook.com/179606788724280"",""twitter"":""http://www.twitter.com/ohioheating"",""instagram"":""https://www.instagram.com/ohioheating/"",""linkedin"":""https://www.linkedin.com/company/ohio-heating-and-refrigeration"",""yelp"":""https://www.yelp.com/biz/ohio-heating-columbus-3""}",http://www.facebook.com/179606788724280,https://www.instagram.com/ohioheating/,http://www.twitter.com/ohioheating
ypid:YN8749AD16C15BF317,Sears Heating and Cooling,"3981 Cleveland Ave, Columbus, OH 43224",https://www.bing.com/th?id=OLC.CVJXhzMHR62sGA480x360&pid=Local,https://www.bing.com/maps?cp=40.05023193359375%7E-82.95438385009766&lvl=17.0&q=Sears%20Heating%20and%20Cooling%20%2C%203981%20Cleveland%20Ave%2C%20Columbus%2C%20OH%2043224,40.05023193359375,-82.95438385009766,3.5,Yelp (51),HVAC services,Open 24 hours,https://www.searsheatingcooling.com/,(614) 475-1800,"max.peterson@thisoldhouse.com,callie.marsalisi@thisoldhouse.com,Smith@searsheatingcooling.com,phummarin@phiheating.com,edmund@phiheating.com","{""youtube"":""https://www.youtube.com/channel/uc-yuqohob-yxvli3vjixslq"",""facebook"":""https://www.facebook.com/searsheatingcooling/"",""linkedin"":""https://www.linkedin.com/company/sears-heating-and-cooling""}",https://www.facebook.com/searsheatingcooling/,,
ypid:YNA574D772EC816F6B,Custom Air Conditioning and Heating Co.,"935 Claycraft Rd, Columbus, OH 43230",https://www.bing.com/th?id=OLC.SzuBRJojsGNkYQ480x360&pid=Local,https://www.bing.com/maps?cp=39.99214553833008%7E-82.85108184814453&lvl=17.0&q=Custom%20Air%20Conditioning%20and%20Heating%20Co.%20%2C%20935%20Claycraft%20Rd%2C%20Columbus%2C%20OH%2043230,39.99214553833008,-82.85108184814453,4,Yelp (29),HVAC services,Open 24 hours,https://www.customairco.com/service-area/air-conditioning-heating-columbus-oh,(614) 245-9802,"JSmith@customairco.com,John@customairco.com,jdoe@customairco.com,castcokorea@gmail.com,mpatch@airforceone.com,info@customairco.com,bschoene@airforceone.com,PHalaiko@customairco.com,New_woman_40_00@yahoo.com,BMangon@customairco.com,BBugala@customairco.com,MPhillips@customairco.com,SGischel@customairco.com,pbonzo@customairco.com,SHaring@customairco.com,privacy@servicelogic.com,da@customairco.com,cach.sales@ex.comcustomairco.com","{""facebook"":""https://facebook.com/customaircolumbus"",""instagram"":""https://instagram.com/customair"",""linkedin"":""https://linkedin.com/company/custom-air-conditioning-and-heating"",""yelp"":""https://www.yelp.com/biz/custom-air-conditioning-and-heating-co-columbus-2"",""youtube"":""https://youtube.com/user/customaircolumbus"",""twitter"":""https://twitter.com/customairco""}",https://facebook.com/customaircolumbus,https://instagram.com/customair,https://twitter.com/customairco
ypid:YN1CE83BEF6301A039,Mid LLC,"1711 Arlingate Ln, Columbus, OH 43228",https://www.bing.com/th?id=OLC.ftT+z4BTuIZQAg480x360&pid=Local,https://www.bing.com/maps?cp=39.98768997192383%7E-83.11441802978516&lvl=17.0&q=Mid%20LLC%20%2C%201711%20Arlingate%20Ln%2C%20Columbus%2C%20OH%2043228,39.98768997192383,-83.11441802978516,,,HVAC services,Open · Closes 16:30,https://midohioac.com/,(614) 291-4664,"service@midohioac.com,name@cpsymbol.com","{""linkedin"":""https://www.linkedin.com/company/mid-ohio-air-conditioning-llc""}",,,
ypid:YND3EF4729BCD6DD69,"Team Bob's Heating, Cooling, Plumbing","1797 Park Dr, Traverse City, MI 49686",https://www.bing.com/th?id=OLC.4+r4B7j0wqitpw480x360&pid=Local,https://www.bing.com/maps?cp=44.733970642089844%7E-85.60983276367188&lvl=17.0&q=Team%20Bob's%20Heating%2C%20Cooling%2C%20Plumbing%20%2C%201797%20Park%20Dr%2C%20Traverse%20City%2C%20MI%2049686,44.733970642089844,-85.60983276367188,3,Yelp (45),HVAC services,Open 24 hours,https://teambobs.com/,(231) 238-3564,last@teambobs.com,"{""facebook"":""https://www.facebook.com/teambobstc/"",""youtube"":""https://www.youtube.com/@teambobs8476"",""instagram"":""https://instagram.com/teambobs/"",""yelp"":""https://www.yelp.com/biz/team-bobs-heating-cooling-plumbing-traverse-city"",""twitter"":""https://twitter.com/teambobshvac""}",https://www.facebook.com/teambobstc/,https://instagram.com/teambobs/,https://twitter.com/teambobshvac
ypid:YN6A8F10577581D8B0,Hurst Mechanical,"885 Robinwood Ct, Traverse City, MI 49686",,https://www.bing.com/maps?cp=44.74356460571289%7E-85.601318359375&lvl=17.0&q=Hurst%20Mechanical%20%2C%20885%20Robinwood%20Ct%2C%20Traverse%20City%2C%20MI%2049686,44.74356460571289,-85.601318359375,,,HVAC services,Open · Closes 16:00,https://www.hurstmechanical.com/,(231) 947-2750,ap@apbrasil.com.br,"{""facebook"":""https://facebook.com/hurst-mechanical-169319826492176"",""linkedin"":""https://linkedin.com/company/hurst-mechanical-inc"",""yelp"":""https://www.yelp.com/biz/hurst-mechanical-traverse-city-2""}",https://facebook.com/hurst-mechanical-169319826492176,,
ypid:YN12B18FF5AE059435,Grant Mechanical,"1427 Woodmere Ave, Traverse City, MI 49686",https://www.bing.com/th?id=OLC.96vZ05a5LdoZzg480x360&pid=Local,https://www.bing.com/maps?cp=44.742835998535156%7E-85.60710906982422&lvl=17.0&q=Grant%20Mechanical%20%2C%201427%20Woodmere%20Ave%2C%20Traverse%20City%2C%20MI%2049686,44.742835998535156,-85.60710906982422,,,HVAC services,Open 24 hours,https://grantmechanicaltc.com/,(231) 943-2066,info@grantmechanicaltc.com,"{""facebook"":""https://www.facebook.com/permalink.php?story_fbid=1787790504921640&id=100010721232698"",""yelp"":""https://www.yelp.com/biz/grant-mechanical-traverse-city-3""}",https://www.facebook.com/permalink.php?story_fbid=1787790504921640&id=100010721232698,,
ypid:YNA4C2034002EB8A8E,"Sheren Plumbing, Heating and Cooling","3801 Rennie School Rd, Traverse City, MI 49685",https://www.bing.com/th?id=OLC.RFld25c2O0A2kA480x360&pid=Local,https://www.bing.com/maps?cp=44.6849365234375%7E-85.65372467041016&lvl=17.0&q=Sheren%20Plumbing%2C%20Heating%20and%20Cooling%20%2C%203801%20Rennie%20School%20Rd%2C%20Traverse%20City%2C%20MI%2049685,44.6849365234375,-85.65372467041016,2.5,Yelp (6),HVAC services,Open 24 hours,https://sheren.tc/,(231) 943-7916,"info@sheren.tc,RBLACKBURN@SHERENPLUMBINGHEATING.COM","{""youtube"":""https://www.youtube.com/@sherenplumbingheatingcooli7854"",""facebook"":""https://www.facebook.com/sherenplumbingheatingcooling/"",""instagram"":""https://www.instagram.com/sheren_plumbing_heating_tc"",""linkedin"":""https://www.linkedin.com/company/sheren-plumbing-&-heating-inc-/"",""yelp"":""https://www.yelp.com/biz/sheren-plumbing-heating-and-cooling-traverse-city""}",https://www.facebook.com/sherenplumbingheatingcooling/,https://www.instagram.com/sheren_plumbing_heating_tc,
ypid:YNF2A32C6F75A54550,My Bryant Dealer,"1244 Carver St, Traverse City, MI 49686",,https://www.bing.com/maps?cp=44.74720001220703%7E-85.59064483642578&lvl=17.0&q=My%20Bryant%20Dealer%20%2C%201244%20Carver%20St%2C%20Traverse%20City%2C%20MI%2049686,44.74720001220703,-85.59064483642578,,,HVAC services,Open 24 hours,https://www.mybryantdealer.com/,(231) 227-2923,,"{""facebook"":""https://www.facebook.com/mybryantdealer/"",""linkedin"":""https://www.linkedin.com/company/mybryantdealer/""}",https://www.facebook.com/mybryantdealer/,,
ypid:YN8983F50B732B8E28,AAM Plumbing & Heating,"335 W South Airport Rd, Traverse City, MI 49686",https://www.bing.com/th?id=OLC.iXBn71C2ae4IXg480x360&pid=Local,https://www.bing.com/maps?cp=44.73261260986328%7E-85.58154296875&lvl=17.0&q=AAM%20Plumbing%20%26%20Heating%20%2C%20335%20W%20South%20Airport%20Rd%2C%20Traverse%20City%2C%20MI%2049686,44.73261260986328,-85.58154296875,,,Plumbing,Opens in 25 mins,https://www.aamplumbing.com/,(231) 421-8574,ap@apbrasil.com.br,,,,
ypid:YNA6A4AFAC4D426453,"Ballard's Plumbing, Heating, and Air Conditioning","2111 E Mitchell Rd, Petoskey, MI 49770",https://www.bing.com/th?id=OLC.OUcXCXSvWdIHxg480x360&pid=Local,https://www.bing.com/maps?cp=45.374977111816406%7E-84.92599487304688&lvl=17.0&q=Ballard's%20Plumbing%2C%20Heating%2C%20and%20Air%20Conditioning%20%2C%202111%20E%20Mitchell%20Rd%2C%20Petoskey%2C%20MI%2049770,45.374977111816406,-84.92599487304688,2.5,Yelp (14),Plumbing,Open · Closes 16:30,http://ballards-ph.com/,(231) 753-2110,info@adcockstantonreels.com,"{""facebook"":""https://www.facebook.com/andy.singer.52/posts/10230941114047422"",""yelp"":""https://www.yelp.com/biz/ballards-plumbing-heating-and-air-conditioning-petoskey""}",https://www.facebook.com/andy.singer.52/posts/10230941114047422,,
ypid:YN4DF0B47BEAE8638E,SAWAS Mechanical,"11232 E 10 Mile Rd, Warren, MI 48089",https://www.bing.com/th?id=OLC.r8WroIG4RvsrSQ480x360&pid=Local,https://www.bing.com/maps?cp=42.477359771728516%7E-83.01284790039062&lvl=17.0&q=SAWAS%20Mechanical%20%2C%2011232%20E%2010%20Mile%20Rd%2C%20Warren%2C%20MI%2048089,42.477359771728516,-83.01284790039062,,,HVAC services,Opens in 25 mins,http://www.sawasmechanical.com/,(586) 806-2346,"sawasmechanical@gmail.com,sawasmechancal@gmail.com","{""facebook"":""https://www.facebook.com/sawasmechanicalhvac/"",""yelp"":""https://www.yelp.com/biz/sawas-mechanical-warren""}",https://www.facebook.com/sawasmechanicalhvac/,,
ypid:YNE2CBFEC478CC94FB,"A&B Mechanical Contractors, Inc.","1611 12 Mile Rd NW, Sparta, MI 49345",https://www.bing.com/th?id=OLC.v7THAyUqGVxZYg480x360&pid=Local,https://www.bing.com/maps?cp=43.146446228027344%7E-85.71041107177734&lvl=17.0&q=A%26B%20Mechanical%20Contractors%2C%20Inc.%20%2C%201611%2012%20Mile%20Rd%20NW%2C%20Sparta%2C%20MI%2049345,43.146446228027344,-85.71041107177734,,,HVAC services,Open · Closes 16:00,https://www.abmechanical.us/,(616) 866-2566,service@abmechanical.us,"{""yelp"":""https://www.yelp.com/biz/a-and-b-mechanical-contractors-sparta-3"",""facebook"":""https://www.facebook.com/abmechanicalcontractors"",""linkedin"":""https://www.linkedin.com/company/a-b-mechanical-contractors-inc/""}",https://www.facebook.com/abmechanicalcontractors,,
ypid:YN81C0F246A141564E,National Heating & Cooling Inc,"23660 Grand River Ave, Detroit, MI 48219",https://www.bing.com/th?id=OLC.ILNqJ2L7lzrrpg480x360&pid=Local,https://www.bing.com/maps?cp=42.4233283996582%7E-83.27352142333984&lvl=17.0&q=National%20Heating%20%26%20Cooling%20Inc%20%2C%2023660%20Grand%20River%20Ave%2C%20Detroit%2C%20MI%2048219,42.4233283996582,-83.27352142333984,5,Yelp (9),HVAC services,Open · Closes 17:00,http://www.nationalheating.com/,(313) 538-7100,,"{""facebook"":""https://www.facebook.com/pages/national-heating-cooling-inc/251164855035043"",""yelp"":""https://www.yelp.com/biz/national-heating-and-cooling-detroit""}",https://www.facebook.com/pages/national-heating-cooling-inc/251164855035043,,
ypid:YN24BEF8ECEED657F0,C & C Heating & Air Conditioning,"29420 Groesbeck Hwy, Roseville, MI 48066",https://www.bing.com/th?id=OLC.7hZAqRzNyUa/ZQ480x360&pid=Local,https://www.bing.com/maps?cp=42.51094436645508%7E-82.95585632324219&lvl=17.0&q=C%20%26%20C%20Heating%20%26%20Air%20Conditioning%20%2C%2029420%20Groesbeck%20Hwy%2C%20Roseville%2C%20MI%2048066,42.51094436645508,-82.95585632324219,2,Yelp (48),HVAC services,Open 24 hours,https://candcheat.com/,(586) 315-2899,callcenter@candcheat.com,"{""facebook"":""https://www.facebook.com/candcheat/"",""youtube"":""https://www.youtube.com/channel/ucr6o2jngsfa4h-czi5ik5zg"",""yelp"":""https://www.yelp.com/biz/c-and-c-heating-and-air-conditioning-roseville-2""}",https://www.facebook.com/candcheat/,,
ypid:YNAC3978C25467E99C,"CTI Mechanical Contractors, Inc.","1412 Columbia Ave W, Battle Creek, MI 49015",https://www.bing.com/th?id=OLC.EMgpdye0qsvnJA480x360&pid=Local,https://www.bing.com/maps?cp=42.29787826538086%7E-85.22332000732422&lvl=17.0&q=CTI%20Mechanical%20Contractors%2C%20Inc.%20%2C%201412%20Columbia%20Ave%20W%2C%20Battle%20Creek%2C%20MI%2049015,42.29787826538086,-85.22332000732422,4.5,Yelp (3),HVAC services,Open · Closes 17:00,https://ctimechanical.com/,(269) 218-1765,,,,,
ypid:YN7A7E01EA5704B4CB,"Mastercraft Heating, Cooling, Plumbing, & Electrical","26135 Plymouth Rd, Redford, MI 48239",https://www.bing.com/th?id=OLC.KbrWROOsKYAc+g480x360&pid=Local,https://www.bing.com/maps?cp=42.37031555175781%7E-83.29904174804688&lvl=17.0&q=Mastercraft%20Heating%2C%20Cooling%2C%20Plumbing%2C%20%26%20Electrical%20%2C%2026135%20Plymouth%20Rd%2C%20Redford%2C%20MI%2048239,42.37031555175781,-83.29904174804688,2.5,Yelp (49),HVAC services,Open 24 hours,https://www.mastercraftheating.com/,(313) 533-5700,"info@mastercraftheating.com,rolnitzky@mastercraftheating.com,jack.rolnitzky@mastercraft.com,bank0famerica@acc0unt.com","{""facebook"":""https://www.facebook.com/mastercrafthcp/"",""youtube"":""https://www.youtube.com/feed/history?utm_source=pp""}",https://www.facebook.com/mastercrafthcp/,,
ypid:YNEE7E7FAAC7BB1718,Fiscor Plumbing and Air,"471 E Howards Rd Suite #1, Camp Verde, AZ 86322",https://www.bing.com/th?id=OLC.a7t2wIikmdq0Dg480x360&pid=Local,https://www.bing.com/maps?cp=34.54718780517578%7E-111.84615325927734&lvl=17.0&q=Fiscor%20Plumbing%20and%20Air%20%2C%20471%20E%20Howards%20Rd%20Suite%20%231%2C%20Camp%20Verde%2C%20AZ%2086322,34.54718780517578,-111.84615325927734,3.5,Yelp (59),HVAC services,Open 24 hours,https://fiscorhvac.com/camp-verde-hvac-plumbing/,(928) 436-0529,info@fiscorhvac.com,"{""facebook"":""https://www.facebook.com/settings/?tab=ads"",""instagram"":""https://www.instagram.com/fiscor.plumbingandair"",""yelp"":""https://www.yelp.com/biz/fiscor-plumbing-and-air-camp-verde-3"",""youtube"":""https://www.youtube.com/@fiscorplumbingandair/"",""tiktok"":""https://www.tiktok.com/@fiscor.plumbing""}",https://www.facebook.com/settings/?tab=ads,https://www.instagram.com/fiscor.plumbingandair,
ypid:YN32E284C5F605439C,Air Conditioning of Arizona,"7652 E Greenway Rd Ste 103, Scottsdale, AZ 85260",https://www.bing.com/th?id=OLC.Zz+lxk6jeG+gQg480x360&pid=Local,https://www.bing.com/maps?cp=33.62615203857422%7E-111.91583251953125&lvl=17.0&q=Air%20Conditioning%20of%20Arizona%20%2C%207652%20E%20Greenway%20Rd%20Ste%20103%2C%20Scottsdale%2C%20AZ%2085260,33.62615203857422,-111.91583251953125,4.5,Yelp (72),HVAC services,Closed · Opens 07:00,https://www.acofaz.net/,(480) 250-3882,,"{""facebook"":""https://www.facebook.com/brentrbengtson/posts/10233351280151831"",""yelp"":""https://www.yelp.com/biz/air-conditioning-of-arizona-scottsdale-3?start=20""}",https://www.facebook.com/brentrbengtson/posts/10233351280151831,,
ypid:YN36264E404445378F,American Home Water & Air,"7720 E Evans Rd, Scottsdale, AZ 85260",https://www.bing.com/th?id=OLC.LZQD4Jg9FZKKsg480x360&pid=Local,https://www.bing.com/maps?cp=33.61697769165039%7E-111.91460418701172&lvl=17.0&q=American%20Home%20Water%20%26%20Air%20%2C%207720%20E%20Evans%20Rd%2C%20Scottsdale%2C%20AZ%2085260,33.61697769165039,-111.91460418701172,4.5,Yelp (651),HVAC services,Open 24 hours,https://americanhomewater.com/,(602) 726-1448,"americanhomewater@gmail.com,jane@americanhomewater.com,Donald.alaimo@amwater.com,info@ksez.com.pk","{""yelp"":""https://www.yelp.com/biz/american-home-water-and-air-phoenix-10"",""linkedin"":""https://www.linkedin.com/company/american-home-water-and-air"",""twitter"":""https://twitter.com/amerhomewater"",""facebook"":""https://www.facebook.com/americanhomewater""}",https://www.facebook.com/americanhomewater,,https://twitter.com/amerhomewater
ypid:YN42D15F491B0227D6,AZ Perfect Comfort Heating & Cooling,"20650 N 29th Pl Ste 104, Phoenix, AZ 85050",https://www.bing.com/th?id=OLC.ZygzbAIJAeQKSQ480x360&pid=Local,https://www.bing.com/maps?cp=33.674835205078125%7E-112.02082824707031&lvl=17.0&q=AZ%20Perfect%20Comfort%20Heating%20%26%20Cooling%20%2C%2020650%20N%2029th%20Pl%20Ste%20104%2C%20Phoenix%2C%20AZ%2085050,33.674835205078125,-112.02082824707031,4,Yelp (31),HVAC services,Closed · Opens 07:00,https://azperfectcomfort.com/,(602) 551-6223,info@azperfectcomfort.com,"{""facebook"":""https://www.facebook.com/harold.unger/posts/9587459687934757"",""linkedin"":""https://www.linkedin.com/company/az-perfect-comfort/"",""twitter"":""https://twitter.com/azperfectcomfrt"",""instagram"":""https://www.instagram.com/azperfectcomfort/"",""tiktok"":""https://www.tiktok.com/@azperfectcomfort"",""youtube"":""https://youtube.com/@azperfectcomfort"",""yelp"":""https://www.yelp.com/biz/az-perfect-comfort-phoenix""}",https://www.facebook.com/harold.unger/posts/9587459687934757,https://www.instagram.com/azperfectcomfort/,https://twitter.com/azperfectcomfrt
ypid:YN1C8BF30B354FFCE9,AC by J,"7595 E Gray Rd #1, Scottsdale, AZ 85260",https://www.bing.com/th?id=OLC.3r6lSJeSUXcNbA480x360&pid=Local,https://www.bing.com/maps?cp=33.612281799316406%7E-111.91737365722656&lvl=17.0&q=AC%20by%20J%20%2C%207595%20E%20Gray%20Rd%20%231%2C%20Scottsdale%2C%20AZ%2085260,33.612281799316406,-111.91737365722656,3.5,Yelp (219),HVAC services,Open 24 hours,https://acbyj.com/,(602) 607-0943,"clientrep@acbyj.com,CarringtonG@acbyj.com,WEBbryce@acbyj.com,clientrepresentative@acbyj.com","{""facebook"":""https://www.facebook.com/acbyj"",""twitter"":""https://twitter.com/acbyj"",""youtube"":""https://www.youtube.com/watch"",""linkedin"":""https://linkedin.com/company/air-conditioning-by-jay"",""pinterest"":""https://www.pinterest.com/acbyjay/"",""instagram"":""http://www.instagram.com/acbyjay"",""yelp"":""https://www.yelp.com/biz/ac-by-j-scottsdale?start=80""}",https://www.facebook.com/acbyj,http://www.instagram.com/acbyjay,https://twitter.com/acbyj
ypid:YN966734E96FE6F0BC,Larson Air Conditioning,"7363 E Adobe Dr Ste 101, Scottsdale, AZ 85255",https://www.bing.com/th?id=OLC.D7J0d0lAaMNDJw480x360&pid=Local,https://www.bing.com/maps?cp=33.68628692626953%7E-111.92224884033203&lvl=17.0&q=Larson%20Air%20Conditioning%20%2C%207363%20E%20Adobe%20Dr%20Ste%20101%2C%20Scottsdale%2C%20AZ%2085255,33.68628692626953,-111.92224884033203,5,Yelp (736),HVAC services,Closed · Opens 07:00,https://www.larsonairaz.com/,(480) 470-1280,"apsinfo@elaz.org,marketing@larsonairaz.com","{""yelp"":""https://www.yelp.com/biz/larson-air-conditioning-scottsdale"",""facebook"":""https://facebook.com/larsonairconditioning"",""twitter"":""https://twitter.com/larsonairaz"",""linkedin"":""https://www.linkedin.com/in/jaredlarson/"",""instagram"":""https://www.instagram.com/larsonairaz/""}",https://facebook.com/larsonairconditioning,https://www.instagram.com/larsonairaz/,https://twitter.com/larsonairaz
ypid:YNF671C7D9A155836D,Verde Sol Air,"724 Industrial Dr, Camp Verde, AZ 86322",https://www.bing.com/th?id=OLC.1ZX8CVVkVhjAIQ480x360&pid=Local,https://www.bing.com/maps?cp=34.58017349243164%7E-111.8809814453125&lvl=17.0&q=Verde%20Sol%20Air%20%2C%20724%20Industrial%20Dr%2C%20Camp%20Verde%2C%20AZ%2086322,34.58017349243164,-111.8809814453125,3,Yelp (22),HVAC services,Closed · Opens 07:00,http://verdesolair.com/,(928) 567-5315,"experts@verdesolair.com,rcopeland@verdesolair.com",,,,
ypid:YN6C2269754A453D0C,Worlock Air Conditioning & Heating,"8386 W Park View Ct, Peoria, AZ 85383",https://www.bing.com/th?id=OLC.x54ZuC61U1MPfA480x360&pid=Local,https://www.bing.com/maps?cp=33.704830169677734%7E-112.23960876464844&lvl=17.0&q=Worlock%20Air%20Conditioning%20%26%20Heating%20%2C%208386%20W%20Park%20View%20Ct%2C%20Peoria%2C%20AZ%2085383,33.704830169677734,-112.23960876464844,2.5,Yelp (54),HVAC services,Open 24 hours,https://www.worlockair.com/service-areas/peoria/,(623) 215-5444,,"{""facebook"":""https://www.facebook.com/worlockair/"",""instagram"":""https://www.instagram.com/worlockair/""}",https://www.facebook.com/worlockair/,https://www.instagram.com/worlockair/,
ypid:YNC1CF8E00FE578EAA,"Day & Night Air Conditioning, Heating, & Plumbing","3669 E La Salle St, Phoenix, AZ 85040",https://www.bing.com/th?id=OLC.VLvrlQcfhMSg7A480x360&pid=Local,https://www.bing.com/maps?cp=33.39675521850586%7E-112.00105285644531&lvl=17.0&q=Day%20%26%20Night%20Air%20Conditioning%2C%20Heating%2C%20%26%20Plumbing%20%2C%203669%20E%20La%20Salle%20St%2C%20Phoenix%2C%20AZ%2085040,33.39675521850586,-112.00105285644531,4,Yelp (353),HVAC services,Open 24 hours,https://www.dayandnightair.com/,(602) 584-7758,"Jeff@dayandnightair.com,MikeL@dayandnightair.com,WillyR@dayandnightair.com,JustinL@dayandnightair.com,BuzzF@DayandNightAir.com,TroyL@dayandnightair.com,StevenK@dayandnightair.com,JeffCarmichael@dayandnightair.com,Maria@dayandnightair.com,PhillipM@dayandnightair.com,ErinG@dayandnightair.com,MelissaH@dayandnightair.com,lisas@dayandnightair.com,rickhelfrich@gmail.com,jeff@dayandnightair.com,sward@amsofusa.com,sbrassard@uapinc.com,support@dayandnightair.com,info@dayandnightair.com","{""facebook"":""https://www.facebook.com/dayandnightairconditioningheatingplumbing"",""twitter"":""https://twitter.com/#!/dayandnighthvac"",""linkedin"":""https://www.linkedin.com/company/day-&-night-air-conditioning-heating-&-plumbing/"",""instagram"":""https://www.instagram.com/dayandnightair/"",""youtube"":""https://www.youtube.com/user/dayandnighthvac?feature=mhee""}",https://www.facebook.com/dayandnightairconditioningheatingplumbing,https://www.instagram.com/dayandnightair/,https://twitter.com/#!/dayandnighthvac
ypid:YN463DF852B86E071F,Wolff Mechanical,"1701 S Indian Bend Rd Ste 101, Tempe, AZ 85288",https://www.bing.com/th?id=OLC.rbDvuARtmPTdjA480x360&pid=Local,https://www.bing.com/maps?cp=33.40996170043945%7E-111.88951873779297&lvl=17.0&q=Wolff%20Mechanical%20%2C%201701%20S%20Indian%20Bend%20Rd%20Ste%20101%2C%20Tempe%2C%20AZ%2085288,33.40996170043945,-111.88951873779297,3.5,Yelp (60),HVAC services,Closed · Opens 07:00,https://www.azairconditioning.com/,(480) 968-8208,"help@pipecity.co.kr,tax@pipecity.co.kr,robert@nhplumbing.com,robert@azairconditioning.com","{""facebook"":""https://www.facebook.com/wolffmechanical/"",""twitter"":""https://twitter.com/wolffmechanical"",""youtube"":""https://www.youtube.com/user/wolffmechanicalaz"",""linkedin"":""https://www.linkedin.com/company/wolff-mechanical-inc-"",""yelp"":""https://www.yelp.com/biz/wolff-mechanical-tempe-4?adjust_creative=microsoft&utm_campaign=yelp_feed&utm_medium=feed_v2&utm_source=microsoft""}",https://www.facebook.com/wolffmechanical/,,https://twitter.com/wolffmechanical
ypid:YN573A18484049909C,"Bell Air Conditioning, LLC.","12455 N 92nd Dr Suite 109, Peoria, AZ 85381",https://www.bing.com/th?id=OLC.QUtm3ijRp9Nh3w480x360&pid=Local,https://www.bing.com/maps?cp=33.597442626953125%7E-112.25653839111328&lvl=17.0&q=Bell%20Air%20Conditioning%2C%20LLC.%20%2C%2012455%20N%2092nd%20Dr%20Suite%20109%2C%20Peoria%2C%20AZ%2085381,33.597442626953125,-112.25653839111328,4.5,Yelp (77),HVAC services,Opens in 24 mins,http://www.bellairconditioningaz.com/,(623) 748-3324,,,,,
ypid:YNCE1F355635D398D8,"Air-zona Air Conditioning, Heating & Ventilation L.L.C.","9299 W Olive Ave Ste 202, Peoria, AZ 85345",https://www.bing.com/th?id=OLC.RBoBO0oglbt8zg480x360&pid=Local,https://www.bing.com/maps?cp=33.565250396728516%7E-112.25843048095703&lvl=17.0&q=Air-zona%20Air%20Conditioning%2C%20Heating%20%26%20Ventilation%20L.L.C.%20%2C%209299%20W%20Olive%20Ave%20Ste%20202%2C%20Peoria%2C%20AZ%2085345,33.565250396728516,-112.25843048095703,4.5,Yelp (35),HVAC services,Closed · Opens 08:00,https://www.air-zona.net/,(602) 584-5439,sales@coolzone-ac.com,"{""facebook"":""https://www.facebook.com/pages/air-zona-air-conditioning-heating-and-ventilation-llc/126624954035614"",""yelp"":""https://www.yelp.com/biz/air-zona-air-conditioning-phoenix"",""instagram"":""https://www.instagram.com/air_zona_air_conditioning/""}",https://www.facebook.com/pages/air-zona-air-conditioning-heating-and-ventilation-llc/126624954035614,https://www.instagram.com/air_zona_air_conditioning/,
ypid:YN98CF912AD9FE2AF3,JDL Refrigeration,"627 W 2nd Ave, Mesa, AZ 85210",https://www.bing.com/th?id=OLC.t/KhAR4gLfZ/IA480x360&pid=Local,https://www.bing.com/maps?cp=33.4111442565918%7E-111.84489440917969&lvl=17.0&q=JDL%20Refrigeration%20%2C%20627%20W%202nd%20Ave%2C%20Mesa%2C%20AZ%2085210,33.4111442565918,-111.84489440917969,4.5,Yelp (16),HVAC services,Open 24 hours,http://jdlrefrigeration.com/,(480) 833-2665,admin@jdlrefrigeration.com,"{""facebook"":""https://www.facebook.com/jdlrefrigeration"",""linkedin"":""https://www.linkedin.com/company/101849871/admin/feed/posts/"",""instagram"":""https://www.instagram.com/jdlrefrigeration/""}",https://www.facebook.com/jdlrefrigeration,https://www.instagram.com/jdlrefrigeration/,
ypid:YNC9E40E8860BF62F6,"D.W. Plumbing, Heating & Cooling Inc.","3719 N 32nd Ave, Phoenix, AZ 85017",https://www.bing.com/th?id=OLC.kzrJwEGclzefGg480x360&pid=Local,https://www.bing.com/maps?cp=33.49105453491211%7E-112.12682342529297&lvl=17.0&q=D.W.%20Plumbing%2C%20Heating%20%26%20Cooling%20Inc.%20%2C%203719%20N%2032nd%20Ave%2C%20Phoenix%2C%20AZ%2085017,33.49105453491211,-112.12682342529297,4,Yelp (11),Plumbing,Open 24 hours,http://www.dwplumbing.com/,(623) 979-6778,"Office@dwplumbers.com,designs@gmail.com,shlko22@hanmail.net,dwplumbing@hotmail.co.uk,byrneplumbing@outlook.com,dwplumbing@aol.com,arandaplumbing@yahoo.com,office@dwplumbers.com","{""youtube"":""https://www.youtube.com/feed/history?utm_source=pp"",""facebook"":""https://www.facebook.com/dwconstruindosonhos/""}",https://www.facebook.com/dwconstruindosonhos/,,
ypid:YNFE8DDFF89485D905,"Reeis Air Conditioning, Plumbing & Electrical","3525 E Corona Ave, Phoenix, AZ 85040",https://www.bing.com/th?id=OLC.pmxulOyfyDJWBw480x360&pid=Local,https://www.bing.com/maps?cp=33.40498352050781%7E-112.00509643554688&lvl=17.0&q=Reeis%20Air%20Conditioning%2C%20Plumbing%20%26%20Electrical%20%2C%203525%20E%20Corona%20Ave%2C%20Phoenix%2C%20AZ%2085040,33.40498352050781,-112.00509643554688,4,Yelp (115),HVAC services,Open 24 hours,http://reeis.com/,(480) 581-5683,"service@reeis.com,jsmith@reeis.com,info@reeis.com,FLast@reeis.com","{""yelp"":""https://www.yelp.com/biz/reeis-phoenix-7?hrid=77t6koucmcfzzhm7cwcktg&utm_campaign=www_review_share_popup&utm_medium=copy_link&utm_source=(direct)"",""facebook"":""https://www.facebook.com/tracy.burns.564/posts/pfbid074brnvqhjt42drgjpgsr3zdxrdh8pgabaegnagbvhxyezdynggcp21q2rbsazsp6l#"",""instagram"":""https://www.instagram.com/reeis_ac/"",""youtube"":""https://www.youtube.com/@reeis_ac_plumbing_electrical"",""linkedin"":""https://www.linkedin.com/company/reeis/""}",https://www.facebook.com/tracy.burns.564/posts/pfbid074brnvqhjt42drgjpgsr3zdxrdh8pgabaegnagbvhxyezdynggcp21q2rbsazsp6l#,https://www.instagram.com/reeis_ac/,
ypid:YNEB14BD8D720223AC,"Angel Air Cooling & Heating, LLC","20427 E Ocotillo Rd, Queen Creek, AZ 85142",https://www.bing.com/th?id=OLC.1ouW+y2vB9cZPg480x360&pid=Local,https://www.bing.com/maps?cp=33.24840545654297%7E-111.64196014404297&lvl=17.0&q=Angel%20Air%20Cooling%20%26%20Heating%2C%20LLC%20%2C%2020427%20E%20Ocotillo%20Rd%2C%20Queen%20Creek%2C%20AZ%2085142,33.24840545654297,-111.64196014404297,4.5,Yelp (64),HVAC services,Closed · Opens 08:00,http://www.angelaircooling.com/,(480) 298-0353,office@angelaircooling.com,"{""facebook"":""https://www.facebook.com/angelaircooling""}",https://www.facebook.com/angelaircooling,,
ypid:YN8378F01F58E800A2,Precision Air & Plumbing,"3045 N Colorado St Ste 3, Chandler, AZ 85225",https://www.bing.com/th?id=OLC.7g+qSF0GCi9bCw480x360&pid=Local,https://www.bing.com/maps?cp=33.35097122192383%7E-111.8356704711914&lvl=17.0&q=Precision%20Air%20%26%20Plumbing%20%2C%203045%20N%20Colorado%20St%20Ste%203%2C%20Chandler%2C%20AZ%2085225,33.35097122192383,-111.8356704711914,2.5,Yelp (429),HVAC services,Open 24 hours,http://precisionairandplumbing.com/,(602) 490-8566,"customer@602fixmyac.com,plumbing@602fixmyac.com,sales@602fixmyac.com,info@602fixmyac.com,customerservice@602fixmyac.com,jobs@602fixmyac.com,designs@gmail.com","{""youtube"":""https://www.youtube.com/user/precisionairheataz?app=desktop"",""facebook"":""https://www.facebook.com/precisionaz"",""instagram"":""https://www.instagram.com/precisionairplumbing/"",""twitter"":""https://twitter.com/precisionaz"",""yelp"":""https://www.yelp.com/biz/precision-air-and-plumbing-chandler""}",https://www.facebook.com/precisionaz,https://www.instagram.com/precisionairplumbing/,https://twitter.com/precisionaz
ypid:YN22EC761E1E144EB9,Parker & Sons,"3636 E Anne St, Phoenix, AZ 85040",https://www.bing.com/th?id=OLC.eLvFx8eZ5q1FMA480x360&pid=Local,https://www.bing.com/maps?cp=33.41381072998047%7E-112.00231170654297&lvl=17.0&q=Parker%20%26%20Sons%20%2C%203636%20E%20Anne%20St%2C%20Phoenix%2C%20AZ%2085040,33.41381072998047,-112.00231170654297,2.5,Yelp (1880),HVAC services,Open 24 hours,https://www.parkerandsons.com/,(602) 424-9619,"privacypolicy@wrenchgroup.com,Smith@parkerandsons.com,privacy@wrenchgroup.com,careers@parkerandsons.com,profiles@birdeye.com,mmcnally@wrenchgroup.com,smalayter@greenhousepartners.com,info@parkerandsons.com,justinekelly@parkerandsons.com,KBridges@parkerandsons.com,randy@pristenewater.com,Rons@centralazsupply.com,electricalpermit@parkerandsons.com,xblocher3159@parkerandsons.com,dpadron@parkerandsons.com","{""twitter"":""https://twitter.com/parkerandsons"",""facebook"":""https://www.facebook.com/settings?tab=ads"",""youtube"":""https://www.youtube.com/channel/uckeuy3j38tv9mdmivp3omdw/videos""}",https://www.facebook.com/settings?tab=ads,,https://twitter.com/parkerandsons
ypid:YNDB6DF4C12F7A6507,Semper Fi Heating and Cooling,"1335 S Clearview Ave, Mesa, AZ 85209",https://www.bing.com/th?id=OLC.a04H5c6kDUQe9w480x360&pid=Local,https://www.bing.com/maps?cp=33.390625%7E-111.6767578125&lvl=17.0&q=Semper%20Fi%20Heating%20and%20Cooling%20%2C%201335%20S%20Clearview%20Ave%2C%20Mesa%2C%20AZ%2085209,33.390625,-111.6767578125,3,Yelp (547),HVAC services,Open 24 hours,https://www.semperfiheatingcooling.com/,(480) 741-1440,"customercare@semperfiheatingcooling.com,semperficooling@yahoo.com,customerservice@semperfiheatingcooling.com,careers@semperfiheatingcooling.com,financeiro@servtherm.com.br","{""facebook"":""https://www.facebook.com/mesamarket/videos/meet-jesse-owner-of-semper-fi-heating-cooling/1562867777064810/"",""youtube"":""https://www.youtube.com/watch?v=05zd10uu0re"",""yelp"":""https://www.yelp.com/biz/semper-fi-heating-and-cooling-mesa-2?start=10"",""twitter"":""https://www.twitter.com/semperfi_air"",""instagram"":""https://www.instagram.com/semperfi_heatingandcooling""}",https://www.facebook.com/mesamarket/videos/meet-jesse-owner-of-semper-fi-heating-cooling/1562867777064810/,https://www.instagram.com/semperfi_heatingandcooling,https://www.twitter.com/semperfi_air
ypid:YN44A989EB1D9A7D28,Goettl Air Conditioning and Plumbing - Phoenix AZ,"4611 E Baseline Rd, Phoenix, AZ 85042",https://www.bing.com/th?id=OLC.7CsLPmC7vJtAFA480x360&pid=Local,https://www.bing.com/maps?cp=33.377315521240234%7E-111.98336791992188&lvl=17.0&q=Goettl%20Air%20Conditioning%20and%20Plumbing%20-%20Phoenix%20AZ%20%2C%204611%20E%20Baseline%20Rd%2C%20Phoenix%2C%20AZ%2085042,33.377315521240234,-111.98336791992188,2.5,Yelp (1029),HVAC services,Open 24 hours,https://www.goettl.com/location/phoenix-arizona/,(602) 517-0039,"compliance@goettl.com,procon@procon.co.kr,HR@Goettl.com,natalie.dapolito@acca.org,John.Smith@goettl.com,yslee@kbs.co.kr,mollie.toland@goettl.com,egreen523@aol.com,jane.doe@goettl.com,amber.mckee@goettl.com","{""facebook"":""https://www.facebook.com/goettl/"",""twitter"":""https://twitter.com/goettlair"",""instagram"":""https://www.instagram.com/goettlair/"",""youtube"":""https://www.youtube.com/channel/ucbgzj2yove0renm4spvj_qw"",""tiktok"":""https://www.tiktok.com/@goettlair"",""yelp"":""https://yelp.com/biz/goettl-air-conditioning-and-plumbing-phoenix-phoenix?override_cta=get pricing""}",https://www.facebook.com/goettl/,https://www.instagram.com/goettlair/,https://twitter.com/goettlair
ypid:YN3F9B42F52E9CD8C3,OZ Heating & Cooling LLC,"Private Address in , Arizona",,https://www.bing.com/maps?cp=34.21457290649414%7E-111.67737579345703&lvl=17.0&q=OZ%20Heating%20%26%20Cooling%20LLC%20%2C%20Private%20Address%20in%20%2C%20Arizona,34.21457290649414,-111.67737579345703,,,HVAC services,Closed · Opens 07:00,https://ozheatingandcooling.voolt.com/,(480) 343-7228,,,,,
ypid:YNA48DC44F2C9512B,Desert Foothills Air Conditioning & Heating Inc,"35880 N Creek View Ln, Cave Creek, AZ 85331",https://www.bing.com/th?id=OLC.hDjrus3g5mqSxg480x360&pid=Local,https://www.bing.com/maps?cp=33.81119155883789%7E-111.97624969482422&lvl=17.0&q=Desert%20Foothills%20Air%20Conditioning%20%26%20Heating%20Inc%20%2C%2035880%20N%20Creek%20View%20Ln%2C%20Cave%20Creek%2C%20AZ%2085331,33.81119155883789,-111.97624969482422,4.5,Yelp (17),HVAC services,Closed · Opens 08:00,https://www.desertfoothillsac.com/,(480) 595-0938,,"{""facebook"":""https://www.facebook.com/desertfoothillsac/"",""youtube"":""https://www.youtube.com/feed/history?utm_source=pp"",""yelp"":""https://www.yelp.com/biz/desert-foothills-air-conditioning-and-heating-cave-creek""}",https://www.facebook.com/desertfoothillsac/,,
ypid:YN8FC4F59352A2DB6E,SG Mechanical Heating & Air - HVAC Contractor,"1745 W Williams Dr, Deer Valley, AZ",https://www.bing.com/th?id=OLC.npPumxU75gzchA480x360&pid=Local,https://www.bing.com/maps?cp=33.688941955566406%7E-112.09568786621094&lvl=17.0&q=SG%20Mechanical%20Heating%20%26%20Air%20-%20HVAC%20Contractor%20%2C%201745%20W%20Williams%20Dr%2C%20Deer%20Valley%2C%20AZ,33.688941955566406,-112.09568786621094,4.5,Yelp (24),HVAC services,Open 24 hours,https://www.sgmechanicalair.com/,(623) 777-9577,info@sgmechanicalair.com,"{""tiktok"":""https://www.tiktok.com/@sgmechanicalair"",""youtube"":""https://www.youtube.com/@sgmechanicalllc4303"",""instagram"":""https://www.instagram.com/sgmechanicalair/?hl=en"",""pinterest"":""https://www.pinterest.com/sgmgreenac"",""facebook"":""https://www.facebook.com/profile.php?id=61584262574683""}",https://www.facebook.com/profile.php?id=61584262574683,https://www.instagram.com/sgmechanicalair/?hl=en,
ypid:YNC404BAE8CAD657FE,Northern Arizona Heating & Air,"5860 N Sherril Dr, Prescott Valley, AZ 86314",https://www.bing.com/th?id=OLC.OEM9YmtFTxOFFQ480x360&pid=Local,https://www.bing.com/maps?cp=34.627132415771484%7E-112.31724548339844&lvl=17.0&q=Northern%20Arizona%20Heating%20%26%20Air%20%2C%205860%20N%20Sherril%20Dr%2C%20Prescott%20Valley%2C%20AZ%2086314,34.627132415771484,-112.31724548339844,4.5,Yelp (8),Home service,Closed · Opens 08:00,https://www.nazair.net/,(928) 772-7751,"mary@nazair.net,rh@nazanet.com.br,nazairhvac@gmail.com","{""facebook"":""https://www.facebook.com/lisajeanallen/posts/10160084959606191"",""yelp"":""https://www.yelp.com/biz/northern-arizona-heating-and-air-prescott-valley-3""}",https://www.facebook.com/lisajeanallen/posts/10160084959606191,,
ypid:YN7A53C6191FC9E724,Desert Comfort Mechanical,"7335 E Acoma Dr Ste 103, Scottsdale, AZ 85260",https://www.bing.com/th?id=OLC.fOOD2PIylcnBYA480x360&pid=Local,https://www.bing.com/maps?cp=33.617496490478516%7E-111.92314147949219&lvl=17.0&q=Desert%20Comfort%20Mechanical%20%2C%207335%20E%20Acoma%20Dr%20Ste%20103%2C%20Scottsdale%2C%20AZ%2085260,33.617496490478516,-111.92314147949219,5,Yelp (56),HVAC services,Open · Closes 23:59,https://www.desertcomfortmechanical.com/,(480) 483-3099,info@desertcomfortmechanical.com,"{""twitter"":""https://x.com/desert_comfort"",""facebook"":""https://www.facebook.com/desert.comfort.mechanical/"",""instagram"":""https://www.instagram.com/desert_comfort/""}",https://www.facebook.com/desert.comfort.mechanical/,https://www.instagram.com/desert_comfort/,https://x.com/desert_comfort
ypid:YN1EA33AA1957E3546,King Mechanical LLC,"2331 W Royal Palm Rd, Phoenix, AZ 85021",https://www.bing.com/th?id=OLC.auDF8Lu9AZxH7A480x360&pid=Local,https://www.bing.com/maps?cp=33.55573272705078%7E-112.1102294921875&lvl=17.0&q=King%20Mechanical%20LLC%20%2C%202331%20W%20Royal%20Palm%20Rd%2C%20Phoenix%2C%20AZ%2085021,33.55573272705078,-112.1102294921875,3.5,Yelp (6),HVAC services,Closed · Opens 07:00,http://www.azairking.com/,(623) 247-5464,londrina@lojakings.com.br,"{""facebook"":""https://www.facebook.com/kingmechanicalaz/?ref=br_rs"",""instagram"":""https://www.instagram.com/kingmechanicalaz/?hl=en""}",https://www.facebook.com/kingmechanicalaz/?ref=br_rs,https://www.instagram.com/kingmechanicalaz/?hl=en,
ypid:YN7CBCAC70B2C5FA36,Crawford Mechanical Services,"408 S Hamilton Ct, Gilbert, AZ 85233",https://www.bing.com/th?id=OLC.0Cdme+X9p0YiOw480x360&pid=Local,https://www.bing.com/maps?cp=33.342262268066406%7E-111.83231353759766&lvl=17.0&q=Crawford%20Mechanical%20Services%20%2C%20408%20S%20Hamilton%20Ct%2C%20Gilbert%2C%20AZ%2085233,33.342262268066406,-111.83231353759766,,,Contractor,Closed · Opens 07:00,https://cmsaz.com/phoenix-az-hvac-contractor/,(866) 722-1267,info@cmsaz.com,"{""linkedin"":""https://www.linkedin.com/company/crawford-mechanical-services"",""facebook"":""https://www.facebook.com/crawfordmechanicalsvcs/"",""instagram"":""https://www.instagram.com/crawfordmechanical/"",""youtube"":""https://www.youtube.com/@crawfordmechanicalservices"",""yelp"":""https://www.yelp.com/biz/crawford-mechanical-services-gilbert-2""}",https://www.facebook.com/crawfordmechanicalsvcs/,https://www.instagram.com/crawfordmechanical/,
ypid:YNDE79A5F1BE65E2C2,Howard Air Service Center,"13235 N Cave Creek Rd, Phoenix, AZ 85022",https://www.bing.com/th?id=OLC.aMNsLaB5zVkzyQ480x360&pid=Local,https://www.bing.com/maps?cp=33.607540130615234%7E-112.03596496582031&lvl=17.0&q=Howard%20Air%20Service%20Center%20%2C%2013235%20N%20Cave%20Creek%20Rd%2C%20Phoenix%2C%20AZ%2085022,33.607540130615234,-112.03596496582031,3.5,Yelp (163),HVAC services,Open 24 hours,https://howardair.com/,(602) 428-4239,"asknate@natex.org,apsinfo@elaz.org,thoward@howardair.com","{""facebook"":""https://www.facebook.com/natetechnicians"",""twitter"":""https://twitter.com/natetechnicians"",""linkedin"":""https://www.linkedin.com/company/natetechnicians"",""instagram"":""https://www.instagram.com/nate_techs/"",""youtube"":""https://www.youtube.com/channel/uc3mk-c-uy73pc1n03eqyu3a"",""tiktok"":""https://www.tiktok.com/@nate_techs"",""yelp"":""https://www.yelp.com/biz/howard-air-phoenix-7""}",https://www.facebook.com/natetechnicians,https://www.instagram.com/nate_techs/,https://twitter.com/natetechnicians
ypid:YNE577F3041AB01115,Alaskan Air Conditioning & Heating,"2428 W Campus Dr, Tempe, AZ 85282",https://www.bing.com/th?id=OLC.A9woJ7HLL7sLdw480x360&pid=Local,https://www.bing.com/maps?cp=33.398929595947266%7E-111.97467803955078&lvl=17.0&q=Alaskan%20Air%20Conditioning%20%26%20Heating%20%2C%202428%20W%20Campus%20Dr%2C%20Tempe%2C%20AZ%2085282,33.398929595947266,-111.97467803955078,2.5,Yelp (167),HVAC services,Open 24 hours,https://www.alaskanac.com/phoenix-az/service-area/tempe-az-hvac-services/,(602) 529-5555,"yourname@yourbusiness.com,aleknagiktraditional@yahoo.com,info@sensesbeautysalon.co.za,info@alaskanac.com","{""facebook"":""https://www.facebook.com/alaskanactucson/"",""twitter"":""https://twitter.com/alaskanacaz"",""youtube"":""https://www.youtube.com/user/mralaskanaz"",""linkedin"":""https://www.linkedin.com/company/alaskan-home-services"",""instagram"":""https://www.instagram.com/alaskanac/"",""yelp"":""https://www.yelp.com/biz/alaskan-air-conditioning-and-heating-tucson""}",https://www.facebook.com/alaskanactucson/,https://www.instagram.com/alaskanac/,https://twitter.com/alaskanacaz
ypid:YNA3C78525D9AC72A2,Your Phoenix HVAC Contractor,"2740 E Marguerite Ave, Phoenix, AZ 85040",https://www.bing.com/th?id=OLC.9srw3WkzHT98zg480x360&pid=Local,https://www.bing.com/maps?cp=33.405372619628906%7E-112.02194213867188&lvl=17.0&q=Your%20Phoenix%20HVAC%20Contractor%20%2C%202740%20E%20Marguerite%20Ave%2C%20Phoenix%2C%20AZ%2085040,33.405372619628906,-112.02194213867188,,,HVAC services,Open 24 hours,https://www.heatingcoolingphoenix.com/,(602) 753-4851,,,,,
ypid:YN7E7573678B968452,Glendale HVAC Contractor Pro LLC,"4817 W Cheryl Dr, Glendale, AZ 85302",https://www.bing.com/th?id=OLC.xVJikkdiVbI8Vg480x360&pid=Local,https://www.bing.com/maps?cp=33.578819274902344%7E-112.1627426147461&lvl=17.0&q=Glendale%20HVAC%20Contractor%20Pro%20LLC%20%2C%204817%20W%20Cheryl%20Dr%2C%20Glendale%2C%20AZ%2085302,33.578819274902344,-112.1627426147461,,,HVAC services,Closed · Opens 08:00,https://www.prohvacofglendale.com/,(623) 292-8992,"info@prohvacofglendale.com,info@prohvacglendale.com","{""facebook"":""https://www.facebook.com/prohvaccontractor"",""twitter"":""https://twitter.com/pro_glendale"",""pinterest"":""https://www.pinterest.com/prohvaccontllc/""}",https://www.facebook.com/prohvaccontractor,,https://twitter.com/pro_glendale
ypid:YN94FCC9BEBAC7BA1E,Semper Fi Heating and Cooling,"9720 W Peoria Ave #107, Peoria, AZ 85345",https://www.bing.com/th?id=OLC.W95cpKMHXTUItg480x360&pid=Local,https://www.bing.com/maps?cp=33.58122634887695%7E-112.26851654052734&lvl=17.0&q=Semper%20Fi%20Heating%20and%20Cooling%20%2C%209720%20W%20Peoria%20Ave%20%23107%2C%20Peoria%2C%20AZ%2085345,33.58122634887695,-112.26851654052734,2,Yelp (41),HVAC services,Open 24 hours,https://www.semperfiheatingcooling.com/heating-cooling-peoria-az/,(480) 885-1999,"customercare@semperfiheatingcooling.com,semperficooling@yahoo.com,customerservice@semperfiheatingcooling.com,careers@semperfiheatingcooling.com,financeiro@servtherm.com.br","{""facebook"":""https://www.facebook.com/semperficooling/"",""youtube"":""https://www.youtube.com/channel/ucibivrsodrau8ia9mbvc6iw"",""yelp"":""https://www.yelp.com/biz/semper-fi-heating-and-cooling-peoria?adjust_creative=microsoft&utm_campaign=yelp_feed&utm_medium=feed_v2&utm_source=microsoft""}",https://www.facebook.com/semperficooling/,,
ypid:YN39D2989C9FBF9FA0,AZ Insulation & HVAC Solutions,"7205 E Southern Ave Suite 120, Mesa, AZ 85209",https://www.bing.com/th?id=OLC.j36X4bCEWksTHw480x360&pid=Local,https://www.bing.com/maps?cp=33.392181396484375%7E-111.6756362915039&lvl=17.0&q=AZ%20Insulation%20%26%20HVAC%20Solutions%20%2C%207205%20E%20Southern%20Ave%20Suite%20120%2C%20Mesa%2C%20AZ%2085209,33.392181396484375,-111.6756362915039,4,Yelp (39),Insulation installation,Closed · Opens 07:00,https://www.az-insulation.com/,(480) 462-6557,,"{""facebook"":""https://www.facebook.com/azinsulation"",""instagram"":""https://www.instagram.com/az_insulation/"",""youtube"":""https://www.youtube.com/@azinsulationhvacsolutions""}",https://www.facebook.com/azinsulation,https://www.instagram.com/az_insulation/,
ypid:YN7C9F82E113CF31D0,Arizona TradeMasters,"9417 N 11th Ave, Phoenix, AZ 85021",https://www.bing.com/th?id=OLC.fU64HTorRj8PZw480x360&pid=Local,https://www.bing.com/maps?cp=33.57208251953125%7E-112.08659362792969&lvl=17.0&q=Arizona%20TradeMasters%20%2C%209417%20N%2011th%20Ave%2C%20Phoenix%2C%20AZ%2085021,33.57208251953125,-112.08659362792969,3.5,Yelp (130),HVAC services,Closed · Opens 08:00,https://www.aztrademasters.com/,(602) 324-1840,"service@aztrademasters.com,324-1840service@aztrademasters.com","{""facebook"":""https://www.facebook.com/308656145860639/"",""yelp"":""https://www.yelp.com/biz/arizona-trade-masters-phoenix?start=20""}",https://www.facebook.com/308656145860639/,,
ypid:YNFD19EAD2A3667FCA,Howard Air Showroom & Design Center,"17855 N Black Cyn Hwy, Phoenix, AZ 85023",https://www.bing.com/th?id=OLC.190r4SZABA2qGQ480x360&pid=Local,https://www.bing.com/maps?cp=33.64948272705078%7E-112.11404418945312&lvl=17.0&q=Howard%20Air%20Showroom%20%26%20Design%20Center%20%2C%2017855%20N%20Black%20Cyn%20Hwy%2C%20Phoenix%2C%20AZ%2085023,33.64948272705078,-112.11404418945312,3.5,Yelp (53),HVAC supplier,Closed · Opens 09:00,https://howardair.com/,(602) 805-8215,"asknate@natex.org,apsinfo@elaz.org,thoward@howardair.com","{""facebook"":""https://www.facebook.com/natetechnicians"",""twitter"":""https://twitter.com/natetechnicians"",""linkedin"":""https://www.linkedin.com/company/natetechnicians"",""instagram"":""https://www.instagram.com/nate_techs/"",""youtube"":""https://www.youtube.com/channel/uc3mk-c-uy73pc1n03eqyu3a"",""tiktok"":""https://www.tiktok.com/@nate_techs""}",https://www.facebook.com/natetechnicians,https://www.instagram.com/nate_techs/,https://twitter.com/natetechnicians
ypid:YNE16378AAEE7C2A0F,William's Air Conditioning & Heating,"15359 W Morning Glory St, Goodyear, AZ 85338",https://www.bing.com/th?id=OLC.lKrSe/RrMCsV7A480x360&pid=Local,https://www.bing.com/maps?cp=33.444183349609375%7E-112.38977813720703&lvl=17.0&q=William's%20Air%20Conditioning%20%26%20Heating%20%2C%2015359%20W%20Morning%20Glory%20St%2C%20Goodyear%2C%20AZ%2085338,33.444183349609375,-112.38977813720703,3,Yelp (15),HVAC services,Open 24 hours,http://www.williamsairandheating.com/,(623) 250-2910,williamsairandheating@gmail.com,"{""facebook"":""https://www.facebook.com/williamsacrepair/"",""instagram"":""https://www.instagram.com/williamsairandheating/?hl=en"",""youtube"":""https://www.youtube.com/@williamsairandheating"",""twitter"":""https://twitter.com/willsacrepair""}",https://www.facebook.com/williamsacrepair/,https://www.instagram.com/williamsairandheating/?hl=en,https://twitter.com/willsacrepair
ypid:YNFCF010DEA933F8E2,Tempe Mechanical Fabrication & Training Facility,"303 W Elliot Rd #101, Tempe, AZ 85284",https://www.bing.com/th?id=OLC.VoXmszRh2yLJxQ480x360&pid=Local,https://www.bing.com/maps?cp=33.348690032958984%7E-111.94324493408203&lvl=17.0&q=Tempe%20Mechanical%20Fabrication%20%26%20Training%20Facility%20%2C%20303%20W%20Elliot%20Rd%20%23101%2C%20Tempe%2C%20AZ%2085284,33.348690032958984,-111.94324493408203,,,Building contractor,Opens in 24 mins,https://tempemechanical.net/,(480) 820-1235,"Info@tempemechanical.net,joeyoung@tempemechanical.net,info@tempemechanical.net","{""facebook"":""https://www.facebook.com/tempemech"",""linkedin"":""https://www.linkedin.com/company/tempe-mechanical/"",""instagram"":""https://www.instagram.com/tempemechanical/"",""twitter"":""https://twitter.com/tempemechanical""}",https://www.facebook.com/tempemech,https://www.instagram.com/tempemechanical/,https://twitter.com/tempemechanical
ypid:YN8081B6BAF4F53BCE,Team AIR-Zona HVAC Air Conditioning & Heating,"2191 W Agrarian Hills Dr, Queen Creek, AZ 85144",https://www.bing.com/th?id=OLC.ixVgJMt3j/i8qA480x360&pid=Local,https://www.bing.com/maps?cp=33.18500518798828%7E-111.58960723876953&lvl=17.0&q=Team%20AIR-Zona%20HVAC%20Air%20Conditioning%20%26%20Heating%20%2C%202191%20W%20Agrarian%20Hills%20Dr%2C%20Queen%20Creek%2C%20AZ%2085144,33.18500518798828,-111.58960723876953,5,Yelp (64),HVAC services,Closed · Opens 08:00,https://teamairzona.com/,(480) 887-4623,info@teamairzona.com,"{""facebook"":""https://www.facebook.com/teamairzona"",""youtube"":""https://www.youtube.com/channel/ucncoqz1de8rc9va7-7ihimq/featured"",""instagram"":""https://www.instagram.com/teamairzona/"",""linkedin"":""https://www.linkedin.com/company/team-air-zona/"",""tiktok"":""https://www.tiktok.com/@teamairzona1"",""yelp"":""https://www.yelp.com/biz/team-air-zona-queen-creek""}",https://www.facebook.com/teamairzona,https://www.instagram.com/teamairzona/,
ypid:YNAD2A985E2E322655,Pueblo Mechanical & Controls,"3930 E Watkins St Ste 300, Phoenix, AZ 85034",,https://www.bing.com/maps?cp=33.424625396728516%7E-111.99675750732422&lvl=17.0&q=Pueblo%20Mechanical%20%26%20Controls%20%2C%203930%20E%20Watkins%20St%20Ste%20300%2C%20Phoenix%2C%20AZ%2085034,33.424625396728516,-111.99675750732422,,,Corporate office,Open 24 hours,https://pueblo-mechanical.com/,(800) 840-9170,privacy@modigent.com,"{""linkedin"":""https://www.linkedin.com/company/pueblo-mechanical-&-controls-inc"",""facebook"":""https://www.facebook.com/pueblomechanical""}",https://www.facebook.com/pueblomechanical,,
ypid:YND8B16ED33B35A018,North Mechanical Heating & Air Conditioning,"906 S McLane Rd, Payson, AZ 85541",https://www.bing.com/th?id=OLC.efr6J6ndPRRiDg480x360&pid=Local,https://www.bing.com/maps?cp=34.22903823852539%7E-111.33594512939453&lvl=17.0&q=North%20Mechanical%20Heating%20%26%20Air%20Conditioning%20%2C%20906%20S%20McLane%20Rd%2C%20Payson%2C%20AZ%2085541,34.22903823852539,-111.33594512939453,3,Yelp (17),HVAC services,Open 24 hours,https://www.upnorthair.com/,(928) 468-9400,"info@upnorthair.com,info@strategicamerica.com","{""facebook"":""https://www.facebook.com/upnorthair"",""twitter"":""https://www.twitter.com/upnorthair"",""youtube"":""https://www.youtube.com/channel/ucge0gyar1jjmwcq5xf6yasg"",""yelp"":""https://www.yelp.com/biz/north-mechanical-payson-3?adjust_creative=microsoft&utm_campaign=yelp_feed&utm_medium=feed_v2&utm_source=microsoft""}",https://www.facebook.com/upnorthair,,https://www.twitter.com/upnorthair
ypid:YN964A000C33E03732,Expert HVAC Services Inc,"23650 N 35th Dr #120, Glendale, AZ 85310",https://www.bing.com/th?id=OLC.fDj+G51z0ah6lQ480x360&pid=Local,https://www.bing.com/maps?cp=33.70191955566406%7E-112.13713836669922&lvl=17.0&q=Expert%20HVAC%20Services%20Inc%20%2C%2023650%20N%2035th%20Dr%20%23120%2C%20Glendale%2C%20AZ%2085310,33.70191955566406,-112.13713836669922,,,HVAC services,Closed · Opens 08:00,https://www.experthvacservices.com/,(623) 594-2488,"office@experthvacservices.com,phummarin@phiheating.com,edmund@phiheating.com,peerawat@phiheating.comwww.phiheating.com","{""facebook"":""https://www.facebook.com/profile.php?id=100086787886035"",""yelp"":""https://www.yelp.com/biz/expert-hvac-services-phoenix""}",https://www.facebook.com/profile.php?id=100086787886035,,
ypid:YN35CAFFAFE63DB604,Leo Prescott Air Conditioning & Heating Repair,"1377 Kwana Ct, Prescott, AZ 86301",https://www.bing.com/th?id=OLC.1+3RgKBDsCaJTg480x360&pid=Local,https://www.bing.com/maps?cp=34.59245681762695%7E-112.4401626586914&lvl=17.0&q=Leo%20Prescott%20Air%20Conditioning%20%26%20Heating%20Repair%20%2C%201377%20Kwana%20Ct%2C%20Prescott%2C%20AZ%2086301,34.59245681762695,-112.4401626586914,,,HVAC services,Closed · Opens tomorrow 09:00,http://prescott-air.com/,(928) 308-1254,Leo@Prescott-Air.com,"{""facebook"":""https://www.facebook.com/prescottairconditioningrepair1983""}",https://www.facebook.com/prescottairconditioningrepair1983,,
ypid:YN39054F4C0E6AB071,North Valley Mechanical HVAC & Plumbing,"2110 W Greenway Rd, Phoenix, AZ 85023",https://www.bing.com/th?id=OLC.VVjquDewJrwnaQ480x360&pid=Local,https://www.bing.com/maps?cp=33.62579345703125%7E-112.10445404052734&lvl=17.0&q=North%20Valley%20Mechanical%20HVAC%20%26%20Plumbing%20%2C%202110%20W%20Greenway%20Rd%2C%20Phoenix%2C%20AZ%2085023,33.62579345703125,-112.10445404052734,,,HVAC services,Closed · Opens 07:00,https://northvalleymechanical.com/,(602) 975-4247,,"{""instagram"":""https://www.instagram.com/northvalleymechanical/"",""yelp"":""https://www.yelp.com/biz/north-valley-mechanical-hvac-and-plumbing-phoenix"",""facebook"":""https://www.facebook.com/acnorthvalley/""}",https://www.facebook.com/acnorthvalley/,https://www.instagram.com/northvalleymechanical/,
ypid:YN38BA5E0560294E00,Arizona AC and Heating,"Private Address in Garden Lakes, AZ",https://www.bing.com/th?id=OLC.8lBsnsc6zFm1sg480x360&pid=Local,https://www.bing.com/maps?cp=33.48584747314453%7E-112.30755615234375&lvl=17.0&q=Arizona%20AC%20and%20Heating%20%2C%20Private%20Address%20in%20Garden%20Lakes%2C%20AZ,33.48584747314453,-112.30755615234375,,,HVAC services,Closed · Opens 07:00,https://www.arizonaacandheating.com/,(623) 386-0477,"info@arizonaacandheating.com,info@ArizonaACandHeating.com","{""facebook"":""https://www.facebook.com/arizonaacandheating"",""twitter"":""https://x.com/azacandheating"",""instagram"":""https://www.instagram.com/arizonaacandheating/""}",https://www.facebook.com/arizonaacandheating,https://www.instagram.com/arizonaacandheating/,https://x.com/azacandheating
ypid:YN8D6EAF46D3C1B7F9,"Penguin Air, Plumbing & Electrical","3710 E University Dr #1, Phoenix, AZ 85034",https://www.bing.com/th?id=OLC.2+0MIEePcxVGRQ480x360&pid=Local,https://www.bing.com/maps?cp=33.42236328125%7E-112.00137329101562&lvl=17.0&q=Penguin%20Air%2C%20Plumbing%20%26%20Electrical%20%2C%203710%20E%20University%20Dr%20%231%2C%20Phoenix%2C%20AZ%2085034,33.42236328125,-112.00137329101562,2.5,Yelp (416),HVAC services,Open 24 hours,https://www.penguinair.com/,(480) 770-4410,"Smith@penguinair.com,Tpinnt@penguinair.com,careers@penguinair.com,info@penguinair.com,schedule@penguinair.com","{""facebook"":""https://www.facebook.com/penguinairaz/"",""twitter"":""https://x.com/penguinairaz/"",""instagram"":""https://www.instagram.com/penguinairplumbingelectrical/"",""youtube"":""https://www.youtube.com/@penguin_az""}",https://www.facebook.com/penguinairaz/,https://www.instagram.com/penguinairplumbingelectrical/,https://x.com/penguinairaz/
ypid:YNEAA02CA0897D4B2E,George Brazil Air Conditioning & Heating,"2655 E Magnolia St #200, Phoenix, AZ 85034",https://www.bing.com/th?id=OLC.r7Jb93DqlaGoWQ480x360&pid=Local,https://www.bing.com/maps?cp=33.42178726196289%7E-112.02322387695312&lvl=17.0&q=George%20Brazil%20Air%20Conditioning%20%26%20Heating%20%2C%202655%20E%20Magnolia%20St%20%23200%2C%20Phoenix%2C%20AZ%2085034,33.42178726196289,-112.02322387695312,2,Yelp (384),HVAC services,Open 24 hours,https://georgebrazilhvac.com/,(602) 649-1374,gb-hitech@hanmail.net,"{""facebook"":""https://www.facebook.com/georgebrazilphoenix/"",""twitter"":""https://twitter.com/georgebrazilphx"",""youtube"":""https://www.youtube.com/channel/ucg1-ibdwoemce0buhv0rjvw"",""instagram"":""https://www.instagram.com/georgebrazilhvac/""}",https://www.facebook.com/georgebrazilphoenix/,https://www.instagram.com/georgebrazilhvac/,https://twitter.com/georgebrazilphx
ypid:YNFF62FDF114ACC5C8,Arizona Cooling and Heating Specialists LLC,"2565 W Goldmine Mountain Dr, Queen Creek, AZ 85144",https://www.bing.com/th?id=OLC.uPHWIlxVXEkwDA480x360&pid=Local,https://www.bing.com/maps?cp=33.17620849609375%7E-111.59364318847656&lvl=17.0&q=Arizona%20Cooling%20and%20Heating%20Specialists%20LLC%20%2C%202565%20W%20Goldmine%20Mountain%20Dr%2C%20Queen%20Creek%2C%20AZ%2085144,33.17620849609375,-111.59364318847656,4.5,Yelp (14),HVAC services,Opens in 24 mins,https://arizonacoolingandheatingspecialistsllc.com/,(480) 246-7600,arizonacoolingandheatingllc@gmail.com,"{""instagram"":""https://www.instagram.com/arizonacoolingandheatingllc/?hl=en"",""facebook"":""https://www.facebook.com/p/arizona-cooling-and-heating-specialists-llc-61557008031304/"",""yelp"":""https://www.yelp.com/biz/arizona-cooling-and-heating-specialists-queen-creek-3?adjust_creative=microsoft&utm_campaign=yelp_feed&utm_medium=feed_v2&utm_source=microsoft""}",https://www.facebook.com/p/arizona-cooling-and-heating-specialists-llc-61557008031304/,https://www.instagram.com/arizonacoolingandheatingllc/?hl=en,
ypid:YN6F510CC430D30FEC,Arizona Heating & Cooling Inc,"700 6th St, Prescott, AZ 86301",https://www.bing.com/th?id=OLC.9xniBoIWQQhLyQ480x360&pid=Local,https://www.bing.com/maps?cp=34.55302047729492%7E-112.4660873413086&lvl=17.0&q=Arizona%20Heating%20%26%20Cooling%20Inc%20%2C%20700%206th%20St%2C%20Prescott%2C%20AZ%2086301,34.55302047729492,-112.4660873413086,4,Yelp (11),Building contractor,Closed · Opens 08:00,https://www.facebook.com/Arizona-Heating-Cooling-Inc-1115744968485272/,(928) 445-9378,,,,,
ypid:YNE314FCBF5B24A92E,RKS Plumbing & Mechanical Inc.,"506 N Grant St, Flagstaff, AZ 86004",,https://www.bing.com/maps?cp=35.19619369506836%7E-111.6203842163086&lvl=17.0&q=RKS%20Plumbing%20%26%20Mechanical%20Inc.%20%2C%20506%20N%20Grant%20St%2C%20Flagstaff%2C%20AZ%2086004,35.19619369506836,-111.6203842163086,,,Contractor,Opens in 24 mins,http://rksplumbing.com/,(928) 774-4515,"center@sksc54.com,EMurphy@rksplumbing.com","{""facebook"":""https://www.facebook.com/pages/rks-plumbing-mechanical-inc/450518585028963?fref=ts""}",https://www.facebook.com/pages/rks-plumbing-mechanical-inc/450518585028963?fref=ts,,
ypid:YN8B7D20B81E7B6BC4,Efficient Air HVAC & Energy Solutions,"1957 N 199th Ave, Buckeye, AZ 85396",https://www.bing.com/th?id=OLC.py68mvJoVBoSyg480x360&pid=Local,https://www.bing.com/maps?cp=33.468658447265625%7E-112.48695373535156&lvl=17.0&q=Efficient%20Air%20HVAC%20%26%20Energy%20Solutions%20%2C%201957%20N%20199th%20Ave%2C%20Buckeye%2C%20AZ%2085396,33.468658447265625,-112.48695373535156,,,HVAC services,Open 24 hours,https://myefficientair.com/buckeye-hvac-services/,(623) 882-8390,info@myefficientair.com,"{""youtube"":""https://www.youtube.com/watch?v=o6iqbqlejhu"",""facebook"":""https://www.facebook.com/efficientairaz/"",""twitter"":""https://twitter.com/myefficientair"",""instagram"":""https://www.instagram.com/myefficientair""}",https://www.facebook.com/efficientairaz/,https://www.instagram.com/myefficientair,https://twitter.com/myefficientair
ypid:YN79B8CF04E9187894,"Putney Mechanical Company, Inc.","110 N Virginia St, Farmville, VA 23901",https://www.bing.com/th?id=OLC.sza/5BDkjW5dUQ480x360&pid=Local,https://www.bing.com/maps?cp=37.300506591796875%7E-78.38992309570312&lvl=17.0&q=Putney%20Mechanical%20Company%2C%20Inc.%20%2C%20110%20N%20Virginia%20St%2C%20Farmville%2C%20VA%2023901,37.300506591796875,-78.38992309570312,5,Yelp (3),HVAC services,Open · Closes 17:00,http://www.putneymechanical.net/,(434) 392-4183,"putneymechanical@kinex.net,pterry@kinex.net","{""facebook"":""https://www.facebook.com/putneymech/""}",https://www.facebook.com/putneymech/,,
ypid:YNBC41AAFA3153DAEA,"R&R Heating and Cooling, LLC","Private Address in Spout Spring, VA",https://www.bing.com/th?id=OLC.er67WxUn9fXORQ480x360&pid=Local,https://www.bing.com/maps?cp=37.3772087097168%7E-78.93289947509766&lvl=17.0&q=R%26R%20Heating%20and%20Cooling%2C%20LLC%20%2C%20Private%20Address%20in%20Spout%20Spring%2C%20VA,37.3772087097168,-78.93289947509766,,,HVAC services,Open · Closes 19:00,http://www.callrandrhvac.com/,(434) 665-3935,,"{""facebook"":""https://www.facebook.com/randrheatcool/""}",https://www.facebook.com/randrheatcool/,,
ypid:YN8595ED7747C1EBDA,One Hour Heating & Air Conditioning,"13507 E Boundary Rd, Midlothian, VA 23112",https://www.bing.com/th?id=OLC.gGskN5RIxQKz3A480x360&pid=Local,https://www.bing.com/maps?cp=37.44898986816406%7E-77.64446258544922&lvl=17.0&q=One%20Hour%20Heating%20%26%20Air%20Conditioning%20%2C%2013507%20E%20Boundary%20Rd%2C%20Midlothian%2C%20VA%2023112,37.44898986816406,-77.64446258544922,4.5,Angi (109),HVAC services,Open 24 hours,https://fivestarrichmond.com/hvac/,(804) 538-3061,,,,,
ypid:YN2D0AA15213490399,Midlothian Mechanical,"501 Research Rd, North Chesterfield, VA 23236",https://www.bing.com/th?id=OLC.iu3D7Oft3FL+xQ480x360&pid=Local,https://www.bing.com/maps?cp=37.49966049194336%7E-77.60037231445312&lvl=17.0&q=Midlothian%20Mechanical%20%2C%20501%20Research%20Rd%2C%20North%20Chesterfield%2C%20VA%2023236,37.49966049194336,-77.60037231445312,2,Yelp (13),HVAC services,Open · Closes 17:00,https://www.midlomechanical.com/,(804) 379-6222,"info@midlomechanical.com,kkirsh@midlomechanical.com","{""facebook"":""https://www.facebook.com/midlothianmechanical"",""linkedin"":""https://www.linkedin.com/company/midlothian-mechanical"",""yelp"":""https://www.yelp.com/biz/midlothian-mechanical-north-chesterfield"",""pinterest"":""https://www.pinterest.com/midlothianmechanical/""}",https://www.facebook.com/midlothianmechanical,,
ypid:YNF712211D88998D97,Brennan's Heating & Air Conditioning,"2608 Morse Ln, Woodbridge, VA 22192",https://www.bing.com/th?id=OLC.forR29bn0bETTA480x360&pid=Local,https://www.bing.com/maps?cp=38.6541862487793%7E-77.29112243652344&lvl=17.0&q=Brennan's%20Heating%20%26%20Air%20Conditioning%20%2C%202608%20Morse%20Ln%2C%20Woodbridge%2C%20VA%2022192,38.6541862487793,-77.29112243652344,4,Yelp (66),HVAC services,Open · Closes 17:00,https://www.brennanshvac.com/,(703) 783-0145,info@ksez.com.pk,"{""facebook"":""https://www.facebook.com/brennansheatingandair"",""youtube"":""https://www.youtube.com/channel/uckxaf-6meb3rw3w3uyj-fuq""}",https://www.facebook.com/brennansheatingandair,,
ypid:YNEF41567DA7F820C,DR HVAC Inc,"3424 Belleplain Ct, Dumfries, VA 22026",https://www.bing.com/th?id=OLC.4Vt5ZUAWaAf/kA480x360&pid=Local,https://www.bing.com/maps?cp=38.58749771118164%7E-77.31524658203125&lvl=17.0&q=DR%20HVAC%20Inc%20%2C%203424%20Belleplain%20Ct%2C%20Dumfries%2C%20VA%2022026,38.58749771118164,-77.31524658203125,5,Airconditioningprofessionals (27),HVAC services,Open 24 hours,https://drhvacinc.com/,(703) 869-9524,Doctor.hvacinc@gmail.com,"{""facebook"":""https://www.facebook.com/aminhvac/reviews"",""instagram"":""https://www.instagram.com/hvacincvi/"",""twitter"":""https://twitter.com/hvac_docto37628"",""tiktok"":""https://www.tiktok.com/@doctorhvacinc"",""pinterest"":""https://www.pinterest.com/dhvacinc/"",""linkedin"":""https://www.linkedin.com/company/drhvacinc"",""youtube"":""https://www.youtube.com/@doctorhvacinc8903""}",https://www.facebook.com/aminhvac/reviews,https://www.instagram.com/hvacincvi/,https://twitter.com/hvac_docto37628
ypid:YN67B3187CD2AC8C96,"Comfort Services, Inc","7721 Williamson Rd, Roanoke, VA 24019",https://www.bing.com/th?id=OLC.Gn5rJYdN+TCmug480x360&pid=Local,https://www.bing.com/maps?cp=37.34934997558594%7E-79.94546508789062&lvl=17.0&q=Comfort%20Services%2C%20Inc%20%2C%207721%20Williamson%20Rd%2C%20Roanoke%2C%20VA%2024019,37.34934997558594,-79.94546508789062,,,HVAC services,Open · Closes 17:00,http://www.comfortserviceshvac.com/,(540) 344-4114,corp@comfortserviceshvac.com,"{""facebook"":""https://www.facebook.com/comfortservices""}",https://www.facebook.com/comfortservices,,
ypid:YN904532F00F8689DE,Prillaman,"1225 Intervale Dr, Salem, VA 24153",https://www.bing.com/th?id=OLC.VY5+AkpWhcDWvw480x360&pid=Local,https://www.bing.com/maps?cp=37.2730712890625%7E-80.03016662597656&lvl=17.0&q=Prillaman%20%2C%201225%20Intervale%20Dr%2C%20Salem%2C%20VA%2024153,37.2730712890625,-80.03016662597656,5,Yelp (3),HVAC services,Open 24 hours,http://www.prillamanhvac.com/,(540) 389-9119,,"{""facebook"":""https://www.facebook.com/prillamanmechanical/?fref=ts""}",https://www.facebook.com/prillamanmechanical/?fref=ts,,
ypid:YNDE6FA6D5E3963C26,Comfort Solutions,"7214A Lockport Pl, Lorton, VA 22079",https://www.bing.com/th?id=OLC.2qrq5fnf3TLHxg480x360&pid=Local,https://www.bing.com/maps?cp=38.71616744995117%7E-77.19195556640625&lvl=17.0&q=Comfort%20Solutions%20%2C%207214A%20Lockport%20Pl%2C%20Lorton%2C%20VA%2022079,38.71616744995117,-77.19195556640625,3.5,Yelp (21),HVAC services,Open 24 hours,https://callcomfortsolutions.com/,(703) 266-3678,,,,,
ypid:YNFDF07F6915BB9158,McCrea Heating & Air Conditioning,"5083 Lee Hwy, Warrenton, VA 20187",https://www.bing.com/th?id=OLC.sh6Z1kBxCtgmtg480x360&pid=Local,https://www.bing.com/maps?cp=38.766117095947266%7E-77.71315002441406&lvl=17.0&q=McCrea%20Heating%20%26%20Air%20Conditioning%20%2C%205083%20Lee%20Hwy%2C%20Warrenton%2C%20VA%2020187,38.766117095947266,-77.71315002441406,2.5,Yelp (67),HVAC services,Open · Closes 17:00,https://www.mccreaway.com/,(540) 317-1939,"mdservice@mccreaway.com,paservice@mccreaway.com,vaservice@mccreaway.com,deservice@mccreaway.com,profiles@birdeye.com,employment@mccreaway.com,linda.amezcua@mccreaway.com,Brian@mccullycomfort.com,dwells@meccoinc.net,Metroehjso@gmail.com,WebsiteSupport@promaxunlimited.com,tony.ferrarelli@mccreaway.com","{""facebook"":""https://www.facebook.com/mccreaway"",""twitter"":""https://twitter.com/mccreaway""}",https://www.facebook.com/mccreaway,,https://twitter.com/mccreaway
ypid:YN1928EE3175802443,Service Specialties Inc.,"14522 Lee Rd, Chantilly, VA 20151",https://www.bing.com/th?id=OLC.XKfxK7JKCjtbVg480x360&pid=Local,https://www.bing.com/maps?cp=38.8962516784668%7E-77.44939422607422&lvl=17.0&q=Service%20Specialties%20Inc.%20%2C%2014522%20Lee%20Rd%2C%20Chantilly%2C%20VA%2020151,38.8962516784668,-77.44939422607422,3.5,Yelp (72),HVAC services,Open · Closes 17:00,https://www.ssihvac.com/,(571) 582-2605,"customerservice@ssihvac.com,rmurphy@ssihvac.com","{""facebook"":""https://www.facebook.com/tina.arndt.9400/posts/1590612848534576"",""youtube"":""https://www.youtube.com/channel/uc0mfbu3mfmvitxeptficquq"",""yelp"":""https://www.yelp.com/biz/service-specialties-chantilly-5?rh_ident=heater_installation&rh_type=service_attribute"",""twitter"":""https://www.twitter.com/ssi_inc""}",https://www.facebook.com/tina.arndt.9400/posts/1590612848534576,,https://www.twitter.com/ssi_inc
ypid:YN3165D517A1E1AA1A,EMC Mechanical Services,"1802 Ellen Rd, Richmond, VA 23230",https://www.bing.com/th?id=OLC.csivAwP7hzgJ4w480x360&pid=Local,https://www.bing.com/maps?cp=37.574562072753906%7E-77.46551513671875&lvl=17.0&q=EMC%20Mechanical%20Services%20%2C%201802%20Ellen%20Rd%2C%20Richmond%2C%20VA%2023230,37.574562072753906,-77.46551513671875,3,Indeed (17),Contractor,Open · Closes 17:00,http://emcmechanical.com/,(804) 359-9624,"info@emcmechanical.com,jdoe@emcmechanical.com","{""facebook"":""https://www.facebook.com/emcmechanical"",""linkedin"":""https://www.linkedin.com/company/emc-mechanical-services/"",""instagram"":""https://www.instagram.com/emc_mechanical_services/"",""youtube"":""https://www.youtube.com/@emcmechanicalservices""}",https://www.facebook.com/emcmechanical,https://www.instagram.com/emc_mechanical_services/,
ypid:YNF7097CB51A0A4D30,Howell's Heating & Air Conditioning,"11216 Air Park Rd, Ashland, VA 23005",https://www.bing.com/th?id=OLC.jzEIROxsiU89yQ480x360&pid=Local,https://www.bing.com/maps?cp=37.709312438964844%7E-77.44157409667969&lvl=17.0&q=Howell's%20Heating%20%26%20Air%20Conditioning%20%2C%2011216%20Air%20Park%20Rd%2C%20Ashland%2C%20VA%2023005,37.709312438964844,-77.44157409667969,3.5,Yelp (21),Home service,Open · Closes 17:00,https://www.howellsac.com/,(804) 798-1371,becomfortable@howellsac.com,"{""facebook"":""https://www.facebook.com/scorpion.co/"",""twitter"":""https://x.com/scorpiondotco"",""linkedin"":""https://www.linkedin.com/company/scorpion"",""youtube"":""https://www.youtube.com/@scorpiondesign"",""instagram"":""https://www.instagram.com/scorpion.co""}",https://www.facebook.com/scorpion.co/,https://www.instagram.com/scorpion.co,https://x.com/scorpiondotco
ypid:YN6100F73654EB747A,"F.H. Furr Plumbing, Heating, Air Conditioning & Electrical","9040 Mike Garcia Dr, Manassas, VA 20109",https://www.bing.com/th?id=OLC.35yn+E7Ykjm8/A480x360&pid=Local,https://www.bing.com/maps?cp=38.759124755859375%7E-77.53688049316406&lvl=17.0&q=F.H.%20Furr%20Plumbing%2C%20Heating%2C%20Air%20Conditioning%20%26%20Electrical%20%2C%209040%20Mike%20Garcia%20Dr%2C%20Manassas%2C%20VA%2020109,38.759124755859375,-77.53688049316406,1.5,Yelp (773),HVAC services,Open 24 hours,https://www.fhfurr.com/,(703) 497-6857,"clientrelations@fhfurr.com,info@crightneyimmigration.com,customerservice@fhfurr.com,clienrelations@fhfurr.com,contractsdepartment@fhfurr.com,ErrolN@FalconHVAC.com,name@cpsymbol.com,hr@fhfurr.com,info@fhfurr.com","{""facebook"":""https://www.facebook.com/fhfurr/"",""instagram"":""https://www.instagram.com/fh_furr/"",""twitter"":""https://twitter.com/fhfurr"",""tiktok"":""https://www.tiktok.com/@fh_furr"",""pinterest"":""https://www.pinterest.com/fhfurr/"",""youtube"":""https://www.youtube.com/feed/history?utm_source=pp"",""yelp"":""https://www.yelp.com/biz/f-h-furr-plumbing-heating-air-conditioning-and-electrical-finksburg"",""linkedin"":""https://www.linkedin.com/company/f.h.-furr-plumbing-heating-&-air-conditioning-inc.""}",https://www.facebook.com/fhfurr/,https://www.instagram.com/fh_furr/,https://twitter.com/fhfurr
ypid:YNBB3EB55C3899EDD8,Dominion Service Company,"2630 Goodes Bridge Rd, Richmond, VA 23224",https://www.bing.com/th?id=OLC.P56xsLa3KogHDA480x360&pid=Local,https://www.bing.com/maps?cp=37.47016906738281%7E-77.52246856689453&lvl=17.0&q=Dominion%20Service%20Company%20%2C%202630%20Goodes%20Bridge%20Rd%2C%20Richmond%2C%20VA%2023224,37.47016906738281,-77.52246856689453,4,Yelp (4),HVAC services,Open 24 hours,https://dscr.com/,(804) 745-0007,"info@alsraiyagroup.com,clawrence@dscr.com","{""facebook"":""https://www.facebook.com/manuel.a.coronado.5/posts/10230994595550381"",""instagram"":""https://www.instagram.com/dscr_hvac/"",""linkedin"":""https://linkedin.com/company/dominion-service-company"",""yelp"":""https://www.yelp.com/biz/dominion-service-company-richmond"",""twitter"":""https://twitter.com/dominionservco""}",https://www.facebook.com/manuel.a.coronado.5/posts/10230994595550381,https://www.instagram.com/dscr_hvac/,https://twitter.com/dominionservco
ypid:YN9802091478376C66,Comfort Technology Inc,"2810 Build America Dr, Hampton, VA 23666",https://www.bing.com/th?id=OLC.AJn4lrMer78+kQ480x360&pid=Local,https://www.bing.com/maps?cp=37.04236602783203%7E-76.39988708496094&lvl=17.0&q=Comfort%20Technology%20Inc%20%2C%202810%20Build%20America%20Dr%2C%20Hampton%2C%20VA%2023666,37.04236602783203,-76.39988708496094,3.5,Yelp (11),HVAC services,Open · Closes 23:59,http://comforttechnologyinc.com/,(757) 599-9700,,"{""facebook"":""https://www.facebook.com/toniweathers14/posts/8747157798650753"",""yelp"":""https://www.yelp.com/biz/comfort-technology-hampton-2""}",https://www.facebook.com/toniweathers14/posts/8747157798650753,,
ypid:YN5C5FE51CB2B22C72,Airmaxx Mechanical,"16400 Rte 1, Colonial Heights, VA 23834",https://www.bing.com/th?id=OLC.bVcBXTJrQkCqnA480x360&pid=Local,https://www.bing.com/maps?cp=37.29802322387695%7E-77.41034698486328&lvl=17.0&q=Airmaxx%20Mechanical%20%2C%2016400%20Rte%201%2C%20Colonial%20Heights%2C%20VA%2023834,37.29802322387695,-77.41034698486328,4.5,Yelp (8),HVAC services,Open 24 hours,http://www.airmaxxac.com/,(804) 526-1005,"kjernigan@airmaxxac.com,info@mowzz.com","{""facebook"":""https://www.facebook.com/airmaxxmechanical/reviews/?ref=page_internal""}",https://www.facebook.com/airmaxxmechanical/reviews/?ref=page_internal,,
ypid:YN1822BFCD93CD6A6B,"Tica, Inc. Heating and Cooling","735 S Franklin St, Decatur, IL 62521",https://www.bing.com/th?id=OLC.MQS3Fg6OhYvPAQ480x360&pid=Local,https://www.bing.com/maps?cp=39.833770751953125%7E-88.9532699584961&lvl=17.0&q=Tica%2C%20Inc.%20Heating%20and%20Cooling%20%2C%20735%20S%20Franklin%20St%2C%20Decatur%2C%20IL%2062521,39.833770751953125,-88.9532699584961,3,Yelp (4),Home service,Open 24 hours,http://www.ticainc.com/,(217) 635-2230,,"{""facebook"":""https://www.facebook.com/ticainc/""}",https://www.facebook.com/ticainc/,,
ypid:YND9A9794B3341FE50,"D&R Plumbing, Heating & Air, Inc.","1715 Bradford Ln #125, Normal, IL 61761",https://www.bing.com/th?id=OLC.WGjs+ch/I9wKaA480x360&pid=Local,https://www.bing.com/maps?cp=40.53239059448242%7E-88.99441528320312&lvl=17.0&q=D%26R%20Plumbing%2C%20Heating%20%26%20Air%2C%20Inc.%20%2C%201715%20Bradford%20Ln%20%23125%2C%20Normal%2C%20IL%2061761,40.53239059448242,-88.99441528320312,,,Plumbing,Open 24 hours,http://www.drplumbingusa.com/,(309) 451-1290,"contact@drplumbingusa.com,info@theworlsolutions.com,info@theworldsolutions.com,drpipe@gmail.com","{""facebook"":""https://www.facebook.com/drplumbingusa"",""youtube"":""https://www.youtube.com/drplumbingusa"",""twitter"":""https://x.com/drplumbingusa""}",https://www.facebook.com/drplumbingusa,,https://x.com/drplumbingusa
ypid:YN9E792E987F224B9D,"Design-Air Heating & A/C, LLC","1201 N 19th St, Decatur, IL 62521",https://www.bing.com/th?id=OLC.8gPPr0YzN6L47g480x360&pid=Local,https://www.bing.com/maps?cp=39.85429382324219%7E-88.93003845214844&lvl=17.0&q=Design-Air%20Heating%20%26%20A%2FC%2C%20LLC%20%2C%201201%20N%2019th%20St%2C%20Decatur%2C%20IL%2062521,39.85429382324219,-88.93003845214844,3.5,Yelp (6),HVAC services,Open · Closes 16:00,http://designairhvac.com/,(217) 429-1105,info@designairhvac.com,"{""facebook"":""https://www.facebook.com/designairheatingairconditioning""}",https://www.facebook.com/designairheatingairconditioning,,
ypid:YN717364188CCF8,Custom Air Company,"316 W Washington St, Bloomington, IL 61701",https://www.bing.com/th?id=OLC.6Pm85N2yXgowng480x360&pid=Local,https://www.bing.com/maps?cp=40.47926712036133%7E-88.99623107910156&lvl=17.0&q=Custom%20Air%20Company%20%2C%20316%20W%20Washington%20St%2C%20Bloomington%2C%20IL%2061701,40.47926712036133,-88.99623107910156,,,HVAC services,Open 24 hours,https://www.custom-air.com/service-area/air-conditioning-heating-bloomington-il,(309) 485-5848,"info@everbrightbd.com,ejafs@embarqmail.com,callcustomair@aol.com","{""facebook"":""https://www.facebook.com/callcustomaircompany/"",""youtube"":""https://www.youtube.com/@customaircompany2099"",""yelp"":""https://www.yelp.com/biz/custom-air-company-bloomington-3"",""twitter"":""https://twitter.com/customaircomp""}",https://www.facebook.com/callcustomaircompany/,,https://twitter.com/customaircomp
ypid:YN42B7133A8B42F98E,"Mike Williams Plumbing, Heating, Air Conditioning & Sewer","3225 E Clear Lake Ave, Springfield, IL 62702",https://www.bing.com/th?id=OLC.wYHQ3j7lxjfQAQ480x360&pid=Local,https://www.bing.com/maps?cp=39.8023796081543%7E-89.60310363769531&lvl=17.0&q=Mike%20Williams%20Plumbing%2C%20Heating%2C%20Air%20Conditioning%20%26%20Sewer%20%2C%203225%20E%20Clear%20Lake%20Ave%2C%20Springfield%2C%20IL%2062702,39.8023796081543,-89.60310363769531,1.5,Yelp (81),Plumbing,Opens in 17 mins,https://www.mikewilliams.net/,(217) 673-0758,"csr2@mikewilliams.net,CSR1@mikewilliams.net,micah@mikewilliams.net,info@mikewilliams.net,rarbulu@spsinc.net,jchoo@spsinc.net,mikewilliams@projectproduction.org,10jetsons@cox.net,111735@msn.com,112617.776@compuserve.com,11billwalsh@comcast.net,13rupert@xmission.com,1513w7@commandnet.net,15e_driver@yahoo.com",,,,
ypid:YN552F3E0F5D489385,"Lanz Plumbing, Heating & Cooling, Inc.","2709 W Clark Rd, Champaign, IL 61822",https://www.bing.com/th?id=OLC.SllsR2a3YNM0gg480x360&pid=Local,https://www.bing.com/maps?cp=40.116920471191406%7E-88.29024505615234&lvl=17.0&q=Lanz%20Plumbing%2C%20Heating%20%26%20Cooling%2C%20Inc.%20%2C%202709%20W%20Clark%20Rd%2C%20Champaign%2C%20IL%2061822,40.116920471191406,-88.29024505615234,3.5,Yelp (43),HVAC services,Open 24 hours,https://lanzinc.com/,(217) 919-5168,"profiles@birdeye.com,ericj@lanzinc.com","{""facebook"":""https://www.facebook.com/lanzinc/"",""twitter"":""https://twitter.com/lanzinc?lang=en"",""youtube"":""https://www.youtube.com/watch?v=zxw0yvxnbsw"",""linkedin"":""https://www.linkedin.com/company/lanz-heating-&-cooling-inc-/"",""yelp"":""https://www.yelp.com/biz/lanz-plumbing-heating-and-cooling-champaign""}",https://www.facebook.com/lanzinc/,,https://twitter.com/lanzinc?lang=en
ypid:YN5D816796A9522368,"Edelman Heating, Cooling, Plumbing, Electric & Solar","808 Eldorado Rd Ste 105E, Bloomington, IL 61704",https://www.bing.com/th?id=OLC.n5xpShTNBflvoQ480x360&pid=Local,https://www.bing.com/maps?cp=40.46925354003906%7E-88.95208740234375&lvl=17.0&q=Edelman%20Heating%2C%20Cooling%2C%20Plumbing%2C%20Electric%20%26%20Solar%20%2C%20808%20Eldorado%20Rd%20Ste%20105E%2C%20Bloomington%2C%20IL%2061704,40.46925354003906,-88.95208740234375,,,Home service,Opens in 17 mins,https://www.edelmanteam.com/hvac,(309) 240-6131,"info@edelmanteam.com,madison.noble@edelmanteam.com,joseph@elmann.com.br,ar@edelmanteam.com","{""facebook"":""https://www.facebook.com/edelmanteamllc"",""linkedin"":""https://www.linkedin.com/company/edelmanllc/"",""instagram"":""https://www.instagram.com/edelmanteam/"",""youtube"":""https://www.youtube.com/feed/history?utm_source=pp""}",https://www.facebook.com/edelmanteamllc,https://www.instagram.com/edelmanteam/,
ypid:YNC7AAFD5445264B16,"217, Inc.","303 N Country Fair Dr, Champaign, IL 61821",https://www.bing.com/th?id=OLC.VB2/Akiu0WC7dA480x360&pid=Local,https://www.bing.com/maps?cp=40.11897277832031%7E-88.28246307373047&lvl=17.0&q=217%2C%20Inc.%20%2C%20303%20N%20Country%20Fair%20Dr%2C%20Champaign%2C%20IL%2061821,40.11897277832031,-88.28246307373047,3.5,Yelp (16),HVAC services,Open 24 hours,http://217inc.com/,(217) 402-7984,"service@217inc.com,Smith@217inc.com","{""linkedin"":""https://www.linkedin.com/company/217-inc"",""facebook"":""https://www.facebook.com/217hvac"",""twitter"":""https://twitter.com/217_inc"",""youtube"":""https://www.youtube.com/channel/ucj9jlrugnrdtpibn06x3vcq"",""instagram"":""https://www.instagram.com/217_inc/""}",https://www.facebook.com/217hvac,https://www.instagram.com/217_inc/,https://twitter.com/217_inc
ypid:YNA4250A48D65F40A6,"Fritch Heating & Cooling, Inc.","1004 NE Adams St, Peoria, IL 61603",https://www.bing.com/th?id=OLC.ArGPUjS9c+j8Kg480x360&pid=Local,https://www.bing.com/maps?cp=40.698673248291016%7E-89.5782699584961&lvl=17.0&q=Fritch%20Heating%20%26%20Cooling%2C%20Inc.%20%2C%201004%20NE%20Adams%20St%2C%20Peoria%2C%20IL%2061603,40.698673248291016,-89.5782699584961,4,Yelp (26),HVAC services,Open · Closes 17:00,https://fritchheating.com//,(309) 884-1635,,"{""facebook"":""https://www.facebook.com/al.marx.7/posts/8762020973836639"",""twitter"":""https://twitter.com/fritchheatcool"",""instagram"":""https://www.instagram.com/fritchheatcool/"",""yelp"":""https://www.yelp.com/biz/fritch-heating-and-cooling-peoria-6""}",https://www.facebook.com/al.marx.7/posts/8762020973836639,https://www.instagram.com/fritchheatcool/,https://twitter.com/fritchheatcool
ypid:YNA5C58CF831B21CB8,Town & Country Services,"220 LASALLE ST, Tonica, IL 61370",https://www.bing.com/th?id=OLC./EfblbPzEwrHEw480x360&pid=Local,https://www.bing.com/maps?cp=41.21514892578125%7E-89.06605529785156&lvl=17.0&q=Town%20%26%20Country%20Services%20%2C%20220%20LASALLE%20ST%2C%20Tonica%2C%20IL%2061370,41.21514892578125,-89.06605529785156,4.5,Yelp (10),HVAC services,Open · Closes 17:00,https://towncountryservices.com/,(815) 324-0009,"info@towncountryservices.com,bgoskosky@towncountryservices.com,service@tripleservice.com,bruce.lavergne@towncountryservices.com,mkrewer@towncountryservices.com,rhuston@towncountryservices.com,contact@towncoutnryservices.com,contact@towncountryservices.com","{""facebook"":""https://www.facebook.com/townandcountryservices""}",https://www.facebook.com/townandcountryservices,,
ypid:YN68EDB7903FBC876,"Four Seasons Heating, Air Conditioning, Plumbing, Sewer & Electric","5701 W 73rd St, Chicago, IL 60638",https://www.bing.com/th?id=OLC.FKAixEE4U2SZLA480x360&pid=Local,https://www.bing.com/maps?cp=41.75878143310547%7E-87.76544189453125&lvl=17.0&q=Four%20Seasons%20Heating%2C%20Air%20Conditioning%2C%20Plumbing%2C%20Sewer%20%26%20Electric%20%2C%205701%20W%2073rd%20St%2C%20Chicago%2C%20IL%2060638,41.75878143310547,-87.76544189453125,2.5,Yelp (1685),HVAC services,Open 24 hours,https://www.fourseasonsheatingcooling.com/,(773) 741-9725,"jdoe@fourseasonsheatingcooling.com,safehit2000@address.com,bjungman@fourseasonsheatingcooling.com,kasia.mucha@fourseasonsheatingcooling.com","{""facebook"":""https://www.facebook.com/fourseasonshvac"",""instagram"":""https://instagram.com/fourseasonshvac/"",""youtube"":""https://www.youtube.com/fourseasonshvac""}",https://www.facebook.com/fourseasonshvac,https://instagram.com/fourseasonshvac/,
ypid:YN9B3EFF2AA2222A63,"Air-Rite Heating & Cooling, Inc.","1150 Frontenac Rd, Naperville, IL 60563",https://www.bing.com/th?id=OLC.btb5k5tFEChntg480x360&pid=Local,https://www.bing.com/maps?cp=41.78881072998047%7E-88.22991943359375&lvl=17.0&q=Air-Rite%20Heating%20%26%20Cooling%2C%20Inc.%20%2C%201150%20Frontenac%20Rd%2C%20Naperville%2C%20IL%2060563,41.78881072998047,-88.22991943359375,3.5,Yelp (49),HVAC services,Open 24 hours,https://www.air-rite.com/,(630) 966-8100,,"{""facebook"":""https://www.facebook.com/airriteheatingcooling""}",https://www.facebook.com/airriteheatingcooling,,
ypid:YNF4ABDA226E11689E,Pillar Heating and Air Conditioning Service,"2773 Middleton Ct, Aurora, IL 60503",https://www.bing.com/th?id=OLC.1nzc3xl3esXbQg480x360&pid=Local,https://www.bing.com/maps?cp=41.712860107421875%7E-88.24568176269531&lvl=17.0&q=Pillar%20Heating%20and%20Air%20Conditioning%20Service%20%2C%202773%20Middleton%20Ct%2C%20Aurora%2C%20IL%2060503,41.712860107421875,-88.24568176269531,5,Yelp (56),HVAC services,Opens in 17 mins,http://www.pillarair.com/,(630) 336-9129,"travis@pillarair.com,tANQX@pillarair.com,comsonic.as@gmail.com","{""yelp"":""https://www.yelp.com/biz/pillar-heating-and-air-conditioning-oswego""}",,,
ypid:YNA55029AD17388BA1,London Heating & Cooling HVAC Contractor,"1008 Runyan Dr, Lockport, IL 60441",https://www.bing.com/th?id=OLC.Rs5GE5xqadv2mQ480x360&pid=Local,https://www.bing.com/maps?cp=41.58436584472656%7E-88.03807067871094&lvl=17.0&q=London%20Heating%20%26%20Cooling%20HVAC%20Contractor%20%2C%201008%20Runyan%20Dr%2C%20Lockport%2C%20IL%2060441,41.58436584472656,-88.03807067871094,5,Yelp (6),HVAC services,Open · Closes 19:00,http://www.londonheatingcooling.com/,(630) 486-5705,,"{""facebook"":""https://www.facebook.com/londonheatingcooling/"",""yelp"":""https://www.yelp.com/biz/london-mechanical-heating-and-cooling-lockport""}",https://www.facebook.com/londonheatingcooling/,,
ypid:YN9D20B63278E0E2A3,Any Season Heating & Air Conditioning,"7239 Duvan Dr, Tinley Park, IL 60477",https://www.bing.com/th?id=OLC.TdqdHlYdBdDTCw480x360&pid=Local,https://www.bing.com/maps?cp=41.5711784362793%7E-87.79501342773438&lvl=17.0&q=Any%20Season%20Heating%20%26%20Air%20Conditioning%20%2C%207239%20Duvan%20Dr%2C%20Tinley%20Park%2C%20IL%2060477,41.5711784362793,-87.79501342773438,4.5,Yelp (14),HVAC services,Open 24 hours,http://anyseasonhvac.com/,(708) 535-2000,info@anyseasonhvac.com,,,,
ypid:YNBA6CF5564BE7B08D,Authority Mechanical,"777 Delphia Ct, Elk Grove Village, IL 60007",https://www.bing.com/th?id=OLC.ELZ+cI+tPiEjfw480x360&pid=Local,https://www.bing.com/maps?cp=42.01055908203125%7E-87.9866714477539&lvl=17.0&q=Authority%20Mechanical%20%2C%20777%20Delphia%20Ct%2C%20Elk%20Grove%20Village%2C%20IL%2060007,42.01055908203125,-87.9866714477539,5,Yelp (7),HVAC services,Opens in 17 mins,,(847) 879-1071,,"{""facebook"":""https://www.facebook.com/vuckovic/posts/10159608093344363"",""yelp"":""https://www.yelp.com/biz/authority-mechanical-elk-grove-village""}",https://www.facebook.com/vuckovic/posts/10159608093344363,,
ypid:YN113C4A33F48BAECA,American Air Experts,"9241 N Parkside Dr, Des Plaines, IL 60016",https://www.bing.com/th?id=OLC.2QYZmHIPPNeQRA480x360&pid=Local,https://www.bing.com/maps?cp=42.048133850097656%7E-87.84727478027344&lvl=17.0&q=American%20Air%20Experts%20%2C%209241%20N%20Parkside%20Dr%2C%20Des%20Plaines%2C%20IL%2060016,42.048133850097656,-87.84727478027344,,,HVAC services,Open · Closes 17:00,https://americanairexperts.com/,(847) 401-8087,americanairexperts@gmail.com,,,,
ypid:YN852A3AC4C4897D16,"My Guy HVAC, INC.","6134 N Milwaukee Ave, Chicago, IL 60646",https://www.bing.com/th?id=OLC.F/MwhJN819qucQ480x360&pid=Local,https://www.bing.com/maps?cp=41.99297332763672%7E-87.78416442871094&lvl=17.0&q=My%20Guy%20HVAC%2C%20INC.%20%2C%206134%20N%20Milwaukee%20Ave%2C%20Chicago%2C%20IL%2060646,41.99297332763672,-87.78416442871094,5,Yelp (93),HVAC services,Opens in 17 mins,http://www.myguyhvac.com/,(773) 774-6190,,"{""yelp"":""https://yelp.com/biz/my-guy-hvac-heating-and-air-conditioning-chicago-4?utm_medium=badge_button&utm_source=biz_review_badge""}",,,
ypid:YN2D3B715958F8F563,Air King Inc.,"250 E Eldorado St, Decatur, IL 62523",https://www.bing.com/th?id=OLC.eHGR4Eyy4lHqGQ480x360&pid=Local,https://www.bing.com/maps?cp=39.8460578918457%7E-88.9536361694336&lvl=17.0&q=Air%20King%20Inc.%20%2C%20250%20E%20Eldorado%20St%2C%20Decatur%2C%20IL%2062523,39.8460578918457,-88.9536361694336,3,Yelp (14),HVAC services,Open 24 hours,https://www.airkinginc.com/,(217) 203-8466,,"{""facebook"":""https://www.facebook.com/airkinginc/"",""youtube"":""https://www.youtube.com/channel/ucs5kawibkdb5b9zncv-wjsw""}",https://www.facebook.com/airkinginc/,,
ypid:YN58CFD848DF46BD69,Garber Heating & Air Conditioning,"310 Detroit Ave, Morton, IL 61550",https://www.bing.com/th?id=OLC.SzOa7IuuW0Yjyw480x360&pid=Local,https://www.bing.com/maps?cp=40.61195755004883%7E-89.47293090820312&lvl=17.0&q=Garber%20Heating%20%26%20Air%20Conditioning%20%2C%20310%20Detroit%20Ave%2C%20Morton%2C%20IL%2061550,40.61195755004883,-89.47293090820312,4.5,Yelp (6),HVAC services,Open 24 hours,https://garberheating.com/,(309) 866-3025,,"{""facebook"":""https://www.facebook.com/garberhvac/reviews/"",""youtube"":""https://www.youtube.com/channel/uchyqjyfbh8cp1yyit2bafeq""}",https://www.facebook.com/garberhvac/reviews/,,
ypid:YND7593CEC0CADFF1D,Mid Illinois Mechanical,"304 S Mason St, Bloomington, IL 61701",https://www.bing.com/th?id=OLC.izpyxR7PY9IE7Q480x360&pid=Local,https://www.bing.com/maps?cp=40.47623062133789%7E-88.99903869628906&lvl=17.0&q=Mid%20Illinois%20Mechanical%20%2C%20304%20S%20Mason%20St%2C%20Bloomington%2C%20IL%2061701,40.47623062133789,-88.99903869628906,,,HVAC services,Open · Closes 16:00,https://www.midilmech.com/,(309) 828-0459,"info@midilmech.com,bvogt@henson-robinson.com,millaishizaki@yahoo.com,bradys@midilmech.com,tyler_brucker@gibsonhospital.org","{""facebook"":""https://www.facebook.com/midilmech"",""linkedin"":""https://www.linkedin.com/company/mid-illinois-mechanical-inc"",""yelp"":""https://www.yelp.com/biz/mid-illinois-mechanical-bloomington-2""}",https://www.facebook.com/midilmech,,
ypid:YNC1C81E08E9A7A21,Bratcher Heating & Air Conditioning,"1210 Fort Jesse Rd, Normal, IL 61761",https://www.bing.com/th?id=OLC.G9SnnpQYVqK/Lw480x360&pid=Local,https://www.bing.com/maps?cp=40.516075134277344%7E-88.97142791748047&lvl=17.0&q=Bratcher%20Heating%20%26%20Air%20Conditioning%20%2C%201210%20Fort%20Jesse%20Rd%2C%20Normal%2C%20IL%2061761,40.516075134277344,-88.97142791748047,4,Yelp (38),HVAC services,Open 24 hours,https://bratchercomfort.com/,(309) 386-1008,"brianh@bratchercomfort.com,bravesolarsolutions@gmail.com,tyler@bravensolar.com","{""facebook"":""https://www.facebook.com/bratchercomfort"",""twitter"":""https://twitter.com/bratchercomfort"",""yelp"":""https://www.yelp.com/biz/bratcher-heating-and-air-conditioning-east-peoria""}",https://www.facebook.com/bratchercomfort,,https://twitter.com/bratchercomfort
ypid:YN9A81C692557E2A74,Montefusco HVAC,"2400 W Park 74 Dr, Peoria, IL 61615",https://www.bing.com/th?id=OLC.XW09rkBmxhekGg480x360&pid=Local,https://www.bing.com/maps?cp=40.792083740234375%7E-89.62881469726562&lvl=17.0&q=Montefusco%20HVAC%20%2C%202400%20W%20Park%2074%20Dr%2C%20Peoria%2C%20IL%2061615,40.792083740234375,-89.62881469726562,,,HVAC services,Open 24 hours,http://www.montefuscohvac.com/,(309) 306-7040,"wes@montefuscohvac.com,lisa@montefuscohvac.com,josh@montefuscohvac.com","{""twitter"":""https://x.com/hvacmontefusco"",""instagram"":""https://www.instagram.com/hvacmontefusco/"",""facebook"":""https://www.facebook.com/montefuscohvac""}",https://www.facebook.com/montefuscohvac,https://www.instagram.com/hvacmontefusco/,https://x.com/hvacmontefusco
ypid:YNDF6B4E8E2814A698,MB Heating & Cooling,"1555 W Jefferson St, Springfield, IL 62702",https://www.bing.com/th?id=OLC.GbPKKeSGrQZ8Gw480x360&pid=Local,https://www.bing.com/maps?cp=39.808509826660156%7E-89.67980194091797&lvl=17.0&q=MB%20Heating%20%26%20Cooling%20%2C%201555%20W%20Jefferson%20St%2C%20Springfield%2C%20IL%2062702,39.808509826660156,-89.67980194091797,3.5,Yelp (28),HVAC services,Open 24 hours,https://mb-heating.com/,(217) 803-7657,"information@mb-heating.com,john@mb-heating.com,mary@mb-heating.com,jmathis@ar-mech.com,info@mb-heating.com","{""facebook"":""https://www.facebook.com/k1sma/posts/8677995265550168"",""yelp"":""https://www.yelp.com/biz/mb-heating-and-cooling-springfield""}",https://www.facebook.com/k1sma/posts/8677995265550168,,
ypid:YNA5453807F43F246B,Accurate Heating & Cooling,"2125 E Washington St, East Peoria, IL 61611",https://www.bing.com/th?id=OLC.mQjG/0VJKT3Ksw480x360&pid=Local,https://www.bing.com/maps?cp=40.67384719848633%7E-89.54451751708984&lvl=17.0&q=Accurate%20Heating%20%26%20Cooling%20%2C%202125%20E%20Washington%20St%2C%20East%20Peoria%2C%20IL%2061611,40.67384719848633,-89.54451751708984,4.5,Expertise (63),HVAC services,Open 24 hours,https://www.accurate-heating.com/,(309) 249-5058,info@accurate-heating.com,"{""facebook"":""https://www.facebook.com/accuratehvac16/"",""linkedin"":""https://br.linkedin.com/company/heatingcool""}",https://www.facebook.com/accuratehvac16/,,
ypid:YN4F7EF261914CD62,"Mike Williams Plumbing, Heating, Air Conditioning & Sewer","1414 S Neil St, Champaign, IL 61820",https://www.bing.com/th?id=OLC.Ob24MeKVwoC01w480x360&pid=Local,https://www.bing.com/maps?cp=40.09973907470703%7E-88.24407196044922&lvl=17.0&q=Mike%20Williams%20Plumbing%2C%20Heating%2C%20Air%20Conditioning%20%26%20Sewer%20%2C%201414%20S%20Neil%20St%2C%20Champaign%2C%20IL%2061820,40.09973907470703,-88.24407196044922,2,Yelp (34),Plumbing,Opens in 17 mins,https://mikewilliams.live01.scorpion.co/,(217) 673-0758,,"{""yelp"":""https://www.yelp.com/biz/mike-williams-springfield-4"",""youtube"":""https://www.youtube.com/@mikewilliamsplumbingheatingair"",""facebook"":""https://www.facebook.com/fastercleanerbetter/""}",https://www.facebook.com/fastercleanerbetter/,,
ypid:YN47786F1CF73AE2A5,United Mechanical Group,"1501 N Highland Ave, Champaign, IL 61821",https://www.bing.com/th?id=OLC.74PyXpWQysfxLA480x360&pid=Local,https://www.bing.com/maps?cp=40.13109588623047%7E-88.25959014892578&lvl=17.0&q=United%20Mechanical%20Group%20%2C%201501%20N%20Highland%20Ave%2C%20Champaign%2C%20IL%2061821,40.13109588623047,-88.25959014892578,,,Contractor,Open · Closes 16:00,http://www.umg-il.com/,(217) 954-0211,info@umg-il.com,"{""linkedin"":""https://www.linkedin.com/company/united-mechanical-group/?viewasmember=true""}",,,
ypid:YN9D0CFEBADDB3F6C8,"Davis-Houk Mechanical, Inc.","1801 E University Ave, Urbana, IL 61802",https://www.bing.com/th?id=OLC.5tDWg0/qyEu3mg480x360&pid=Local,https://www.bing.com/maps?cp=40.11466598510742%7E-88.18302917480469&lvl=17.0&q=Davis-Houk%20Mechanical%2C%20Inc.%20%2C%201801%20E%20University%20Ave%2C%20Urbana%2C%20IL%2061802,40.11466598510742,-88.18302917480469,,,Contractor,Open · Closes 16:00,http://www.davis-houk.com/,(217) 239-0040,"info@davis-houk.com,Smith@davis-houk.com,ChrisRennels@davis-houk.com,MPals@davis-houk.com,CTegenkamp@davis-houk.com,MEckstein@davis-houk.com",,,,
ypid:YN9526332E3B11F602,Summit Heating & Air Conditioning LLC,"216 W Saint Paul St, Spring Valley, IL 61362",https://www.bing.com/th?id=OLC.qRYUjHPZv/Rsvw480x360&pid=Local,https://www.bing.com/maps?cp=41.324913024902344%7E-89.20250701904297&lvl=17.0&q=Summit%20Heating%20%26%20Air%20Conditioning%20LLC%20%2C%20216%20W%20Saint%20Paul%20St%2C%20Spring%20Valley%2C%20IL%2061362,41.324913024902344,-89.20250701904297,5,Yelp (6),HVAC services,Opens in 17 mins,https://www.summitheating-ac.com/,(815) 664-2535,,,,,
ypid:YND503275863541DB8,"Grasser's Plumbing & Heating, Inc.","404 W Main St, Mcnabb, IL 61335",https://www.bing.com/th?id=OLC.WVJyYJL15NAzUA480x360&pid=Local,https://www.bing.com/maps?cp=41.17652893066406%7E-89.20964050292969&lvl=17.0&q=Grasser's%20Plumbing%20%26%20Heating%2C%20Inc.%20%2C%20404%20W%20Main%20St%2C%20Mcnabb%2C%20IL%2061335,41.17652893066406,-89.20964050292969,3,Yelp (7),HVAC services,Opens in 17 mins,https://grassersplumbingheating.com/,(815) 882-2111,"info@alderview.com,grassersplumbingheating@gmail.com",,,,
ypid:YN85095E0691DCDEB9,"TDH Mechanical, Heating and Cooling Contractors","606 Cedar St, St Charles, IL 60174",https://www.bing.com/th?id=OLC.wnezTgavLCGfTQ480x360&pid=Local,https://www.bing.com/maps?cp=41.913665771484375%7E-88.3208236694336&lvl=17.0&q=TDH%20Mechanical%2C%20Heating%20and%20Cooling%20Contractors%20%2C%20606%20Cedar%20St%2C%20St%20Charles%2C%20IL%2060174,41.913665771484375,-88.3208236694336,5,Angi (334),HVAC services,Open · Closes 18:00,https://www.tdhmechanical.com/,(630) 406-9082,"tim@tdhmechanical.com,bdpdelpalazzo@verizon.net","{""facebook"":""https://www.facebook.com/tdhmechanical/"",""yelp"":""https://www.yelp.com/adredir_syndication"",""youtube"":""https://www.youtube.com/channel/uccwzcuauyempckhs9l38z_q""}",https://www.facebook.com/tdhmechanical/,,
ypid:YNF07ABB7E67216DE7,Bryant HVAC Company Downers Grove,"Private Address in Downers Grove, IL",https://www.bing.com/th?id=OLC.yP8PCg6dKw/XOA480x360&pid=Local,https://www.bing.com/maps?cp=41.79145812988281%7E-88.02040100097656&lvl=17.0&q=Bryant%20HVAC%20Company%20Downers%20Grove%20%2C%20Private%20Address%20in%20Downers%20Grove%2C%20IL,41.79145812988281,-88.02040100097656,,,HVAC services,Open 24 hours,https://bryant-hvac-company-downers-grove.ueniweb.com/,(331) 260-0169,"hr@finebiotech.co,willwagtony@gmail.com,legal@ueni.com,help@ueni.com,help@ueni.om,abuse@ueni.com","{""linkedin"":""https://www.linkedin.com/company/ueni-ltd/"",""youtube"":""https://www.youtube.com/feed/history?utm_source=pp"",""twitter"":""https://twitter.com/ueniltd"",""facebook"":""https://www.facebook.com/ueniltd"",""instagram"":""https://www.instagram.com/ueni.ltd/"",""tiktok"":""https://www.tiktok.com/@ueni.com""}",https://www.facebook.com/ueniltd,https://www.instagram.com/ueni.ltd/,https://twitter.com/ueniltd
ypid:YNA875267C0B515D94,Compass Heating and Air Conditioning Inc.,"1051 E Main St #106, East Dundee, IL 60118",https://www.bing.com/th?id=OLC.YGJAA1HSPGHlkg480x360&pid=Local,https://www.bing.com/maps?cp=42.090431213378906%7E-88.24839782714844&lvl=17.0&q=Compass%20Heating%20and%20Air%20Conditioning%20Inc.%20%2C%201051%20E%20Main%20St%20%23106%2C%20East%20Dundee%2C%20IL%2060118,42.090431213378906,-88.24839782714844,5,Yelp (41),HVAC services,Open 24 hours,https://www.compassheatingandair.com/,(630) 504-8688,,"{""facebook"":""https://www.facebook.com/compasshvac/"",""twitter"":""https://twitter.com/compassheatair"",""youtube"":""https://www.youtube.com/channel/uc7njglskzewbloq4n22sxvq/"",""pinterest"":""https://www.pinterest.com/compasshvac/"",""instagram"":""https://www.instagram.com/compass_heating_and_air_/""}",https://www.facebook.com/compasshvac/,https://www.instagram.com/compass_heating_and_air_/,https://twitter.com/compassheatair
ypid:YN3CB8F4F9348133F4,Gajda Contractors HVAC,"18 Heath Way, South Barrington, IL 60010",https://www.bing.com/th?id=OLC./Ap/gKjbH9WSkw480x360&pid=Local,https://www.bing.com/maps?cp=42.09941482543945%7E-88.15460968017578&lvl=17.0&q=Gajda%20Contractors%20HVAC%20%2C%2018%20Heath%20Way%2C%20South%20Barrington%2C%20IL%2060010,42.09941482543945,-88.15460968017578,,,HVAC services,Open 24 hours,https://gajdahvac.com/,(224) 218-9222,,,,,
ypid:YN4655A0C5463419AF,Phoenix HVAC LLC,"1051 Rohlwing Rd, Rolling Meadows, IL 60008",https://www.bing.com/th?id=OLC.jnuK1RwcL5W2tg480x360&pid=Local,https://www.bing.com/maps?cp=42.098209381103516%7E-88.0252914428711&lvl=17.0&q=Phoenix%20HVAC%20LLC%20%2C%201051%20Rohlwing%20Rd%2C%20Rolling%20Meadows%2C%20IL%2060008,42.098209381103516,-88.0252914428711,4.5,Yelp (20),HVAC services,Open · Closes 17:00,https://www.phx-hvac.com/,(224) 829-4822,service@phx-hvac.com,"{""facebook"":""https://www.facebook.com/heretoriseabovetherest/"",""instagram"":""https://www.instagram.com/phoenixhvac/"",""youtube"":""https://www.youtube.com/phx-hvac"",""linkedin"":""https://www.linkedin.com/company/phoenix-hvac4822""}",https://www.facebook.com/heretoriseabovetherest/,https://www.instagram.com/phoenixhvac/,
ypid:YN7CA94D770494F4BE,Planz Heating & Air Conditioning,"700 N Iowa Ave, Villa Park, IL 60181",https://www.bing.com/th?id=OLC.cSd2Bif8xsaOEQ480x360&pid=Local,https://www.bing.com/maps?cp=41.90303039550781%7E-87.98753356933594&lvl=17.0&q=Planz%20Heating%20%26%20Air%20Conditioning%20%2C%20700%20N%20Iowa%20Ave%2C%20Villa%20Park%2C%20IL%2060181,41.90303039550781,-87.98753356933594,5,Yelp (37),HVAC services,Open 24 hours,http://www.planzheating.com/,(630) 279-2995,,"{""facebook"":""https://www.facebook.com/planzheating/reviews/?ref=page_internal"",""yelp"":""https://www.yelp.com/biz/planz-heating-and-air-conditioning-villa-park""}",https://www.facebook.com/planzheating/reviews/?ref=page_internal,,
ypid:YN295C06D2C374E8A0,All Solutions LLC Co.,"535 Fritzsche Rd, Lakemoor, IL 60051",https://www.bing.com/th?id=OLC.xqT8w5l0BwMf1Q480x360&pid=Local,https://www.bing.com/maps?cp=42.32368469238281%7E-88.20797729492188&lvl=17.0&q=All%20Solutions%20LLC%20Co.%20%2C%20535%20Fritzsche%20Rd%2C%20Lakemoor%2C%20IL%2060051,42.32368469238281,-88.20797729492188,5,Yelp (4),HVAC services,Open · Closes 18:00,https://allsolutions-il.com/,(847) 780-6131,,"{""facebook"":""https://www.facebook.com/allsolutionshvac"",""twitter"":""https://twitter.com/allsolutionsllc""}",https://www.facebook.com/allsolutionshvac,,https://twitter.com/allsolutionsllc
ypid:YN8E94862153846514,Combined Services HVAC,"756 Ridgeview Dr, McHenry, IL 60050",https://www.bing.com/th?id=OLC.5z/QuEVrY7f2YA480x360&pid=Local,https://www.bing.com/maps?cp=42.316158294677734%7E-88.28944396972656&lvl=17.0&q=Combined%20Services%20HVAC%20%2C%20756%20Ridgeview%20Dr%2C%20McHenry%2C%20IL%2060050,42.316158294677734,-88.28944396972656,3,Yelp (11),Home service,Open 24 hours,https://combinedserviceshvac.com/,(833) 388-1581,,"{""facebook"":""https://www.facebook.com/combined-services-hvac-421065997958086/"",""yelp"":""https://www.yelp.com/biz/combined-services-hvac-mchenry?adjust_creative=microsoft&utm_campaign=yelp_feed&utm_medium=feed_v2&utm_source=microsoft""}",https://www.facebook.com/combined-services-hvac-421065997958086/,,
ypid:YNE08C67E32FF230A,Advantage Heating & Cooling,"1750 Todd Farm Dr, Elgin, IL 60123",https://www.bing.com/th?id=OLC.TXP/DjMj4K6QPA480x360&pid=Local,https://www.bing.com/maps?cp=42.05976104736328%7E-88.3228988647461&lvl=17.0&q=Advantage%20Heating%20%26%20Cooling%20%2C%201750%20Todd%20Farm%20Dr%2C%20Elgin%2C%20IL%2060123,42.05976104736328,-88.3228988647461,4,Yelp (6),HVAC services,Open 24 hours,https://advantageheatac.com/,(224) 203-2058,"info@advantagecontractor.com,frankie@advantagecontractor.com,riley@advantagecontractor.com,erics@advantagecontractor.com,jerry@advantagecontractor.com,adrian@advantagecontractor.com,ventura@advantagecontractor.com","{""facebook"":""https://www.facebook.com/advantageheatingcooling/reviews/?ref=page_internal"",""yelp"":""https://www.yelp.com/biz/advantage-contractor-solutions-elgin?utm_medium=badge_button&utm_source=biz_review_badge""}",https://www.facebook.com/advantageheatingcooling/reviews/?ref=page_internal,,
ypid:YNA41CC1709D260D75,"TDH Mechanical, Heating and Cooling Contractors","1623 W Montrose Ave, Chicago, IL 60613",https://www.bing.com/th?id=OLC.NQwCBAPzyj8/rw480x360&pid=Local,https://www.bing.com/maps?cp=41.9614143371582%7E-87.67021179199219&lvl=17.0&q=TDH%20Mechanical%2C%20Heating%20and%20Cooling%20Contractors%20%2C%201623%20W%20Montrose%20Ave%2C%20Chicago%2C%20IL%2060613,41.9614143371582,-87.67021179199219,4,Yelp (168),HVAC services,Open · Closes 18:00,https://www.chicagotdhmechanical.com/,(773) 342-4338,"help@pagepilot.com,apasqual@ita.br","{""facebook"":""https://www.facebook.com/tdhmechanical/"",""yelp"":""https://www.yelp.com/biz/tdh-mechanical-heating-and-cooling-contractors-chicago-2"",""youtube"":""https://www.youtube.com/channel/uccwzcuauyempckhs9l38z_q""}",https://www.facebook.com/tdhmechanical/,,
ypid:YNB6A269497417503C,Quality Heating & Air,"737 Middle Tennessee Blvd, Murfreesboro, TN 37129",https://www.bing.com/th?id=OLC.XSmYNLjIsG0hIA480x360&pid=Local,https://www.bing.com/maps?cp=35.829139709472656%7E-86.3992691040039&lvl=17.0&q=Quality%20Heating%20%26%20Air%20%2C%20737%20Middle%20Tennessee%20Blvd%2C%20Murfreesboro%2C%20TN%2037129,35.829139709472656,-86.3992691040039,3.5,Yelp (8),Contractor,,https://www.qualityheatair.com/about-us/,(615) 895-8667,name@cpsymbol.com,"{""facebook"":""https://www.facebook.com/qualityhvacmurfreesboro/"",""twitter"":""https://twitter.com/heating_air_tn""}",https://www.facebook.com/qualityhvacmurfreesboro/,,https://twitter.com/heating_air_tn
ypid:YN132C3A3B2D9A95AD,Parker's Heating & Cooling,"640 W Burton St, Murfreesboro, TN 37130",https://www.bing.com/th?id=OLC.zT2G9aiWExkE0A480x360&pid=Local,https://www.bing.com/maps?cp=35.85087585449219%7E-86.39776611328125&lvl=17.0&q=Parker's%20Heating%20%26%20Cooling%20%2C%20640%20W%20Burton%20St%2C%20Murfreesboro%2C%20TN%2037130,35.85087585449219,-86.39776611328125,3.5,Yelp (17),HVAC services,Open · Closes 16:00,https://www.parkershvac.com/?se_campaign=GBP,(629) 284-7660,,"{""facebook"":""https://www.facebook.com/parkershvac"",""twitter"":""https://twitter.com/parkershvacp""}",https://www.facebook.com/parkershvac,,https://twitter.com/parkershvacp
ypid:YN85501B226A1E2010,A/C Plus Heating & Cooling,"309 W Rutherford Blvd, Murfreesboro, TN 37130",https://www.bing.com/th?id=OLC.FlGqLb3R/A5nEQ480x360&pid=Local,https://www.bing.com/maps?cp=35.819000244140625%7E-86.4002685546875&lvl=17.0&q=A%2FC%20Plus%20Heating%20%26%20Cooling%20%2C%20309%20W%20Rutherford%20Blvd%2C%20Murfreesboro%2C%20TN%2037130,35.819000244140625,-86.4002685546875,3.5,Yelp (10),HVAC services,Open 24 hours,https://www.acplusonline.com/,(615) 246-6696,"info@acplusonline.com,git@github.com","{""facebook"":""https://www.facebook.com/ac-plus-inc-228442680520712/""}",https://www.facebook.com/ac-plus-inc-228442680520712/,,
ypid:YN29EB2A534724D340,The Miller Service Company Inc,"850 Scott St, Murfreesboro, TN 37129",https://www.bing.com/th?id=OLC.IFUJWoTAaZyoRA480x360&pid=Local,https://www.bing.com/maps?cp=35.85424041748047%7E-86.40510559082031&lvl=17.0&q=The%20Miller%20Service%20Company%20Inc%20%2C%20850%20Scott%20St%2C%20Murfreesboro%2C%20TN%2037129,35.85424041748047,-86.40510559082031,5,Yelp (2),HVAC services,Opens in 16 mins,https://www.millerserviceco.com/,(615) 890-6869,,,,,
ypid:YNFEEB9F2155937445,Prentice Alsup Heating & Air Conditioning Inc,"2302 W College St, Murfreesboro, TN 37129",https://www.bing.com/th?id=OLC.Fsm1SRvX3WM1CA480x360&pid=Local,https://www.bing.com/maps?cp=35.87357711791992%7E-86.425048828125&lvl=17.0&q=Prentice%20Alsup%20Heating%20%26%20Air%20Conditioning%20Inc%20%2C%202302%20W%20College%20St%2C%20Murfreesboro%2C%20TN%2037129,35.87357711791992,-86.425048828125,4,Yelp (12),HVAC services,Opens in 16 mins,http://prenticealsup.com/,(615) 890-1311,,"{""facebook"":""https://www.facebook.com/hillary.reed.108/posts/10111153675122825"",""yelp"":""https://www.yelp.com/biz/prentice-alsup-heating-and-air-conditioning-murfreesboro""}",https://www.facebook.com/hillary.reed.108/posts/10111153675122825,,
ypid:YN721EE61473A6346C,Romanoff Electric,"309 Murfreesboro St, Murfreesboro, TN 37127",https://www.bing.com/th?id=OLC.GJotM+uO40OGRg480x360&pid=Local,https://www.bing.com/maps?cp=35.82909393310547%7E-86.31468963623047&lvl=17.0&q=Romanoff%20Electric%20%2C%20309%20Murfreesboro%20St%2C%20Murfreesboro%2C%20TN%2037127,35.82909393310547,-86.31468963623047,,,Contractor,Open · Closes 16:00,http://www.romanoffgroup.cc/,(615) 295-2473,"Smith@romanoffgroup.cc,humansresources@romanoffgroup.cc,hlarkin@romanoffgroup.cc,pr@union.rpi.edu,showtechs@rpi.edu,lancar2@rpi.edu,palazd@rpi.edu,weinkl@rpi.edu,jk@columbuspartnership.com,jrobins@romanoffgroup.cc","{""facebook"":""https://www.facebook.com/romanoffnashville/"",""twitter"":""https://twitter.com/romanoffgroup"",""linkedin"":""https://www.linkedin.com/company/romanoff-group""}",https://www.facebook.com/romanoffnashville/,,https://twitter.com/romanoffgroup
ypid:YNE76C56FDEEBF5F8B,Quality HVACR,"2018 Medical Center Pkwy Ste B #176, Murfreesboro, TN 37129",https://www.bing.com/th?id=OLC.jZHU3wyIWdHTSg480x360&pid=Local,https://www.bing.com/maps?cp=35.85840606689453%7E-86.431396484375&lvl=17.0&q=Quality%20HVACR%20%2C%202018%20Medical%20Center%20Pkwy%20Ste%20B%20%23176%2C%20Murfreesboro%2C%20TN%2037129,35.85840606689453,-86.431396484375,,,HVAC services,Open 24 hours,http://www.qualityheatair.com/,(615) 895-8667,name@cpsymbol.com,"{""facebook"":""https://www.facebook.com/qualityhvacmurfreesboro/"",""twitter"":""https://twitter.com/heating_air_tn""}",https://www.facebook.com/qualityhvacmurfreesboro/,,https://twitter.com/heating_air_tn
ypid:YN19C3E4D40C08BC35,Quality Heating & Air,"2222 Future Valley Dr, Murfreesboro, TN 37130",https://www.bing.com/th?id=OLC.jZHU3wyIWdHTSg480x360&pid=Local,https://www.bing.com/maps?cp=35.8698616027832%7E-86.24409484863281&lvl=17.0&q=Quality%20Heating%20%26%20Air%20%2C%202222%20Future%20Valley%20Dr%2C%20Murfreesboro%2C%20TN%2037130,35.8698616027832,-86.24409484863281,4.5,Yellowpages (6),HVAC services,,http://www.qualityheatair.com/,(615) 713-1832,name@cpsymbol.com,"{""facebook"":""https://www.facebook.com/qualityhvacmurfreesboro/"",""twitter"":""https://twitter.com/heating_air_tn""}",https://www.facebook.com/qualityhvacmurfreesboro/,,https://twitter.com/heating_air_tn
ypid:YN79B70E81AE02CDA0,Miller Service Co,"507 W College St, Murfreesboro, TN 37130",,https://www.bing.com/maps?cp=35.8477783203125%7E-86.39641571044922&lvl=17.0&q=Miller%20Service%20Co%20%2C%20507%20W%20College%20St%2C%20Murfreesboro%2C%20TN%2037130,35.8477783203125,-86.39641571044922,,,HVAC services,,https://www.millerserviceco.com/,(615) 890-6869,,,,,
ypid:YNDFEF882B3970BCD8,"Precision Air, Inc.","6116 New Nashville Hwy, Murfreesboro, TN 37129",https://www.bing.com/th?id=OLC.PJwZsPG8ebReFQ480x360&pid=Local,https://www.bing.com/maps?cp=35.93486022949219%7E-86.47636413574219&lvl=17.0&q=Precision%20Air%2C%20Inc.%20%2C%206116%20New%20Nashville%20Hwy%2C%20Murfreesboro%2C%20TN%2037129,35.93486022949219,-86.47636413574219,3,Yelp (18),HVAC services,Open · Closes 16:30,https://www.precisionairtn.com/,(615) 815-1180,"mcmiller@airconspec.com,ethanpayne700@gmail.com","{""twitter"":""https://twitter.com/precisionairtn"",""instagram"":""https://www.instagram.com/precisionairtn/"",""youtube"":""https://www.youtube.com/channel/ucclgohbysob4wc1l87lmxgq"",""facebook"":""https://facebook.com/10160620905212501"",""linkedin"":""https://www.linkedin.com/company/precision-air-tn""}",https://facebook.com/10160620905212501,https://www.instagram.com/precisionairtn/,https://twitter.com/precisionairtn
ypid:YN802FA5075B36FC92,Paschall Heating & Air,"6523 Lebanon Rd, Murfreesboro, TN 37129",https://www.bing.com/th?id=OLC.fref2ODKWGVQBA480x360&pid=Local,https://www.bing.com/maps?cp=35.955322265625%7E-86.37849426269531&lvl=17.0&q=Paschall%20Heating%20%26%20Air%20%2C%206523%20Lebanon%20Rd%2C%20Murfreesboro%2C%20TN%2037129,35.955322265625,-86.37849426269531,5,Yelp (4),HVAC services,Opens in 16 mins,https://www.paschallac.com/,(615) 785-5702,profiles@birdeye.com,"{""facebook"":""https://www.facebook.com/hannah.tomlinson.372/posts/10220199947388288"",""instagram"":""https://www.instagram.com/paschallplumbingheatingcooling/"",""twitter"":""https://twitter.com/paschallhvac""}",https://www.facebook.com/hannah.tomlinson.372/posts/10220199947388288,https://www.instagram.com/paschallplumbingheatingcooling/,https://twitter.com/paschallhvac
ypid:YN803B2262913C5963,"Jewell Mechanical, LLC","1000 Elm Hill Pike, Nashville, TN 37210",https://www.bing.com/th?id=OLC.9gZqwIOSLaRmmw480x360&pid=Local,https://www.bing.com/maps?cp=36.144466400146484%7E-86.73736572265625&lvl=17.0&q=Jewell%20Mechanical%2C%20LLC%20%2C%201000%20Elm%20Hill%20Pike%2C%20Nashville%2C%20TN%2037210,36.144466400146484,-86.73736572265625,4.5,Yelp (17),HVAC services,Open 24 hours,https://www.jewellmechanical.com/,(615) 469-5965,"name@cpsymbol.com,jdoe@jewellmechanical.com","{""facebook"":""https://www.facebook.com/jewellmechanicalhvac"",""linkedin"":""https://www.linkedin.com/in/jewell-mechanical-llc-hvac-04b93931/"",""twitter"":""https://twitter.com/jewellhvac"",""youtube"":""https://www.youtube.com/channel/uc6dx9-exxzanfrotk4nta_a""}",https://www.facebook.com/jewellmechanicalhvac,,https://twitter.com/jewellhvac
ypid:YN333B1AD0C1E1212C,"MJ Frick Company, Inc.","3651 Trousdale Dr, Nashville, TN 37204",https://www.bing.com/th?id=OLC.Y9OfmsNk/C7zVA480x360&pid=Local,https://www.bing.com/maps?cp=36.0927848815918%7E-86.75021362304688&lvl=17.0&q=MJ%20Frick%20Company%2C%20Inc.%20%2C%203651%20Trousdale%20Dr%2C%20Nashville%2C%20TN%2037204,36.0927848815918,-86.75021362304688,3.5,Yelp (28),HVAC services,Open 24 hours,https://www.mjfrickco.com/,(615) 333-0658,"info@mjfrickco.com,mmsftools@gmail.com","{""facebook"":""https://www.facebook.com/barbee.majors/posts/3325960067535153"",""twitter"":""https://twitter.com/mjfrickco"",""youtube"":""https://www.youtube.com/user/mjfrickco"",""yelp"":""https://www.yelp.com/biz/mj-frick-company-nashville"",""instagram"":""https://www.instagram.com/michaeljfrick/"",""linkedin"":""https://www.linkedin.com/in/michael-j-frick-51189120/""}",https://www.facebook.com/barbee.majors/posts/3325960067535153,https://www.instagram.com/michaeljfrick/,https://twitter.com/mjfrickco
ypid:YNA08C08D4FA35068A,Temp Control Heating & Air Conditioning,"2214 Dortch Ave, Nashville, TN 37210",https://www.bing.com/th?id=OLC.fPnmav9Ak03FBA480x360&pid=Local,https://www.bing.com/maps?cp=36.12451934814453%7E-86.74564361572266&lvl=17.0&q=Temp%20Control%20Heating%20%26%20Air%20Conditioning%20%2C%202214%20Dortch%20Ave%2C%20Nashville%2C%20TN%2037210,36.12451934814453,-86.74564361572266,3.5,Yelp (15),HVAC services,Open · Closes 16:00,https://tempcontrolac.com/,(615) 827-5310,mail@tempcontrolac.com,"{""facebook"":""https://www.facebook.com/tempcontrolllc"",""twitter"":""https://twitter.com/tempcontrolllc""}",https://www.facebook.com/tempcontrolllc,,https://twitter.com/tempcontrolllc
ypid:YNE260431B8F58727,Lee Company,"1124 Menzler Rd, Nashville, TN 37210",https://www.bing.com/th?id=OLC.dvuGpKSDxbN07w480x360&pid=Local,https://www.bing.com/maps?cp=36.137596130371094%7E-86.7380142211914&lvl=17.0&q=Lee%20Company%20%2C%201124%20Menzler%20Rd%2C%20Nashville%2C%20TN%2037210,36.137596130371094,-86.7380142211914,2.5,Yelp (53),HVAC services,Open 24 hours,https://www.leecompany.com/location/nashville-tn/,(615) 567-1000,"info@leecompany.com,John.Smith@leecompany.com,jdoe@leecompany.com,dkalman@leecompany.com,careers@leecompany.com","{""facebook"":""https://www.facebook.com/leecompany/"",""instagram"":""http://instagram.com/lee.company"",""linkedin"":""https://www.linkedin.com/company/lee-company/"",""twitter"":""http://twitter.com/leecompany"",""youtube"":""https://www.youtube.com/channel/uc7-2fvzwwixam25e90h0ldw""}",https://www.facebook.com/leecompany/,http://instagram.com/lee.company,http://twitter.com/leecompany
ypid:YN497BB8268585D75D,Bentley's Air Conditioning | Lebanon TN,"1417 W Main St, Lebanon, TN 37087",https://www.bing.com/th?id=OLC.3LCYanuZsD+FGA480x360&pid=Local,https://www.bing.com/maps?cp=36.21673583984375%7E-86.32942199707031&lvl=17.0&q=Bentley's%20Air%20Conditioning%20%7C%20Lebanon%20TN%20%2C%201417%20W%20Main%20St%2C%20Lebanon%2C%20TN%2037087,36.21673583984375,-86.32942199707031,4,Yelp (8),Home service,Open · Closes 16:00,https://www.bentleysac.com/,(615) 444-1452,jessie@bentleysac.com,"{""facebook"":""https://www.facebook.com/bentleysair/""}",https://www.facebook.com/bentleysair/,,
ypid:YN5BADD375BF46F372,Kraus Mechanical Contracting,"302 S James Campbell Blvd, Columbia, TN 38401",https://www.bing.com/th?id=OLC.RSPz0htRVmnxWg480x360&pid=Local,https://www.bing.com/maps?cp=35.59101486206055%7E-87.04711151123047&lvl=17.0&q=Kraus%20Mechanical%20Contracting%20%2C%20302%20S%20James%20Campbell%20Blvd%2C%20Columbia%2C%20TN%2038401,35.59101486206055,-87.04711151123047,5,Yelp (1),HVAC services,Open 24 hours,https://www.krausmechanicalcontracting.com/,(931) 922-8215,info@krausmechanicalcontracting.com,"{""facebook"":""https://www.facebook.com/profile.php?id=100087915071150""}",https://www.facebook.com/profile.php?id=100087915071150,,
ypid:YNE9D897EE5F4FCEB4,"Pioneer Heating, Cooling, Electrical & Plumbing","2525 Perimeter Place Dr #122, Nashville, TN 37214",https://www.bing.com/th?id=OLC.Qunj89sDwIX2Dw480x360&pid=Local,https://www.bing.com/maps?cp=36.1488151550293%7E-86.67899322509766&lvl=17.0&q=Pioneer%20Heating%2C%20Cooling%2C%20Electrical%20%26%20Plumbing%20%2C%202525%20Perimeter%20Place%20Dr%20%23122%2C%20Nashville%2C%20TN%2037214,36.1488151550293,-86.67899322509766,4.5,Angi (657),HVAC services,Open 24 hours,https://pioneercomfort.com/service-area/nashville/,(615) 246-6713,"customerservice@pioneernashville.com,info@pioneercomfort.com,damon@pioneercomfort.com,mseal8979@comcast.net","{""facebook"":""https://www.facebook.com/pioneerheatingcoolingplumbingelectrical"",""instagram"":""https://www.instagram.com/pioneercomfort_/""}",https://www.facebook.com/pioneerheatingcoolingplumbingelectrical,https://www.instagram.com/pioneercomfort_/,
ypid:YN51452E27B898B9EA,Estes & Cain Heating and Air Conditioning,"319 Hickerson Dr, Murfreesboro, TN 37129",https://www.bing.com/th?id=OLC.OJ1gIdiu1giW+g480x360&pid=Local,https://www.bing.com/maps?cp=35.842952728271484%7E-86.39408874511719&lvl=17.0&q=Estes%20%26%20Cain%20Heating%20and%20Air%20Conditioning%20%2C%20319%20Hickerson%20Dr%2C%20Murfreesboro%2C%20TN%2037129,35.842952728271484,-86.39408874511719,,,HVAC services,Closed · Opens 09:00,http://www.estesandcainhvac.com/,(615) 920-2444,name@cpsymbol.com,"{""facebook"":""https://www.facebook.com/estesandcainhvac""}",https://www.facebook.com/estesandcainhvac,,
ypid:YN67BDAF12A2512747,"McCloskey Mechanical Contractors, Inc.","5211 Linbar Dr #510, Nashville, TN 37211",https://www.bing.com/th?id=OLC.1Ltp4hSfKoDHiQ480x360&pid=Local,https://www.bing.com/maps?cp=36.075279235839844%7E-86.6949234008789&lvl=17.0&q=McCloskey%20Mechanical%20Contractors%2C%20Inc.%20%2C%205211%20Linbar%20Dr%20%23510%2C%20Nashville%2C%20TN%2037211,36.075279235839844,-86.6949234008789,,,Contractor,Open · Closes 17:00,http://www.mccloskeymechanical.com/,(615) 953-1300,"info@thebluebook.com,richpettit@falascamechanical.com,bids@mccloskeymechanical.com,jcollier@mccloskeymechanical.com,comfortmech6@comcast.net,cwormack@mccloskeymechanical.com,estimating@thassian.com,burkhardtminc@verizon.net,dgonzalez@mccloskeymechanical.com,ddowling@mccloskeymechanical.com,ISANTILLI@CAMHVAC.COM,lbjorn@kellyhvac.com,tferiod@mccloskeymechanical.com,jdoe@mccloskeymechanical.com,jane@mccloskeymechanical.com,jane.doe@mccloskeymechanical.com,bobd@omniteam.com,cleighton@mccloskeymechanical.com,twalker@mccowngordon.com,acastolenia@mccloskeymechanical.com,FLast@mccloskeymechanical.com,betht@mcservice.com,mmcstravock@mccloskeymechanical.com",,,,
ypid:YN2D2575F7C58D0772,BME Inc.,"1030 SE Tater Peeler Rd, Lebanon, TN 37090",https://www.bing.com/th?id=OLC.KRH/dWKk6joCuw480x360&pid=Local,https://www.bing.com/maps?cp=36.18132400512695%7E-86.29718017578125&lvl=17.0&q=BME%20Inc.%20%2C%201030%20SE%20Tater%20Peeler%20Rd%2C%20Lebanon%2C%20TN%2037090,36.18132400512695,-86.29718017578125,,,HVAC services,Open 24 hours,https://www.bmeinc.com/#utm_source=Bing Listing&utm_medium=Website&utm_campaign=12-17-2020,(888) 897-8696,"sales@bmeinc.com,Sales@BMEInc.com",,,,
ypid:YN6AFBC23EFFF584C7,"MCH Nashville, LLC","4113 Old Hickory Blvd, Old Hickory, TN 37138",https://www.bing.com/th?id=OLC.PXGq80+9Ygsa/Q480x360&pid=Local,https://www.bing.com/maps?cp=36.224369049072266%7E-86.62594604492188&lvl=17.0&q=MCH%20Nashville%2C%20LLC%20%2C%204113%20Old%20Hickory%20Blvd%2C%20Old%20Hickory%2C%20TN%2037138,36.224369049072266,-86.62594604492188,,,Construction services,Closed · Opens 09:00,http://www.mchnashville.com/,(615) 669-0743,"office@mchnashville.com,office@MCHbuildersLLC.com","{""instagram"":""https://instagram.com/mchnashville"",""twitter"":""https://x.com/energystar"",""facebook"":""https://facebook.com/energystar"",""youtube"":""https://www.youtube.com/epaenergystar""}",https://facebook.com/energystar,https://instagram.com/mchnashville,https://x.com/energystar
ypid:YN89A6CF7622E6D6D8,"A & M Mechanical Services, Inc.","3522 Central Pike #212, Hermitage, TN 37076",https://www.bing.com/th?id=OLC.vIVpvTdo1dGEoQ480x360&pid=Local,https://www.bing.com/maps?cp=36.18492126464844%7E-86.63016510009766&lvl=17.0&q=A%20%26%20M%20Mechanical%20Services%2C%20Inc.%20%2C%203522%20Central%20Pike%20%23212%2C%20Hermitage%2C%20TN%2037076,36.18492126464844,-86.63016510009766,,,HVAC services,Opens in 16 mins,http://www.ammechservices.com/,(615) 866-0145,info@ammechservices.com,"{""facebook"":""https://www.facebook.com/ammechanicalservicesinc/""}",https://www.facebook.com/ammechanicalservicesinc/,,
ypid:YNE767C5B03C709A11,Sewell Electric & HVAC,"1413 W Main St, Franklin, TN 37064",https://www.bing.com/th?id=OLC.vu1Qm8zqqMt/rw480x360&pid=Local,https://www.bing.com/maps?cp=35.9119987487793%7E-86.88849639892578&lvl=17.0&q=Sewell%20Electric%20%26%20HVAC%20%2C%201413%20W%20Main%20St%2C%20Franklin%2C%20TN%2037064,35.9119987487793,-86.88849639892578,4,Yelp (10),HVAC services,Opens in 16 mins,https://sewellelectric.com/,(615) 794-2518,,"{""yelp"":""https://www.yelp.com/biz/sewell-electric-company-franklin-3?adjust_creative=microsoft&utm_campaign=yelp_feed&utm_medium=feed_v2&utm_source=microsoft"",""instagram"":""https://www.bing.com/images/search?view=detailv2&ccid=fe0cqqdv&id=fdd02e6e0696a390746a7ca7db1aa3cc1e82203b&thid=oip.fe0cqqdvzch8c3byh4wiaghagn&mediaurl=https://lookaside.instagram.com/seo/google_widget/crawler/?media_id=3489993034831887434&q=sewell+electric+&ck=56b91e93389a9eccfc7fd8eb5bb853d0&idpp=rc&expw=940&exph=788&form=rc2idp""}",,https://www.bing.com/images/search?view=detailv2&ccid=fe0cqqdv&id=fdd02e6e0696a390746a7ca7db1aa3cc1e82203b&thid=oip.fe0cqqdvzch8c3byh4wiaghagn&mediaurl=https://lookaside.instagram.com/seo/google_widget/crawler/?media_id=3489993034831887434&q=sewell+electric+&ck=56b91e93389a9eccfc7fd8eb5bb853d0&idpp=rc&expw=940&exph=788&form=rc2idp,
ypid:YN3CF62CBDCF646BD8,Tennessee Air,"222 Jackson Meadows Dr, Hermitage, TN 37076",https://www.bing.com/th?id=OLC.JIuZrkMRtOoXiw480x360&pid=Local,https://www.bing.com/maps?cp=36.21819305419922%7E-86.5992202758789&lvl=17.0&q=Tennessee%20Air%20%2C%20222%20Jackson%20Meadows%20Dr%2C%20Hermitage%2C%20TN%2037076,36.21819305419922,-86.5992202758789,5,Yelp (1),HVAC services,Opens in 16 mins,https://www.tnair.net/,(615) 908-6247,name@cpsymbol.com,"{""facebook"":""https://www.facebook.com/tnairhvac"",""twitter"":""https://www.twitter.com/tennesseeair"",""yelp"":""https://www.yelp.com/biz/tennessee-air-hermitage?adjust_creative=microsoft&utm_campaign=yelp_feed&utm_medium=feed_v2&utm_source=microsoft""}",https://www.facebook.com/tnairhvac,,https://www.twitter.com/tennesseeair
ypid:YNC3007DBDE2FEB82E,A-Action Air HVAC Inc.,"2601 Cruzen St, Nashville, TN 37211",https://www.bing.com/th?id=OLC.3YfHuLjzzdr+wg480x360&pid=Local,https://www.bing.com/maps?cp=36.11479568481445%7E-86.75232696533203&lvl=17.0&q=A-Action%20Air%20HVAC%20Inc.%20%2C%202601%20Cruzen%20St%2C%20Nashville%2C%20TN%2037211,36.11479568481445,-86.75232696533203,5,Angi (6),HVAC services,Open · Closes 15:00,https://aactionairhvac.com/,(615) 366-8030,"Admin@aactionairhvac.com,aactionair@yahoo.com","{""instagram"":""https://instagram.com/aactionairhvac"",""facebook"":""https://www.facebook.com/aactionairhvac/""}",https://www.facebook.com/aactionairhvac/,https://instagram.com/aactionairhvac,
ypid:YN1BE26CD44E24A571,Heavenly Air,"Private Address in Summerfield Village, TN",,https://www.bing.com/maps?cp=36.049217224121094%7E-86.61499786376953&lvl=17.0&q=Heavenly%20Air%20%2C%20Private%20Address%20in%20Summerfield%20Village%2C%20TN,36.049217224121094,-86.61499786376953,,,HVAC services,Open · Closes 17:00,https://heavenlyair.com/,(615) 200-7757,info@heavenlymechanical.com,,,,
ypid:YN3A642E5606608C94,"Hiller Plumbing, Heating, Cooling & Electrical","915 Murfreesboro Pike, Nashville, TN 37217",https://www.bing.com/th?id=OLC.UUrHXRACnng1+Q480x360&pid=Local,https://www.bing.com/maps?cp=36.12970733642578%7E-86.71727752685547&lvl=17.0&q=Hiller%20Plumbing%2C%20Heating%2C%20Cooling%20%26%20Electrical%20%2C%20915%20Murfreesboro%20Pike%2C%20Nashville%2C%20TN%2037217,36.12970733642578,-86.71727752685547,3.5,Yelp (99),HVAC services,Open 24 hours,https://happyhiller.com/locations/nashville/?se_campaign=Internet-LocalSEO,(615) 358-9132,"customerservice@happyhiller.com,happy@happylnb.com,Donald.Gerau@happyhiller.com","{""twitter"":""https://twitter.com/happyhiller"",""facebook"":""https://www.facebook.com/hillerphce/videos/friendly-reminder-whatever-lurks-in-your-ductwork-flows-throughout-your-home-and/312836977881312/"",""instagram"":""https://instagram.com/happyhiller"",""linkedin"":""https://linkedin.com/company/hiller-plumbing-heating-&-cooling"",""yelp"":""https://www.yelp.com/biz/hiller-plumbing-heating-cooling-and-electrical-nashville-3"",""youtube"":""https://www.youtube.com/@happyhiller"",""pinterest"":""https://pinterest.com/happyhiller""}",https://www.facebook.com/hillerphce/videos/friendly-reminder-whatever-lurks-in-your-ductwork-flows-throughout-your-home-and/312836977881312/,https://instagram.com/happyhiller,https://twitter.com/happyhiller
ypid:YND2B2F20199F87EA3,True Blue Heating And Cooling,"2509 Cayer Ln, Columbia, TN 38401",https://www.bing.com/th?id=OLC.QhKfRRzgUqWBsA480x360&pid=Local,https://www.bing.com/maps?cp=35.710853576660156%7E-86.97136688232422&lvl=17.0&q=True%20Blue%20Heating%20And%20Cooling%20%2C%202509%20Cayer%20Ln%2C%20Columbia%2C%20TN%2038401,35.710853576660156,-86.97136688232422,5,Yelp (6),HVAC services,Open · Closes 23:59,https://calltrueblueair.com/,(615) 568-7450,jmullis@calltrueblueair.com,"{""facebook"":""https://www.facebook.com/trueblueair"",""instagram"":""https://www.instagram.com/true_blue_hvac/"",""twitter"":""https://twitter.com/calltrueblueair"",""yelp"":""https://www.yelp.com/biz/true-blue-heating-and-cooling-columbia""}",https://www.facebook.com/trueblueair,https://www.instagram.com/true_blue_hvac/,https://twitter.com/calltrueblueair
ypid:YN762C207DA57FF4C5,"Air Conditioning Service, Inc","414 McNally Dr, Nashville, TN 37211",https://www.bing.com/th?id=OLC.y6RFd/JjQ9sV8g480x360&pid=Local,https://www.bing.com/maps?cp=36.09278106689453%7E-86.73851776123047&lvl=17.0&q=Air%20Conditioning%20Service%2C%20Inc%20%2C%20414%20McNally%20Dr%2C%20Nashville%2C%20TN%2037211,36.09278106689453,-86.73851776123047,2.5,Yelp (6),HVAC services,Open 24 hours,https://greentrucks.com/,(615) 834-7336,name@cpsymbol.com,"{""facebook"":""https://www.facebook.com/people/air-conditioning-service-inc/100063635105991/""}",https://www.facebook.com/people/air-conditioning-service-inc/100063635105991/,,
ypid:YN2D93D891D61FFDF1,O.K. Heating & Air Conditioning,"601 Sparta St, McMinnville, TN 37110",https://www.bing.com/th?id=OLC.eZVU8M9w+6ExnA480x360&pid=Local,https://www.bing.com/maps?cp=35.685272216796875%7E-85.76667785644531&lvl=17.0&q=O.K.%20Heating%20%26%20Air%20Conditioning%20%2C%20601%20Sparta%20St%2C%20McMinnville%2C%20TN%2037110,35.685272216796875,-85.76667785644531,3.5,Yelp (2),Home service,Open · Closes 16:00,http://okheatingair.com/,(931) 473-7063,,,,,
ypid:YN11CEDB9EB554956D,Shelton's Heating & Cooling,"1005 Murfreesboro Hwy, Manchester, TN 37355",https://www.bing.com/th?id=OLC.6UbZlLFNCNJ1DA480x360&pid=Local,https://www.bing.com/maps?cp=35.48701477050781%7E-86.09204864501953&lvl=17.0&q=Shelton's%20Heating%20%26%20Cooling%20%2C%201005%20Murfreesboro%20Hwy%2C%20Manchester%2C%20TN%2037355,35.48701477050781,-86.09204864501953,2,Yelp (5),HVAC services,Open · Closes 16:00,http://www.sheltonshvac.com/,(931) 723-4996,"eclee71@nate.com,sheltonhvac@gmail.com","{""yelp"":""https://www.yelp.com/biz/sheltons-plumbing-heating-and-repair-north-chesterfield"",""facebook"":""https://www.facebook.com/sheltonhvac/""}",https://www.facebook.com/sheltonhvac/,,
ypid:YN8F3049DB149DD3B3,"Bentley’s Air Conditioning - Mt Juliet, TN","10515 Lebanon Rd, Mt. Juliet, TN 37122",https://www.bing.com/th?id=OLC.RtGYjeWjzY2IZQ480x360&pid=Local,https://www.bing.com/maps?cp=36.231693267822266%7E-86.50102233886719&lvl=17.0&q=Bentley%E2%80%99s%20Air%20Conditioning%20-%20Mt%20Juliet%2C%20TN%20%2C%2010515%20Lebanon%20Rd%2C%20Mt.%20Juliet%2C%20TN%2037122,36.231693267822266,-86.50102233886719,3,Yelp (15),HVAC services,,https://bentleysheatandcoolreviews.com/,(615) 754-2665,,"{""yelp"":""https://www.yelp.com/biz/bentley-s-air-conditioning-mt-juliet-4?adjust_creative=microsoft&utm_campaign=yelp_feed&utm_medium=feed_v2&utm_source=microsoft""}",,,
ypid:YNDE2394170E85D891,Quality Heating & Air LLC,"Private Address in Murfreesboro, TN",https://www.bing.com/th?id=OLC.jZHU3wyIWdHTSg480x360&pid=Local,https://www.bing.com/maps?cp=35.85956573486328%7E-86.4210205078125&lvl=17.0&q=Quality%20Heating%20%26%20Air%20LLC%20%2C%20Private%20Address%20in%20Murfreesboro%2C%20TN,35.85956573486328,-86.4210205078125,,,HVAC services,Opens in 16 mins,https://www.qualityheatair.com/,(615) 895-8667,name@cpsymbol.com,"{""facebook"":""https://www.facebook.com/qualityhvacmurfreesboro/"",""twitter"":""https://twitter.com/heating_air_tn""}",https://www.facebook.com/qualityhvacmurfreesboro/,,https://twitter.com/heating_air_tn
ypid:YN32EABE53855D8077,JBN Mechanical Heating and Air Conditioning,"2738 W College Ave Ste A125, State College, PA 16801",https://www.bing.com/th?id=OLC.k0sODZ+UKQ8zFg480x360&pid=Local,https://www.bing.com/maps?cp=40.76541519165039%7E-77.88287353515625&lvl=17.0&q=JBN%20Mechanical%20Heating%20and%20Air%20Conditioning%20%2C%202738%20W%20College%20Ave%20Ste%20A125%2C%20State%20College%2C%20PA%2016801,40.76541519165039,-77.88287353515625,5,Yelp (7),HVAC services,Open 24 hours,https://www.jbnmechanical.com/,(814) 240-2455,john@jbnmechanical.com,"{""facebook"":""https://www.facebook.com/jbnmechanical/"",""twitter"":""https://www.twitter.com/@jbnmechanical"",""yelp"":""https://www.yelp.com/biz/jbn-mechanical-state-college-5"",""linkedin"":""https://www.linkedin.com/company/5348730""}",https://www.facebook.com/jbnmechanical/,,https://www.twitter.com/@jbnmechanical
ypid:YND4C085B8C2D8D5,PBCI Allen Mechanical & Electrical,"131 Champion Dr, State College, PA 16803",https://www.bing.com/th?id=OLC.5kGAvMVF08F6Ng480x360&pid=Local,https://www.bing.com/maps?cp=40.842716217041016%7E-77.87611389160156&lvl=17.0&q=PBCI%20Allen%20Mechanical%20%26%20Electrical%20%2C%20131%20Champion%20Dr%2C%20State%20College%2C%20PA%2016803,40.842716217041016,-77.87611389160156,3.5,Yelp (9),HVAC services,Open 24 hours,https://www.pbciallen.com/,(814) 238-3756,,"{""facebook"":""https://www.facebook.com/jeremiah.boone/posts/10221533904896321"",""yelp"":""https://www.yelp.com/biz/pbci-allen-mechanical-and-electrical-state-college""}",https://www.facebook.com/jeremiah.boone/posts/10221533904896321,,
ypid:YNED3891E7F8C05398,Capparelli Plumbing & Heating Inc,"Private Address in State College, PA",https://www.bing.com/th?id=OLC.1q2u2P59Xo3FTg480x360&pid=Local,https://www.bing.com/maps?cp=40.78799819946289%7E-77.85261535644531&lvl=17.0&q=Capparelli%20Plumbing%20%26%20Heating%20Inc%20%2C%20Private%20Address%20in%20State%20College%2C%20PA,40.78799819946289,-77.85261535644531,,,Plumbing,Open · Closes 16:00,https://statecollegeplumbingandheating.com/,(814) 238-2074,,,,,
ypid:YNF0490140415A5F09,Joseph C. Hazel Inc,"216 S Allegheny St, Bellefonte, PA 16823",https://www.bing.com/th?id=OLC.+kVNIkj41EjMyA480x360&pid=Local,https://www.bing.com/maps?cp=40.91055679321289%7E-77.77706909179688&lvl=17.0&q=Joseph%20C.%20Hazel%20Inc%20%2C%20216%20S%20Allegheny%20St%2C%20Bellefonte%2C%20PA%2016823,40.91055679321289,-77.77706909179688,3.5,Yelp (17),Home service,,https://josephhazelinc.com/,(814) 355-4841,"contato@ibonline.com.br,cworrick@jchazel.com","{""facebook"":""https://www.facebook.com/kerry.r.miller/posts/10160208465961884"",""yelp"":""https://www.yelp.com/biz/joseph-c-hazel-bellefonte""}",https://www.facebook.com/kerry.r.miller/posts/10160208465961884,,
ypid:YNABD04FE281458B82,Heritage Furnace & Air Repair,"122 N State St, Millville, PA 17846",https://www.bing.com/th?id=OLC.yBk60OZWworLwg480x360&pid=Local,https://www.bing.com/maps?cp=41.1217155456543%7E-76.53153991699219&lvl=17.0&q=Heritage%20Furnace%20%26%20Air%20Repair%20%2C%20122%20N%20State%20St%2C%20Millville%2C%20PA%2017846,41.1217155456543,-76.53153991699219,5,Angi (38),HVAC services,Open · Closes 17:00,https://www.heritagefurnace.com/,(570) 458-3200,heritagefurnaceandair@gmail.com,"{""facebook"":""https://www.facebook.com/heritage-furnace-air-repair-108385408227127""}",https://www.facebook.com/heritage-furnace-air-repair-108385408227127,,
ypid:YNE973527EF2E73597,Premier HVAC Services,"345 S Washington St, Greencastle, PA 17225",https://www.bing.com/th?id=OLC.qsIeeSWf9/YEGg480x360&pid=Local,https://www.bing.com/maps?cp=39.784908294677734%7E-77.72879028320312&lvl=17.0&q=Premier%20HVAC%20Services%20%2C%20345%20S%20Washington%20St%2C%20Greencastle%2C%20PA%2017225,39.784908294677734,-77.72879028320312,4,Yelp (17),HVAC services,Open 24 hours,https://www.premierhvacpa.com/,(717) 597-9900,,"{""facebook"":""https://www.facebook.com/premierhvacpa"",""twitter"":""https://twitter.com/hvac_premier"",""youtube"":""https://www.youtube.com/feed/history?utm_source=pp""}",https://www.facebook.com/premierhvacpa,,https://twitter.com/hvac_premier
ypid:YN5FC244165EE7A2CD,American HVAC Corp,"77 Sands St, Brooklyn, NY 11201",https://www.bing.com/th?id=OLC.EjDKGp6/p407cw480x360&pid=Local,https://www.bing.com/maps?cp=40.700435638427734%7E-73.98739624023438&lvl=17.0&q=American%20HVAC%20Corp%20%2C%2077%20Sands%20St%2C%20Brooklyn%2C%20NY%2011201,40.700435638427734,-73.98739624023438,,,HVAC services,Open 24 hours,https://americanhvac.nyc/locations/brooklyn-ny/,(332) 232-9300,"info@americanhvaccorp.com,sales@americanvacuum.com",,,,
ypid:YN58553E65B5306C53,Big Apple Air,"447 Broadway, New York, NY 10013",https://www.bing.com/th?id=OLC.WNCU8glnBPAK9g480x360&pid=Local,https://www.bing.com/maps?cp=40.72058868408203%7E-74.00148010253906&lvl=17.0&q=Big%20Apple%20Air%20%2C%20447%20Broadway%2C%20New%20York%2C%20NY%2010013,40.72058868408203,-74.00148010253906,,,HVAC services,Open 24 hours,https://bigappleair.com/,,office@bigappleair.com,"{""facebook"":""https://www.facebook.com/bigappleair/"",""twitter"":""https://x.com/bigappleairny"",""youtube"":""https://www.youtube.com/@heating.air.conditioning"",""linkedin"":""https://www.linkedin.com/company/big-apple-air/"",""pinterest"":""https://www.pinterest.com/bigappleair/"",""tiktok"":""https://www.tiktok.com/@bigappleair"",""instagram"":""https://www.instagram.com/bigappleairinc/"",""yelp"":""https://www.yelp.com/biz/big-apple-air-new-york""}",https://www.facebook.com/bigappleair/,https://www.instagram.com/bigappleairinc/,https://x.com/bigappleairny
ypid:YN50817359BA2C188B,Airnizer HVAC,"175 Pearl St Suite 342, Brooklyn, NY 11201",https://www.bing.com/th?id=OLC.aYoI/tNtSqDuPA480x360&pid=Local,https://www.bing.com/maps?cp=40.69959259033203%7E-73.98753356933594&lvl=17.0&q=Airnizer%20HVAC%20%2C%20175%20Pearl%20St%20Suite%20342%2C%20Brooklyn%2C%20NY%2011201,40.69959259033203,-73.98753356933594,5,Yelp (163),HVAC services,Closed · Opens tomorrow 09:00,https://www.airnizer.co/,(347) 745-7768,airnizer@yahoo.com,"{""facebook"":""https://www.facebook.com/wix"",""yelp"":""https://www.yelp.com/biz/wix-lounge-san-francisco"",""twitter"":""https://www.twitter.com/wix"",""instagram"":""https://www.instagram.com/airnizer""}",https://www.facebook.com/wix,https://www.instagram.com/airnizer,https://www.twitter.com/wix
ypid:YN1F22BC4A424FEF1F,Arnica Heating and Air Conditioning Inc,"99 Madison Ave Ste 5007, New York, NY 10016",https://www.bing.com/th?id=OLC.Ji2Md/04sKvG4A480x360&pid=Local,https://www.bing.com/maps?cp=40.74467468261719%7E-73.98486328125&lvl=17.0&q=Arnica%20Heating%20and%20Air%20Conditioning%20Inc%20%2C%2099%20Madison%20Ave%20Ste%205007%2C%20New%20York%2C%20NY%2010016,40.74467468261719,-73.98486328125,4.5,Yelp (35),HVAC services,Open · Closes 20:00,https://arnicaheatingandair.com/,(212) 393-1130,privacy@yodle.com,"{""facebook"":""https://www.facebook.com/arnicaheatingandair"",""twitter"":""https://twitter.com/arnicaheatingac"",""yelp"":""https://www.yelp.com/biz/arnica-heating-and-air-conditioning-manhattan-4?adjust_creative=microsoft&utm_campaign=yelp_feed&utm_medium=feed_v2&utm_source=microsoft""}",https://www.facebook.com/arnicaheatingandair,,https://twitter.com/arnicaheatingac
ypid:YND3D47088722506DB,Interstate Air Conditioning & Heating,"1133 Broadway #706, New York, NY 10010",https://www.bing.com/th?id=OLC.Sa0Jltg5V6bfFA480x360&pid=Local,https://www.bing.com/maps?cp=40.74370193481445%7E-73.98937225341797&lvl=17.0&q=Interstate%20Air%20Conditioning%20%26%20Heating%20%2C%201133%20Broadway%20%23706%2C%20New%20York%2C%20NY%2010010,40.74370193481445,-73.98937225341797,,,HVAC services,Open · Closes 23:59,https://www.interstateair.com/,(212) 983-3330,"info@interstateair.com,raymond@interstateair.com",,,,
ypid:YN273280150E11980F,American HVAC Corp,"368 9th Ave, New York, NY 10001",https://www.bing.com/th?id=OLC.ncpPqHoOTJNMHQ480x360&pid=Local,https://www.bing.com/maps?cp=40.75126266479492%7E-73.9976806640625&lvl=17.0&q=American%20HVAC%20Corp%20%2C%20368%209th%20Ave%2C%20New%20York%2C%20NY%2010001,40.75126266479492,-73.9976806640625,,,HVAC services,Open 24 hours,https://americanhvac.nyc/locations/manhattan-ny/,(347) 382-9030,"info@americanhvaccorp.com,sales@americanvacuum.com",,,,
ypid:YN121531B089112E33,Manhattan HVAC & Appliance Repair Inc,"48 W 14th St, New York, NY 10011",https://www.bing.com/th?id=OLC.YsAgngdzBjntKg480x360&pid=Local,https://www.bing.com/maps?cp=40.7368278503418%7E-73.99595642089844&lvl=17.0&q=Manhattan%20HVAC%20%26%20Appliance%20Repair%20Inc%20%2C%2048%20W%2014th%20St%2C%20New%20York%2C%20NY%2010011,40.7368278503418,-73.99595642089844,4,Yelp (19),HVAC services,Open · Closes 18:00,https://www.manhattan-hvac-repair.com/,(332) 334-0444,"manhattan@fusion.repair,hvacr.repair.manhattan@gmail.com","{""yelp"":""https://www.yelp.com/biz/manhattan-hvac-and-appliance-repair-new-york-2"",""facebook"":""https://www.facebook.com/manhattantech/videos/were-getting-technical-in-hvac-air-conditioning-and-refrigeration/1991918751144127/"",""youtube"":""https://www.youtube.com/watch?v=-h_p2p7xaqe""}",https://www.facebook.com/manhattantech/videos/were-getting-technical-in-hvac-air-conditioning-and-refrigeration/1991918751144127/,,
ypid:YNA7F57BD925CCE9CA,Commercial HVAC Repair Maintenance & Installation Experts NYC,"49 Flatbush Ave #154, Brooklyn, NY 11217",,https://www.bing.com/maps?cp=40.6875114440918%7E-73.97956085205078&lvl=17.0&q=Commercial%20HVAC%20Repair%20Maintenance%20%26%20Installation%20Experts%20NYC%20%2C%2049%20Flatbush%20Ave%20%23154%2C%20Brooklyn%2C%20NY%2011217,40.6875114440918,-73.97956085205078,,,HVAC services,Open · Closes 23:59,http://commercialhvacnewyork.com/,(347) 862-9686,"help@nyandcompany.com,jessilyne.roy@vitalitenb.ca,julien.lagacy@vitalitenb.ca",,,,
ypid:YNAA614508B4D3E2CD,Mitsubishi Mini Split Air Conditioner Heat Pump Supply and Installation NYC,"137 Montague St #183, Brooklyn, NY 11201",https://www.bing.com/th?id=OLC.ovNEwGSeVDXMoQ480x360&pid=Local,https://www.bing.com/maps?cp=40.69485092163086%7E-73.99380493164062&lvl=17.0&q=Mitsubishi%20Mini%20Split%20Air%20Conditioner%20Heat%20Pump%20Supply%20and%20Installation%20NYC%20%2C%20137%20Montague%20St%20%23183%2C%20Brooklyn%2C%20NY%2011201,40.69485092163086,-73.99380493164062,,,HVAC services,Open · Closes 17:00,http://www.mitsubishiminisplit.us/,(347) 506-1589,,,,,
ypid:YNC5782101A053D9C8,MR. AIR NYC,"78 14th St, Brooklyn, NY 11215",https://www.bing.com/th?id=OLC.ZAFzHqIv+vXJ3w480x360&pid=Local,https://www.bing.com/maps?cp=40.669036865234375%7E-73.99524688720703&lvl=17.0&q=MR.%20AIR%20NYC%20%2C%2078%2014th%20St%2C%20Brooklyn%2C%20NY%2011215,40.669036865234375,-73.99524688720703,5,Yelp (67),HVAC services,Open · Closes 17:00,http://www.mrairnyc.com/,(212) 393-4822,"info@mrairnyc.com,info@ksez.com.pk","{""yelp"":""https://www.yelp.com/biz/mr-air-nyc-brooklyn"",""instagram"":""https://instagram.com/mrairnyc"",""facebook"":""https://www.facebook.com/mrairnyc/"",""linkedin"":""https://linkedin.com/company/mr-air-nyc"",""twitter"":""https://twitter.com/mrairnyc""}",https://www.facebook.com/mrairnyc/,https://instagram.com/mrairnyc,https://twitter.com/mrairnyc
ypid:YN7DE74BE4D2F5496B,Arista Air Conditioning,"3826 10th St, Long Island City, NY 11101",https://www.bing.com/th?id=OLC.ycqlqY+w4X56Ew480x360&pid=Local,https://www.bing.com/maps?cp=40.758174896240234%7E-73.94332122802734&lvl=17.0&q=Arista%20Air%20Conditioning%20%2C%203826%2010th%20St%2C%20Long%20Island%20City%2C%20NY%2011101,40.758174896240234,-73.94332122802734,2,Yelp (23),HVAC services,Open · Closes 17:00,https://aristair.com/,(718) 937-1400,"info@aristair.com,sberger@aristair.com,mrosone@aristair.com,veckerson@aristair.com,cberger@aristair.com,ygitelman@aristair.com","{""twitter"":""https://twitter.com/aristaair"",""linkedin"":""https://www.linkedin.com/company/arista-air-conditioning-corp./"",""facebook"":""https://www.facebook.com/aristaairconditioning""}",https://www.facebook.com/aristaairconditioning,,https://twitter.com/aristaair
ypid:YN2170613E448C97FB,Mazgan Air Conditioning & Heating Repair,"607 Flatbush Ave, Brooklyn, NY 11225",https://www.bing.com/th?id=OLC.vMBVKycgZQzYag480x360&pid=Local,https://www.bing.com/maps?cp=40.658592224121094%7E-73.96019744873047&lvl=17.0&q=Mazgan%20Air%20Conditioning%20%26%20Heating%20Repair%20%2C%20607%20Flatbush%20Ave%2C%20Brooklyn%2C%20NY%2011225,40.658592224121094,-73.96019744873047,4,Yelp (105),HVAC services,Open · Closes 21:00,https://brooklynnyhvacservices.com/,(888) 488-0013,"webJohnSmith@brooklynnyhvacservices.com,John.Smith@brooklynnyhvacservices.com","{""facebook"":""https://www.facebook.com/brooklynnyhvacservices/"",""instagram"":""https://www.instagram.com/mazgan_air_conditioning_heat/""}",https://www.facebook.com/brooklynnyhvacservices/,https://www.instagram.com/mazgan_air_conditioning_heat/,
ypid:YN7D471D7BDFAAF306,GMB HVAC INC.,"2131 Broadway, New York, NY 10023",https://www.bing.com/th?id=OLC.21kqZbcu6nb5mA480x360&pid=Local,https://www.bing.com/maps?cp=40.78087615966797%7E-73.9818344116211&lvl=17.0&q=GMB%20HVAC%20INC.%20%2C%202131%20Broadway%2C%20New%20York%2C%20NY%2010023,40.78087615966797,-73.9818344116211,,,HVAC services,Open · Closes 20:00,http://www.gmbhvacinc.com/,(917) 400-5914,Info@GmbHvacInc.com,,,,
ypid:YN8E0E994A432DEB21,Royal Heating Corporation,"10 Martin Luther King Dr, Jersey City, NJ 07305",https://www.bing.com/th?id=OLC.es6IKJyqasrpEQ480x360&pid=Local,https://www.bing.com/maps?cp=40.70071792602539%7E-74.09064483642578&lvl=17.0&q=Royal%20Heating%20Corporation%20%2C%2010%20Martin%20Luther%20King%20Dr%2C%20Jersey%20City%2C%20NJ%2007305,40.70071792602539,-74.09064483642578,4,Yelp (37),HVAC services,Open · Closes 16:00,https://www.royalheatingandcooling.com/,(201) 434-0315,chris@royalheatingandcooling.com,"{""instagram"":""https://www.instagram.com/royalheating/""}",,https://www.instagram.com/royalheating/,
ypid:YN155C336072F43035,Cool Point Hvac Corp,"200 Riverside Blvd, New York, NY 10069",https://www.bing.com/th?id=OLC.Irky2MqGN2GjZw480x360&pid=Local,https://www.bing.com/maps?cp=40.77901840209961%7E-73.98772430419922&lvl=17.0&q=Cool%20Point%20Hvac%20Corp%20%2C%20200%20Riverside%20Blvd%2C%20New%20York%2C%20NY%2010069,40.77901840209961,-73.98772430419922,,,HVAC services,Open · Closes 18:00,http://coolpointnyc.com/,(917) 999-1992,Info@coolpointnyc.com,,,,
ypid:YN27729B30FD5C1E8B,Window Air Conditioner Installation by SUPERCOOLNYC,"Private Address in New York, NY",,https://www.bing.com/maps?cp=40.791603088378906%7E-73.94670867919922&lvl=17.0&q=Window%20Air%20Conditioner%20Installation%20by%20SUPERCOOLNYC%20%2C%20Private%20Address%20in%20New%20York%2C%20NY,40.791603088378906,-73.94670867919922,,,HVAC services,Open 24 hours,https://www.supercoolnyc.com/,,"SuperCoolNYC1@Gmail.com,info@shart.com","{""yelp"":""https://www.yelp.com/biz/supercoolnyc-brooklyn""}",,,
ypid:YN609727ABFDA46051,Donnelly Mechanical | Commercial HVAC Contractor,"9659 222nd St, Queens Village, NY 11429",https://www.bing.com/th?id=OLC.GmPMLOI5/bEMRw480x360&pid=Local,https://www.bing.com/maps?cp=40.717796325683594%7E-73.73088073730469&lvl=17.0&q=Donnelly%20Mechanical%20%7C%20Commercial%20HVAC%20Contractor%20%2C%209659%20222nd%20St%2C%20Queens%20Village%2C%20NY%2011429,40.717796325683594,-73.73088073730469,4,Indeed (44),HVAC services,Open 24 hours,https://www.donnellymech.com/,(718) 865-2294,"ddonnelly@donnellymech.com,info@donnellymech.com,ksimensky@donnellymech.com,scroteau@donnellymech.com,dennisb@fmmcorp.com,mmorgan@donnellymech.com,jm@donnellymech.com","{""facebook"":""https://www.facebook.com/donnellymechanical/"",""twitter"":""https://twitter.com/donnellymech"",""linkedin"":""https://www.linkedin.com/company/donnellymechanical"",""instagram"":""https://www.instagram.com/donnellymechanical/"",""youtube"":""https://www.youtube.com/channel/ucrlge2h3n-khgqqraql""}",https://www.facebook.com/donnellymechanical/,https://www.instagram.com/donnellymechanical/,https://twitter.com/donnellymech
ypid:YN201A65A90894B8E0,ALL WEEK MECHANICAL GROUP AIR CONDITIONING,"184 Clinton Ave, Clifton, NJ 07011",,https://www.bing.com/maps?cp=40.871849060058594%7E-74.14604187011719&lvl=17.0&q=ALL%20WEEK%20MECHANICAL%20GROUP%20AIR%20CONDITIONING%20%2C%20184%20Clinton%20Ave%2C%20Clifton%2C%20NJ%2007011,40.871849060058594,-74.14604187011719,,,HVAC services,Open 24 hours,https://allweekairconditioning.com/ac-repairs-clifton-nj,(877) 666-9335,,"{""yelp"":""https://www.yelp.com/writeareview/biz/bcyugcdxjdeldjtryayxrw?return_url=%2fbiz%2fbcyugcdxjdeldjtryayxrw&source=biz_details_war_button"",""facebook"":""https://www.facebook.com/allweekaccliftonnj"",""youtube"":""https://www.youtube.com/watch?v=su9tcbammiq""}",https://www.facebook.com/allweekaccliftonnj,,
ypid:YN57FE1F2EFEC5C08F,Blue Air One Heating & Air Conditioning,"508 W Elizabeth Ave, Linden, NJ 07036",https://www.bing.com/th?id=OLC.4v6yDvvg5t+crA480x360&pid=Local,https://www.bing.com/maps?cp=40.62717819213867%7E-74.25627136230469&lvl=17.0&q=Blue%20Air%20One%20Heating%20%26%20Air%20Conditioning%20%2C%20508%20W%20Elizabeth%20Ave%2C%20Linden%2C%20NJ%2007036,40.62717819213867,-74.25627136230469,5,Expertise (135),Home service,Open · Closes 18:00,https://blueaironenj.com/,(908) 275-3953,"blueair@usa.com,webmaster@asiaenjoy.com,agata@blueaironenj.com,nharrison@bsemechanical.com,info@blueaironenj.com,kpriest@bhpplumbingheating.com","{""yelp"":""https://www.yelp.com/biz/blue-air-one-linden"",""facebook"":""https://www.facebook.com/bea.mendez.395/posts/10223644224468699"",""instagram"":""https://www.instagram.com/blueaironeinc/?hl=en"",""pinterest"":""https://www.pinterest.com/blueairone/_created"",""twitter"":""https://twitter.com/blueaironenj""}",https://www.facebook.com/bea.mendez.395/posts/10223644224468699,https://www.instagram.com/blueaironeinc/?hl=en,https://twitter.com/blueaironenj
ypid:YN8E5DC05BE6F518EE,Breezin HVAC - Best HVAC Contractor in New York,"654 Sharrotts Rd, Staten Island, NY 10309",https://www.bing.com/th?id=OLC.OLpZcTGFgQHGyg480x360&pid=Local,https://www.bing.com/maps?cp=40.53826904296875%7E-74.23945617675781&lvl=17.0&q=Breezin%20HVAC%20-%20Best%20HVAC%20Contractor%20in%20New%20York%20%2C%20654%20Sharrotts%20Rd%2C%20Staten%20Island%2C%20NY%2010309,40.53826904296875,-74.23945617675781,3,Yelp (25),HVAC services,Open 24 hours,https://breezinhvac.com/,(855) 273-3946,,,,,
ypid:YNBB2C1BDF10015615,HVAC Specialist NYC,"125 Worth St, New York, NY 10013",https://www.bing.com/th?id=OLC.qYG6EBukVH4hpw480x360&pid=Local,https://www.bing.com/maps?cp=40.71568298339844%7E-74.00232696533203&lvl=17.0&q=HVAC%20Specialist%20NYC%20%2C%20125%20Worth%20St%2C%20New%20York%2C%20NY%2010013,40.71568298339844,-74.00232696533203,,,HVAC services,Open · Closes 21:30,http://hvacspecialistnyc.com/,(631) 505-0035,Info@HVACSpecialistNYC.Com,,,,
ypid:YN600BC0ACE4F622F9,Hi Tech Central Air Conditioning & Heating Services Inc.,"Private Address in Downtown Brooklyn, NY",,https://www.bing.com/maps?cp=40.6971435546875%7E-73.9795150756836&lvl=17.0&q=Hi%20Tech%20Central%20Air%20Conditioning%20%26%20Heating%20Services%20Inc.%20%2C%20Private%20Address%20in%20Downtown%20Brooklyn%2C%20NY,40.6971435546875,-73.9795150756836,,,HVAC services,Open · Closes 20:00,http://hitechairconditioningservicesinc.com/,(718) 813-8064,Services@HiTechCentralAir.com,"{""facebook"":""https://www.facebook.com/hitech.centralair.3""}",https://www.facebook.com/hitech.centralair.3,,
ypid:YN156938D928EC061D,Brooklyn Air Conditioning Contractors,"157 Smith St, Brooklyn, NY 11201",https://www.bing.com/th?id=OLC.fGGrtyQxEnb8Gw480x360&pid=Local,https://www.bing.com/maps?cp=40.68630599975586%7E-73.99048614501953&lvl=17.0&q=Brooklyn%20Air%20Conditioning%20Contractors%20%2C%20157%20Smith%20St%2C%20Brooklyn%2C%20NY%2011201,40.68630599975586,-73.99048614501953,,,HVAC services,Open 24 hours,https://brooklyn-air-conditioning-contractors.ueniweb.com/,(872) 213-0882,"katrinakaif62822@gmail.com,legal@ueni.com,help@ueni.com,help@ueni.om","{""linkedin"":""https://www.linkedin.com/company/ueni-ltd/"",""youtube"":""https://www.youtube.com/feed/history?utm_source=pp"",""twitter"":""https://twitter.com/ueniltd"",""facebook"":""https://www.facebook.com/ueniltd"",""instagram"":""https://www.instagram.com/ueni.ltd/"",""tiktok"":""https://www.tiktok.com/@ueni.com""}",https://www.facebook.com/ueniltd,https://www.instagram.com/ueni.ltd/,https://twitter.com/ueniltd
ypid:YNFE4D2574895DC3A7,Weather Up Down HVAC Corp.,"828 Broadway, New York, NY 10003",https://www.bing.com/th?id=OLC.DGvOTqk4hC7oDQ480x360&pid=Local,https://www.bing.com/maps?cp=40.733211517333984%7E-73.99088287353516&lvl=17.0&q=Weather%20Up%20Down%20HVAC%20Corp.%20%2C%20828%20Broadway%2C%20New%20York%2C%20NY%2010003,40.733211517333984,-73.99088287353516,,,HVAC services,Open · Closes 18:30,http://weatherupdownhvac.com/,(212) 202-0780,Info@WeatherUpDownHvac.com,,,,
ypid:YNF6A56AAAA26C2345,PJ Mechanical,"10 E 53rd St, New York, NY 10022",https://www.bing.com/th?id=OLC.S1IqIJMNjXn+5Q480x360&pid=Local,https://www.bing.com/maps?cp=40.75981521606445%7E-73.97532653808594&lvl=17.0&q=PJ%20Mechanical%20%2C%2010%20E%2053rd%20St%2C%20New%20York%2C%20NY%2010022,40.75981521606445,-73.97532653808594,,,HVAC services,Open · Closes 18:00,https://www.pjmechanical.com/,(212) 243-2555,"Info@loringengineerins.com,bliebowitz@deltasheetmetal.com,evag@pjmechanical.com,se@pjmechanical.com,dIZHY@pjmechanical.com,albelangeame@gmail.com","{""twitter"":""https://twitter.com/pjmechanical_ny"",""facebook"":""https://www.facebook.com/pjmechanicalcorp/"",""linkedin"":""https://www.linkedin.com/company/pj-mechanical-corp/""}",https://www.facebook.com/pjmechanicalcorp/,,https://twitter.com/pjmechanical_ny
ypid:YN972CD3E2C44D58BD,"McCloskey Mechanical Contractors, Inc,","264 W 40th St Ste 801, New York, NY 10018",https://www.bing.com/th?id=OLC.1Ltp4hSfKoDHiQ480x360&pid=Local,https://www.bing.com/maps?cp=40.75556564331055%7E-73.99037170410156&lvl=17.0&q=McCloskey%20Mechanical%20Contractors%2C%20Inc%2C%20%2C%20264%20W%2040th%20St%20Ste%20801%2C%20New%20York%2C%20NY%2010018,40.75556564331055,-73.99037170410156,,,Contractor,Opens in 14 mins,http://www.mccloskeymechanical.com/,(212) 488-3030,"info@thebluebook.com,richpettit@falascamechanical.com,bids@mccloskeymechanical.com,jcollier@mccloskeymechanical.com,comfortmech6@comcast.net,cwormack@mccloskeymechanical.com,estimating@thassian.com,burkhardtminc@verizon.net,dgonzalez@mccloskeymechanical.com,ddowling@mccloskeymechanical.com,ISANTILLI@CAMHVAC.COM,lbjorn@kellyhvac.com,tferiod@mccloskeymechanical.com,jdoe@mccloskeymechanical.com,jane@mccloskeymechanical.com,jane.doe@mccloskeymechanical.com,bobd@omniteam.com,cleighton@mccloskeymechanical.com,twalker@mccowngordon.com,acastolenia@mccloskeymechanical.com,FLast@mccloskeymechanical.com,betht@mcservice.com,mmcstravock@mccloskeymechanical.com",,,,
ypid:YNCEDBB816E457B5D7,Eco Air Inc.,"Private Address in Bedford-Stuyvesant, NY",https://www.bing.com/th?id=OLC.FBunCjTuXdUQzg480x360&pid=Local,https://www.bing.com/maps?cp=40.69715118408203%7E-73.9476089477539&lvl=17.0&q=Eco%20Air%20Inc.%20%2C%20Private%20Address%20in%20Bedford-Stuyvesant%2C%20NY,40.69715118408203,-73.9476089477539,,,HVAC services,Open · Closes 17:00,https://www.ecoairhvac.com/,(718) 770-7890,"Info@ecoairhvac.com,ecoairhvac@yahoo.com","{""facebook"":""https://www.facebook.com/ecoairinc/"",""twitter"":""https://twitter.com/ecoairinc""}",https://www.facebook.com/ecoairinc/,,https://twitter.com/ecoairinc
ypid:YNEC340341C9761FE8,American HVAC Corp,"4700 Northern Blvd #22, Long Island City, NY 11101",https://www.bing.com/th?id=OLC.0qQFGXdMl6lYtA480x360&pid=Local,https://www.bing.com/maps?cp=40.75316619873047%7E-73.9155502319336&lvl=17.0&q=American%20HVAC%20Corp%20%2C%204700%20Northern%20Blvd%20%2322%2C%20Long%20Island%20City%2C%20NY%2011101,40.75316619873047,-73.9155502319336,,,HVAC services,Open 24 hours,https://americanhvac.nyc/locations/queens-ny/,(347) 862-9594,"info@americanhvaccorp.com,sales@americanvacuum.com",,,,
ypid:YNB9951388E800A5DD,"Tudor HVAC Mechanical, INC","1912 Menahan St, Ridgewood, NY 11385",https://www.bing.com/th?id=OLC.8BkLAMeqzm+KwQ480x360&pid=Local,https://www.bing.com/maps?cp=40.7068977355957%7E-73.90807342529297&lvl=17.0&q=Tudor%20HVAC%20Mechanical%2C%20INC%20%2C%201912%20Menahan%20St%2C%20Ridgewood%2C%20NY%2011385,40.7068977355957,-73.90807342529297,3,Yelp (6),HVAC services,Open · Closes 20:30,http://tudorhvac.com/,(347) 876-3333,"info@unifac.co.kr,info@tudorhvac.com,technical@tudorhvac.com,TOGETHERinfo@tudorhvac.com","{""facebook"":""https://www.facebook.com/boldthemes/"",""instagram"":""https://www.instagram.com/bold_themes/"",""twitter"":""https://twitter.com/bold_themes""}",https://www.facebook.com/boldthemes/,https://www.instagram.com/bold_themes/,https://twitter.com/bold_themes
ypid:YN8A22C7DA95937925,Top HVAC NYC,"Private Address in Upper West Side, NY",,https://www.bing.com/maps?cp=40.78130340576172%7E-73.97711944580078&lvl=17.0&q=Top%20HVAC%20NYC%20%2C%20Private%20Address%20in%20Upper%20West%20Side%2C%20NY,40.78130340576172,-73.97711944580078,,,HVAC services,Open · Closes 21:00,https://hvacairconditionersnyc.com/,(646) 493-4904,"support@hvacairconditionersnyc.com,info@cisleads.com","{""yelp"":""https://www.yelp.com/biz/top-hvac-nyc-new-york"",""twitter"":""https://twitter.com/tophvac_nyc""}",,,https://twitter.com/tophvac_nyc
ypid:YN54049881501497EA,"Bluewater Plumbing, Heating and Air Conditioning","6317 Metropolitan Ave, Middle Village, NY 11379",https://www.bing.com/th?id=OLC.iECI3w0yq4clBQ480x360&pid=Local,https://www.bing.com/maps?cp=40.712745666503906%7E-73.8985595703125&lvl=17.0&q=Bluewater%20Plumbing%2C%20Heating%20and%20Air%20Conditioning%20%2C%206317%20Metropolitan%20Ave%2C%20Middle%20Village%2C%20NY%2011379,40.712745666503906,-73.8985595703125,2.5,Yelp (16),Plumbing,Open · Closes 17:00,https://www.plumbing4nyc.com/,(866) 763-5302,kspa@jeongpil.com,"{""yelp"":""https://www.yelp.com/biz/bluewater-plumbing-and-heating-middle-village-3""}",,,
ypid:YNF38A8ECA51428715,"Denair HVAC, Inc.","8319 20th Ave #200, Brooklyn, NY 11214",https://www.bing.com/th?id=OLC.m833IwQASGNFZQ480x360&pid=Local,https://www.bing.com/maps?cp=40.6058235168457%7E-73.99662780761719&lvl=17.0&q=Denair%20HVAC%2C%20Inc.%20%2C%208319%2020th%20Ave%20%23200%2C%20Brooklyn%2C%20NY%2011214,40.6058235168457,-73.99662780761719,,,HVAC services,Open · Closes 18:00,https://denairhvac.com/,(212) 776-1333,assist@denairhvac.com,"{""linkedin"":""https://www.linkedin.com/company/denairhvacinc/"",""facebook"":""https://www.facebook.com/denairhvac"",""instagram"":""https://www.instagram.com/denairhvac/"",""youtube"":""https://www.youtube.com/channel/uconvndckcfbfblvhq6umesg"",""twitter"":""https://twitter.com/denairhvac""}",https://www.facebook.com/denairhvac,https://www.instagram.com/denairhvac/,https://twitter.com/denairhvac
ypid:YN3AEBE297A60AEF60,"Jerry's Plumbing & HVAC, Inc","10811 Liberty Ave, South Richmond Hill, NY 11419",https://www.bing.com/th?id=OLC.SC92fn7PlkNQog480x360&pid=Local,https://www.bing.com/maps?cp=40.68409729003906%7E-73.83313751220703&lvl=17.0&q=Jerry's%20Plumbing%20%26%20HVAC%2C%20Inc%20%2C%2010811%20Liberty%20Ave%2C%20South%20Richmond%20Hill%2C%20NY%2011419,40.68409729003906,-73.83313751220703,3.5,Yelp (6),HVAC services,Open · Closes 16:30,https://jerrysplumbinghvac.com/,(718) 925-2200,,"{""yelp"":""https://www.yelp.com/biz/jerrys-plumbing-and-hvac-south-richmond-hill-2""}",,,
ypid:YN1C98F9DA40BFC73A,Airtek Mechanical Heating & Cooling LLC,"400 Valley Brook Ave, Lyndhurst, NJ 07071",https://www.bing.com/th?id=OLC.RhpVmDc9oZQIXA480x360&pid=Local,https://www.bing.com/maps?cp=40.81193161010742%7E-74.12478637695312&lvl=17.0&q=Airtek%20Mechanical%20Heating%20%26%20Cooling%20LLC%20%2C%20400%20Valley%20Brook%20Ave%2C%20Lyndhurst%2C%20NJ%2007071,40.81193161010742,-74.12478637695312,,,HVAC services,Open · Closes 20:00,http://www.airtekmechanicalhvac.com/,(201) 668-6366,"airtekmechanical@gmail.com,eddiehvac@hotmail.com",,,,
ypid:YN57D7E6FB95442739,American HVAC Corp,"3 Bayley Ave, Yonkers, NY 10705",https://www.bing.com/th?id=OLC.txm55io8AqQQkw480x360&pid=Local,https://www.bing.com/maps?cp=40.91866683959961%7E-73.90275573730469&lvl=17.0&q=American%20HVAC%20Corp%20%2C%203%20Bayley%20Ave%2C%20Yonkers%2C%20NY%2010705,40.91866683959961,-73.90275573730469,5,Yellowpages (4),HVAC services,Open · Closes 23:59,https://americanhvac-westchestercounty.com/,(929) 369-8352,,,,,
ypid:YN2EF4874340D7924A,American HVAC Corp,"1500 Astor Ave, Bronx, NY 10469",,https://www.bing.com/maps?cp=40.85972213745117%7E-73.84259033203125&lvl=17.0&q=American%20HVAC%20Corp%20%2C%201500%20Astor%20Ave%2C%20Bronx%2C%20NY%2010469,40.85972213745117,-73.84259033203125,,,HVAC services,Open 24 hours,https://americanhvac.nyc/locations/bronx-ny/,(929) 998-9370,"info@americanhvaccorp.com,sales@americanvacuum.com",,,,
ypid:YNAEE6AD55EA5FEEE8,Stay Cool Heating and Air Conditioning - NJ,"986 S Springfield Ave, Springfield, NJ 07081",https://www.bing.com/th?id=OLC.ArnRKk8SpW7DmQ480x360&pid=Local,https://www.bing.com/maps?cp=40.682777404785156%7E-74.33165740966797&lvl=17.0&q=Stay%20Cool%20Heating%20and%20Air%20Conditioning%20-%20NJ%20%2C%20986%20S%20Springfield%20Ave%2C%20Springfield%2C%20NJ%2007081,40.682777404785156,-74.33165740966797,,,HVAC services,Opens in 14 mins,https://www.staycoolhvac.com/,(908) 272-2149,JohnSmith@staycoolhvac.com,"{""facebook"":""https://www.facebook.com/stay-cool-heating-and-air-conditioning-355023704972987/"",""yelp"":""https://www.yelp.com/biz/stay-cool-heating-and-air-conditioning-cranford-2""}",https://www.facebook.com/stay-cool-heating-and-air-conditioning-355023704972987/,,
ypid:YND8D81AB61F78710B,New York City Boilers,"Private Address in Starrett City, NY",https://www.bing.com/th?id=OLC.3XD6KAOvR1e4UA480x360&pid=Local,https://www.bing.com/maps?cp=40.65074920654297%7E-73.87840270996094&lvl=17.0&q=New%20York%20City%20Boilers%20%2C%20Private%20Address%20in%20Starrett%20City%2C%20NY,40.65074920654297,-73.87840270996094,,,HVAC supplier,Open 24 hours,http://www.newyorkcityboilers.com/,(718) 593-3799,bobbyboilerhelp@gmail.com,"{""facebook"":""https://www.facebook.com/people/new-york-city-boilers/61555739601973/""}",https://www.facebook.com/people/new-york-city-boilers/61555739601973/,,
ypid:YND7C8ACF73C107C5A,Erican HVAC Corp.,"60 Pearl St, New York, NY 10004",https://www.bing.com/th?id=OLC.625hAUQ6xFnufw480x360&pid=Local,https://www.bing.com/maps?cp=40.70344924926758%7E-74.01109313964844&lvl=17.0&q=Erican%20HVAC%20Corp.%20%2C%2060%20Pearl%20St%2C%20New%20York%2C%20NY%2010004,40.70344924926758,-74.01109313964844,,,HVAC services,Open · Closes 21:00,http://www.ericanhvac.com/,(718) 666-5974,Info@EricanHvac.com,,,,
ypid:YN43DD05EAD655C67D,New York Heating Corporation,"354 Humboldt St, Brooklyn, NY 11211",,https://www.bing.com/maps?cp=40.7141227722168%7E-73.94244384765625&lvl=17.0&q=New%20York%20Heating%20Corporation%20%2C%20354%20Humboldt%20St%2C%20Brooklyn%2C%20NY%2011211,40.7141227722168,-73.94244384765625,1,Yelp (2),Home service,Open · Closes 17:00,http://www.newyorkheating.com/,(718) 782-3894,info@newyorkheating.com,"{""linkedin"":""https://www.linkedin.com/company/new-york-heating-corp"",""youtube"":""https://www.youtube.com/@newyorkheatingcorp"",""instagram"":""https://www.instagram.com/nyheating/""}",,https://www.instagram.com/nyheating/,
ypid:YN2CE0E2B0339226E2,AP HVAC INC,"6509 Fresh Pond Rd, Flushing, NY 11385",https://www.bing.com/th?id=OLC.DJIF2PDSUo3HNA480x360&pid=Local,https://www.bing.com/maps?cp=40.70944595336914%7E-73.89844512939453&lvl=17.0&q=AP%20HVAC%20INC%20%2C%206509%20Fresh%20Pond%20Rd%2C%20Flushing%2C%20NY%2011385,40.70944595336914,-73.89844512939453,1,Yelp (1),HVAC services,Open · Closes 17:00,https://aphvacinc.com/,(646) 693-9228,"sales@aphvacinc.com,Sales@aphvacinc.com","{""facebook"":""https://www.facebook.com/people/ap_hvac_inc/100090514031863/"",""instagram"":""https://www.instagram.com/aphvacinc/?igsh=zwvunnjhnxo1oxk4"",""yelp"":""https://www.yelp.com/biz/ap-hvac-queens-2"",""linkedin"":""https://www.linkedin.com/in/ap-hvac-inc-b02270264/"",""youtube"":""https://www.youtube.com/@aphvacinc""}",https://www.facebook.com/people/ap_hvac_inc/100090514031863/,https://www.instagram.com/aphvacinc/?igsh=zwvunnjhnxo1oxk4,
ypid:YNAA996456E4120C62,KOKA-TECH HVAC INC,"7868 84th St, New York, NY 11385",https://www.bing.com/th?id=OLC.2hPW/W0tvVhEpQ480x360&pid=Local,https://www.bing.com/maps?cp=40.70371627807617%7E-73.86502075195312&lvl=17.0&q=KOKA-TECH%20HVAC%20INC%20%2C%207868%2084th%20St%2C%20New%20York%2C%20NY%2011385,40.70371627807617,-73.86502075195312,,,HVAC services,Open 24 hours,https://kokahvac.com/,(929) 319-8010,"max.peterson@thisoldhouse.com,support@kokahvac.com,929-319-8010support@kokahvac.com,name@cpsymbol.com","{""facebook"":""https://www.facebook.com/koka-tech-hvac-inc-102419302338344"",""youtube"":""https://www.youtube.com/channel/ucc6yado59bgii33ialbtvew/videos"",""instagram"":""https://www.instagram.com/kokatechavc/"",""pinterest"":""https://www.pinterest.com/kokatechh/pins/""}",https://www.facebook.com/koka-tech-hvac-inc-102419302338344,https://www.instagram.com/kokatechavc/,
ypid:YN1EB1D2DC1B89CBD9,Lightning Mechanical LLC: Commercial HVAC Services,"65 Newark Way, Maplewood, NJ 07040",https://www.bing.com/th?id=OLC.2P909lLS6JBuZA480x360&pid=Local,https://www.bing.com/maps?cp=40.71742248535156%7E-74.26026153564453&lvl=17.0&q=Lightning%20Mechanical%20LLC%3A%20Commercial%20HVAC%20Services%20%2C%2065%20Newark%20Way%2C%20Maplewood%2C%20NJ%2007040,40.71742248535156,-74.26026153564453,,,HVAC services,Open 24 hours,https://lightningmechanicalservice.com/,(973) 763-0300,"Craig@lightningmechanical.com,hlinka@lightningmechanical.com","{""youtube"":""https://www.youtube.com/feed/history?utm_source=pp&hl=en""}",,,
ypid:YNCE591947B24AE8CC,Air Comfort and Refrigeration Services - Bloomfield New Jersey,"354 Sylvan Rd, Bloomfield, NJ 07003",https://www.bing.com/th?id=OLC.wSS2elj8DBzAWw480x360&pid=Local,https://www.bing.com/maps?cp=40.83831024169922%7E-74.1638412475586&lvl=17.0&q=Air%20Comfort%20and%20Refrigeration%20Services%20-%20Bloomfield%20New%20Jersey%20%2C%20354%20Sylvan%20Rd%2C%20Bloomfield%2C%20NJ%2007003,40.83831024169922,-74.1638412475586,,,HVAC services,Open 24 hours,http://aircomfortandrefrigeration.us/,(973) 818-1388,eddiekoziol55@gmail.com,"{""yelp"":""https://www.yelp.com/biz/air-comfort-and-refrigeration-services-bloomfield-2""}",,,
ypid:YN429E3FA30AC6219E,Mechanical Contractors Association of New York,"535 8th Ave, New York, NY 10018",,https://www.bing.com/maps?cp=40.75428009033203%7E-73.99174499511719&lvl=17.0&q=Mechanical%20Contractors%20Association%20of%20New%20York%20%2C%20535%208th%20Ave%2C%20New%20York%2C%20NY%2010018,40.75428009033203,-73.99174499511719,,,Contractor,Opens in 14 mins,https://www.nymca.org/,(212) 481-1490,"info@nymca.org,mischa@nymca.org,shane@nymca.org",,,,
ypid:YN6BCBC63485D851AC,Bob Mims Heating & Air Conditioning,"6326 Amboy Rd, Staten Island, NY 10309",https://www.bing.com/th?id=OLC.S3MduGu8zl38Ag480x360&pid=Local,https://www.bing.com/maps?cp=40.52312469482422%7E-74.21599578857422&lvl=17.0&q=Bob%20Mims%20Heating%20%26%20Air%20Conditioning%20%2C%206326%20Amboy%20Rd%2C%20Staten%20Island%2C%20NY%2010309,40.52312469482422,-74.21599578857422,2.5,Yelp (27),HVAC services,Open · Closes 19:00,https://www.bobmims.com/,(718) 273-8175,,"{""facebook"":""https://www.facebook.com/scorpion.co/"",""instagram"":""https://www.instagram.com/scorpion.co"",""twitter"":""https://x.com/scorpiondotco"",""youtube"":""https://www.youtube.com/@scorpiondesign"",""linkedin"":""https://www.linkedin.com/company/scorpion""}",https://www.facebook.com/scorpion.co/,https://www.instagram.com/scorpion.co,https://x.com/scorpiondotco
ypid:YNE441DEBAB5A21874,Clarkstown Heating & Air Conditioning,"95 S Pearl St, Pearl River, NY 10965",https://www.bing.com/th?id=OLC.GjgiH6/GUlx4Lg480x360&pid=Local,https://www.bing.com/maps?cp=41.055458068847656%7E-74.02481079101562&lvl=17.0&q=Clarkstown%20Heating%20%26%20Air%20Conditioning%20%2C%2095%20S%20Pearl%20St%2C%20Pearl%20River%2C%20NY%2010965,41.055458068847656,-74.02481079101562,3,Yelp (56),HVAC services,Opens in 14 mins,https://clarkstownhvac.com/,(845) 213-3345,,,,,
ypid:YN702F3551CAAC3516,All American Heating,"151 5th St, Fairplay, CO 80440-5275",https://www.bing.com/th?id=OLC.BhKcKH+SyqYrIA480x360&pid=Local,https://www.bing.com/maps?cp=39.224708557128906%7E-106.00196075439453&lvl=17.0&q=All%20American%20Heating%20%2C%20151%205th%20St%2C%20Fairplay%2C%20CO%2080440-5275,39.224708557128906,-106.00196075439453,2,Yelp (19),HVAC services,Open 24 hours,https://allamericanheating.com/,(970) 453-6640,,"{""yelp"":""https://www.yelp.com/biz/all-american-heating-fairplay?adjust_creative=microsoft&utm_campaign=yelp_feed&utm_medium=feed_v2&utm_source=microsoft""}",,,
ypid:YN11E131867F8705EA,UniColorado Heating & Cooling,"2700 W Evans Ave #100, Denver, CO 80219",https://www.bing.com/th?id=OLC.Ram6R2nAnVwvvg480x360&pid=Local,https://www.bing.com/maps?cp=39.6782341003418%7E-105.02061462402344&lvl=17.0&q=UniColorado%20Heating%20%26%20Cooling%20%2C%202700%20W%20Evans%20Ave%20%23100%2C%20Denver%2C%20CO%2080219,39.6782341003418,-105.02061462402344,4.5,Yelp (12),HVAC services,Closed · Opens 08:00,https://unicolorado.com/,(303) 997-0097,"office@unicolorado.com,privacy@unicolorado.com,office.thailand@unido.org","{""yelp"":""https://www.yelp.com/biz/unicolorado-heating-and-cooling-denver-3"",""facebook"":""https://www.facebook.com/unicoloradohvac"",""twitter"":""https://twitter.com/unicoloradohvac"",""linkedin"":""https://www.linkedin.com/company/unicolorado"",""instagram"":""https://www.instagram.com/unicoloradohvac""}",https://www.facebook.com/unicoloradohvac,https://www.instagram.com/unicoloradohvac,https://twitter.com/unicoloradohvac
ypid:YN19D17A1B152F4ED6,Advanced Boilers & Hydronic Heating,"1545 S Lowell Blvd, Denver, CO 80219",https://www.bing.com/th?id=OLC.DV5mScdcKt3aBA480x360&pid=Local,https://www.bing.com/maps?cp=39.687896728515625%7E-105.03465270996094&lvl=17.0&q=Advanced%20Boilers%20%26%20Hydronic%20Heating%20%2C%201545%20S%20Lowell%20Blvd%2C%20Denver%2C%20CO%2080219,39.687896728515625,-105.03465270996094,5,Yelp (16),HVAC services,Closed · Opens 08:00,https://advancedboilers.com/,(877) 692-0475,sales@advancedboilers.com.au,"{""yelp"":""https://www.yelp.com/biz/advanced-boilers-and-hydronic-heating-denver"",""facebook"":""https://www.facebook.com/boilerrepairdenver/""}",https://www.facebook.com/boilerrepairdenver/,,
ypid:YNF8B1B0E5B98D4A49,Columbine HVAC,"Private Address in , Colorado",,https://www.bing.com/maps?cp=38.99795913696289%7E-105.55086517333984&lvl=17.0&q=Columbine%20HVAC%20%2C%20Private%20Address%20in%20%2C%20Colorado,38.99795913696289,-105.55086517333984,,,HVAC services,Closed · Opens 09:00,https://www.columbine-hvac.com/,(303) 395-3522,columbineHVACsales@gmail.com,,,,
ypid:YN70B05A718D246834,"Absolute Plumbing, Electrical, Heating & Air","2789 W Alameda Ave, Denver, CO 80219",https://www.bing.com/th?id=OLC.b0r+G80VBwK/TA480x360&pid=Local,https://www.bing.com/maps?cp=39.71152114868164%7E-105.02245330810547&lvl=17.0&q=Absolute%20Plumbing%2C%20Electrical%2C%20Heating%20%26%20Air%20%2C%202789%20W%20Alameda%20Ave%2C%20Denver%2C%20CO%2080219,39.71152114868164,-105.02245330810547,,,HVAC services,Open 24 hours,https://absolutefix.com/service-area/denver/,(720) 617-0677,"info@absolutefix.com,marketing@absolutefix.com,customerservice@ab-test.jdmps.com,sales@www.infinix.co.th,booking@absolutefix.com","{""facebook"":""https://www.facebook.com/absolutefix/#"",""instagram"":""https://www.instagram.com/absolutefix/?hl=en"",""linkedin"":""https://www.linkedin.com/company/absolute-electrical-heating-and-air"",""youtube"":""https://www.youtube.com/@absolutefix""}",https://www.facebook.com/absolutefix/#,https://www.instagram.com/absolutefix/?hl=en,
ypid:YN4082495458B9FB42,"D & A Heating and Air, LLC","1073 S Holland St, Lakewood, CO 80226",https://www.bing.com/th?id=OLC.JiuKqboiU5+nsA480x360&pid=Local,https://www.bing.com/maps?cp=39.697021484375%7E-105.10281372070312&lvl=17.0&q=D%20%26%20A%20Heating%20and%20Air%2C%20LLC%20%2C%201073%20S%20Holland%20St%2C%20Lakewood%2C%20CO%2080226,39.697021484375,-105.10281372070312,,,HVAC services,Closed · Opens 09:00,https://dnaheatingandair.com/,(303) 834-3393,"SERVICE@DNAHEATINGANDAIR.COM,service@dnaheatingandair.com,jerry@expertservices.com","{""linkedin"":""https://www.linkedin.com/company/d-a-heating-and-air/"",""youtube"":""https://www.youtube.com/@channel_d_"",""facebook"":""https://www.facebook.com/dandaheatingandairconditioning/"",""pinterest"":""https://www.pinterest.ph/dnaheatingandair/""}",https://www.facebook.com/dandaheatingandairconditioning/,,
ypid:YN3F3EC171431CA39C,"Vectra Mechanical HVAC, Electrical and Plumbing","5610 Lamar St, Arvada, CO 80002",https://www.bing.com/th?id=OLC.4C9lg3PPr6kk2w480x360&pid=Local,https://www.bing.com/maps?cp=39.79875564575195%7E-105.06703186035156&lvl=17.0&q=Vectra%20Mechanical%20HVAC%2C%20Electrical%20and%20Plumbing%20%2C%205610%20Lamar%20St%2C%20Arvada%2C%20CO%2080002,39.79875564575195,-105.06703186035156,3.5,Yelp (19),HVAC services,Open 24 hours,https://www.vectramechanical.com/,(720) 319-7934,,"{""facebook"":""https://www.facebook.com/smesimmichahal/posts/10159499790141548"",""linkedin"":""https://www.linkedin.com/company/vectra-mechanical"",""yelp"":""https://www.yelp.com/biz/vectra-mechanical-residential-and-commercial-hvac-arvada-2"",""instagram"":""https://www.bing.com/images/search?view=detailv2&ccid=upmxtm+o&id=6b477c270a65f04434769452c46657990e89388f&thid=oip.upmxtm-ow6dtm2ibnijwmahaha&mediaurl=https://lookaside.instagram.com/seo/google_widget/crawler/?media_id=3530914214317609214&q=vectra+mechanical+hvac%2c+electrical+and+plumbing+5610+lamar+st%2c+arvada%2c+co+80002&ck=141aa5efe55d2f99a6c1409d0a8f02d9&idpp=rc&idpview=singleimage&form=rc2idp""}",https://www.facebook.com/smesimmichahal/posts/10159499790141548,https://www.bing.com/images/search?view=detailv2&ccid=upmxtm+o&id=6b477c270a65f04434769452c46657990e89388f&thid=oip.upmxtm-ow6dtm2ibnijwmahaha&mediaurl=https://lookaside.instagram.com/seo/google_widget/crawler/?media_id=3530914214317609214&q=vectra+mechanical+hvac%2c+electrical+and+plumbing+5610+lamar+st%2c+arvada%2c+co+80002&ck=141aa5efe55d2f99a6c1409d0a8f02d9&idpp=rc&idpview=singleimage&form=rc2idp,
ypid:YND23A28F3306B1945,Awesome Home Services,"805 N Murray Blvd, Colorado Springs, CO 80915",https://www.bing.com/th?id=OLC.O2B3Dw0D1GU08A480x360&pid=Local,https://www.bing.com/maps?cp=38.84526824951172%7E-104.74752044677734&lvl=17.0&q=Awesome%20Home%20Services%20%2C%20805%20N%20Murray%20Blvd%2C%20Colorado%20Springs%2C%20CO%2080915,38.84526824951172,-104.74752044677734,4.5,Yelp (36),HVAC services,Open 24 hours,https://www.awesomeservice.com/,(719) 800-7121,info@octane.rent,"{""facebook"":""https://www.facebook.com/profile.php?id=61557840415885"",""linkedin"":""https://www.linkedin.com/company/awesome-home-services/"",""instagram"":""https://www.instagram.com/awesomehomeservice/#"",""yelp"":""https://www.yelp.com/biz/awesome-home-services-no-title""}",https://www.facebook.com/profile.php?id=61557840415885,https://www.instagram.com/awesomehomeservice/#,
ypid:YNF2386CB98E3490D0,Coyote HVAC,"14251 E Fremont Ave, Centennial, CO 80112",https://www.bing.com/th?id=OLC.CqQrt2HE2otciQ480x360&pid=Local,https://www.bing.com/maps?cp=39.58501434326172%7E-104.82334899902344&lvl=17.0&q=Coyote%20HVAC%20%2C%2014251%20E%20Fremont%20Ave%2C%20Centennial%2C%20CO%2080112,39.58501434326172,-104.82334899902344,4.5,Yelp (77),HVAC services,Open 24 hours,https://coyotehvac.com/,(720) 370-4254,"Schedule@Coyotehvac.com,schedule@coyotehvac.com,seo3@nellyismarketing.com","{""facebook"":""https://www.facebook.com/1027280627373088/"",""linkedin"":""https://www.linkedin.com/company/coyote-hvac"",""twitter"":""https://twitter.com/coyotehvac1"",""yelp"":""https://www.yelp.com/biz/coyote-hvac-engelwood?start=20""}",https://www.facebook.com/1027280627373088/,,https://twitter.com/coyotehvac1
ypid:YND0004F619C9A767,One Source Home Service,"3740 Interpark Dr, Colorado Springs, CO 80907",https://www.bing.com/th?id=OLC.6dbvBCwOcjOoUQ480x360&pid=Local,https://www.bing.com/maps?cp=38.885189056396484%7E-104.83123779296875&lvl=17.0&q=One%20Source%20Home%20Service%20%2C%203740%20Interpark%20Dr%2C%20Colorado%20Springs%2C%20CO%2080907,38.885189056396484,-104.83123779296875,1.5,Yelp (175),HVAC services,Open 24 hours,https://www.onesourcehomeservice.com/,(719) 792-8021,"colorado.csr@airprosusa.com,compliance@airprosusa.com,lishihao@wufazhuce.com","{""facebook"":""https://www.facebook.com/onesourcehomeservice/"",""twitter"":""https://twitter.com/onesourcehome1"",""youtube"":""https://www.youtube.com/channel/ucesj8on7ere_ksqgy7xn5wa"",""instagram"":""https://www.instagram.com/onesource_homeservice/"",""tiktok"":""https://www.tiktok.com/@airprosonesource?lang=en""}",https://www.facebook.com/onesourcehomeservice/,https://www.instagram.com/onesource_homeservice/,https://twitter.com/onesourcehome1
ypid:YNEBA8DD73C1E056E8,The Weather Changers Heating and Air Conditioning,"10525 E 40th Ave #203, Denver, CO 80239",https://www.bing.com/th?id=OLC.WPSIyuW1T6W+dA480x360&pid=Local,https://www.bing.com/maps?cp=39.7733039855957%7E-104.86428833007812&lvl=17.0&q=The%20Weather%20Changers%20Heating%20and%20Air%20Conditioning%20%2C%2010525%20E%2040th%20Ave%20%23203%2C%20Denver%2C%20CO%2080239,39.7733039855957,-104.86428833007812,5,Yelp (83),HVAC services,Closed · Opens 08:00,https://theweatherchangers.com/,(303) 340-0077,,"{""facebook"":""https://www.facebook.com/theweatherchangershvac/"",""twitter"":""https://twitter.com/weatherchanhvac"",""instagram"":""https://www.instagram.com/theweatherchangers/"",""yelp"":""https://www.yelp.com/biz/the-weather-changers-heating-and-air-conditioning-denver-2?osq=the+weather+changers"",""youtube"":""https://www.youtube.com/@theweatherchangershvac""}",https://www.facebook.com/theweatherchangershvac/,https://www.instagram.com/theweatherchangers/,https://twitter.com/weatherchanhvac
ypid:YNFF74F75289BA7D5B,Mountain Air Comfort Systems,"353 Park Ct, Castle Rock, CO 80109",https://www.bing.com/th?id=OLC.xXBn/iOJodQtag480x360&pid=Local,https://www.bing.com/maps?cp=39.384464263916016%7E-104.86788940429688&lvl=17.0&q=Mountain%20Air%20Comfort%20Systems%20%2C%20353%20Park%20Ct%2C%20Castle%20Rock%2C%20CO%2080109,39.384464263916016,-104.86788940429688,4,Yelp (18),HVAC services,Open 24 hours,https://mountainaircomfortsystems.com/,(303) 653-9578,mouair@mouair.net,"{""facebook"":""https://www.facebook.com/mountainaircomfortsystems/reviews"",""yelp"":""https://www.yelp.com/writeareview/biz/p-bu0o1uy7tbmjlxqwl1wa?return_url=%2fbiz%2fp-bu0o1uy7tbmjlxqwl1wa&review_origin=biz-details-war-button"",""youtube"":""https://www.youtube.com/channel/uct4ixrh9yetox2zzib4viqa"",""twitter"":""https://x.com/mouair""}",https://www.facebook.com/mountainaircomfortsystems/reviews,,https://x.com/mouair
ypid:YN4C9F269B65F7834C,"Home Heating Service, Inc.","1565 Tuskegee Pl, Colorado Springs, CO 80915",https://www.bing.com/th?id=OLC.oni+GrG//RL5qg480x360&pid=Local,https://www.bing.com/maps?cp=38.85403823852539%7E-104.71271514892578&lvl=17.0&q=Home%20Heating%20Service%2C%20Inc.%20%2C%201565%20Tuskegee%20Pl%2C%20Colorado%20Springs%2C%20CO%2080915,38.85403823852539,-104.71271514892578,4.5,Yelp (71),HVAC services,Closed · Opens 07:30,https://www.homeheatingservice.com/,(719) 266-3351,contactus@56capitalpartners.com,,,,
ypid:YN784D62D49DCE69C5,At Parker Service Company,"1502 S Dawson St, Aurora, CO 80012",https://www.bing.com/th?id=OLC.o8nEHHfSLhZ2YQ480x360&pid=Local,https://www.bing.com/maps?cp=39.688385009765625%7E-104.81834411621094&lvl=17.0&q=At%20Parker%20Service%20Company%20%2C%201502%20S%20Dawson%20St%2C%20Aurora%2C%20CO%2080012,39.688385009765625,-104.81834411621094,,,HVAC services,Closed · Opens 08:00,https://www.rbm-hvac.com/,(720) 276-2815,rbminc03@gmail.com,"{""yelp"":""https://www.yelp.com/biz/at-parker-service-company-aurora-3"",""twitter"":""https://twitter.com/parkerservice""}",,,https://twitter.com/parkerservice
ypid:YN60191118AF3A5011,Elevation Mechanical,"2470 Waynoka Rd, Rustic Hills, CO",https://www.bing.com/th?id=OLC.8tYm6whHkmLK6g480x360&pid=Local,https://www.bing.com/maps?cp=38.86522674560547%7E-104.71954345703125&lvl=17.0&q=Elevation%20Mechanical%20%2C%202470%20Waynoka%20Rd%2C%20Rustic%20Hills%2C%20CO,38.86522674560547,-104.71954345703125,3.5,Yelp (20),HVAC services,Open 24 hours,https://elevation-mechanical.com/,(719) 484-8970,"info@octane.rent,elevationmechanical@live.com","{""facebook"":""https://www.facebook.com/elevationmechanicalco/"",""twitter"":""https://twitter.com/elevationmecllc"",""linkedin"":""https://www.linkedin.com/in/chris-barker-36368071/?original_referer=https%3a%2f%2famericansuperiorcontracting.wpcomstaging.com%2f"",""youtube"":""https://www.youtube.com/feed/history?utm_source=pp""}",https://www.facebook.com/elevationmechanicalco/,,https://twitter.com/elevationmecllc
ypid:YNF7FBEA2176B1B4D3,Summit Heating A/C Plumbing & Electric,"8091 Shaffer Pkwy, Littleton, CO 80127",https://www.bing.com/th?id=OLC.gYkKcfR6AZ0FGg480x360&pid=Local,https://www.bing.com/maps?cp=39.56977844238281%7E-105.12824249267578&lvl=17.0&q=Summit%20Heating%20A%2FC%20Plumbing%20%26%20Electric%20%2C%208091%20Shaffer%20Pkwy%2C%20Littleton%2C%20CO%2080127,39.56977844238281,-105.12824249267578,4.5,Yelp (453),HVAC services,Opens in 12 mins,https://summitheatingco.com/,(720) 870-1580,support@hssservices.com,"{""facebook"":""https://www.facebook.com/people/summit-heating-ac/61556412590741/"",""twitter"":""https://twitter.com/summitheatingac"",""youtube"":""https://www.youtube.com/channel/ucs29v3typfgwf_x5mqvbbja""}",https://www.facebook.com/people/summit-heating-ac/61556412590741/,,https://twitter.com/summitheatingac
ypid:YN3021582FA9C9031A,Interstate 25 Mechanical,"3358 Adobe Ct, Colorado Springs, CO 80907",https://www.bing.com/th?id=OLC.iq1FN6eKNU9y5Q480x360&pid=Local,https://www.bing.com/maps?cp=38.880889892578125%7E-104.81342315673828&lvl=17.0&q=Interstate%2025%20Mechanical%20%2C%203358%20Adobe%20Ct%2C%20Colorado%20Springs%2C%20CO%2080907,38.880889892578125,-104.81342315673828,4,Yelp (9),HVAC services,Open 24 hours,https://i25mechanical.com/,(888) 425-6324,info@i25mechanical.com,"{""facebook"":""https://www.facebook.com/interstate25mechanical/"",""twitter"":""https://twitter.com/i25mechanical?lang=en"",""instagram"":""https://www.instagram.com/interstate_25_mechanical/?hl=en"",""yelp"":""https://www.yelp.com/biz/interstate-25-mechanical-colorado-springs?hrid=fbzhxznwdylqzucs8uwrda""}",https://www.facebook.com/interstate25mechanical/,https://www.instagram.com/interstate_25_mechanical/?hl=en,https://twitter.com/i25mechanical?lang=en
ypid:YN1FADF9562C81CB8E,Climate Design Inc,"8748 Estebury Cir, Colorado Springs, CO 80920",https://www.bing.com/th?id=OLC.QQRL3rDPEhKOKA480x360&pid=Local,https://www.bing.com/maps?cp=38.957515716552734%7E-104.74203491210938&lvl=17.0&q=Climate%20Design%20Inc%20%2C%208748%20Estebury%20Cir%2C%20Colorado%20Springs%2C%20CO%2080920,38.957515716552734,-104.74203491210938,4.5,Angi (12),HVAC services,Closed · Opens 09:00,https://www.climatebydesign.com/,(719) 282-9729,,,,,
ypid:YN8C79CFE92BE2EDC0,Rocky Mountain Climate Heating and Cooling,"2128 E Bijou St, Colorado Springs, CO 80909",https://www.bing.com/th?id=OLC.6q+8PT9Y7fJrWA480x360&pid=Local,https://www.bing.com/maps?cp=38.835872650146484%7E-104.78953552246094&lvl=17.0&q=Rocky%20Mountain%20Climate%20Heating%20and%20Cooling%20%2C%202128%20E%20Bijou%20St%2C%20Colorado%20Springs%2C%20CO%2080909,38.835872650146484,-104.78953552246094,4,Yelp (17),HVAC services,Closed · Opens 08:00,https://www.rockymountainclimate.com/,(719) 629-8686,"info@rockymountainclimate.com,office@rockymountainclimate.com,service@rockymountainclimate.com","{""facebook"":""https://www.facebook.com/rockymountainclimate/"",""twitter"":""https://twitter.com/cospringshvac"",""youtube"":""https://www.youtube.com/embed/wgsjxm-jqvm?feature=oembed?playlist=wgsjxm-jqvm&mute=0&autoplay=0&loop=no&controls=0&start=0&end=""}",https://www.facebook.com/rockymountainclimate/,,https://twitter.com/cospringshvac
ypid:YN8E0BA9BA97F2F2D1,Pasterkamp Heating and Air Conditioning,"1930 S Cherokee St, Denver, CO 80223",https://www.bing.com/th?id=OLC./OFYHvYOEPrkPg480x360&pid=Local,https://www.bing.com/maps?cp=39.681453704833984%7E-104.99076843261719&lvl=17.0&q=Pasterkamp%20Heating%20and%20Air%20Conditioning%20%2C%201930%20S%20Cherokee%20St%2C%20Denver%2C%20CO%2080223,39.681453704833984,-104.99076843261719,2.5,Yelp (45),HVAC services,Closed · Opens tomorrow 07:30,https://www.pasterkamp.com/,(720) 842-7611,"mail@pasterkamp.com,service@pasterkamp.com,jim@pasterkamp.com","{""facebook"":""https://www.facebook.com/pasterkampheatingairconditioning/"",""twitter"":""https://x.com/pasterkamp80223"",""yelp"":""https://www.yelp.com/biz/pasterkamp-heating-and-air-conditioning-denver""}",https://www.facebook.com/pasterkampheatingairconditioning/,,https://x.com/pasterkamp80223
ypid:YNE68FE25523E67304,UMC Inc.,"12290 W Alameda Dr, Lakewood, CO 80228",https://www.bing.com/th?id=OLC.2wCR9l6hRLFyfw480x360&pid=Local,https://www.bing.com/maps?cp=39.7109489440918%7E-105.13761901855469&lvl=17.0&q=UMC%20Inc.%20%2C%2012290%20W%20Alameda%20Dr%2C%20Lakewood%2C%20CO%2080228,39.7109489440918,-105.13761901855469,,,Plumbing,Closed · Opens 08:00,https://umc.us/,(303) 776-6659,"info@umc.us,last@umc.us","{""facebook"":""https://www.facebook.com/umc-inc-107735591048912"",""twitter"":""https://twitter.com/inc_umc"",""instagram"":""https://instagram.com/umc_inc"",""youtube"":""https://www.youtube.com/channel/ucmyi0kyiwgu-71xgbj-1ela"",""linkedin"":""https://www.linkedin.com/company/umcinc/"",""yelp"":""https://www.yelp.com/biz/umc-lakewood""}",https://www.facebook.com/umc-inc-107735591048912,https://instagram.com/umc_inc,https://twitter.com/inc_umc
ypid:YNE89C0459DC8F780F,Robbins Heating & Air Conditioning,"1194 Ford St, Colorado Springs, CO 80915",https://www.bing.com/th?id=OLC.Te+S4uPHwllsoQ480x360&pid=Local,https://www.bing.com/maps?cp=38.84907531738281%7E-104.71240997314453&lvl=17.0&q=Robbins%20Heating%20%26%20Air%20Conditioning%20%2C%201194%20Ford%20St%2C%20Colorado%20Springs%2C%20CO%2080915,38.84907531738281,-104.71240997314453,2.5,Yelp (21),HVAC services,Closed · Opens 07:30,https://www.robbinsheating.com/,(719) 597-3014,info@robbinsheating.com,"{""twitter"":""https://twitter.com/robbinshvac"",""youtube"":""https://www.youtube.com/user/robbinsheatingandac"",""facebook"":""https://www.facebook.com/pages/robbins-heating-and-air-conditioning/274959285957201"",""yelp"":""https://www.yelp.com/biz/robbins-heating-and-air-conditioning-colorado-springs""}",https://www.facebook.com/pages/robbins-heating-and-air-conditioning/274959285957201,,https://twitter.com/robbinshvac
ypid:YN6D6AD3B5C69A3B33,Peak Home Performance,"1125 N Newport Rd, Colorado Springs, CO 80916",https://www.bing.com/th?id=OLC.Gl/4HMJKwYSNfA480x360&pid=Local,https://www.bing.com/maps?cp=38.81510925292969%7E-104.7275619506836&lvl=17.0&q=Peak%20Home%20Performance%20%2C%201125%20N%20Newport%20Rd%2C%20Colorado%20Springs%2C%20CO%2080916,38.81510925292969,-104.7275619506836,3,Yelp (45),HVAC services,Open 24 hours,https://gowithpeak.com/areas-served/colorado-springs/,(719) 358-6992,info@gowithpeak.com,"{""facebook"":""https://www.facebook.com/gowithpeak/"",""instagram"":""https://www.instagram.com/peakhomeperformance/""}",https://www.facebook.com/gowithpeak/,https://www.instagram.com/peakhomeperformance/,
ypid:YNFD54E34930EF1292,HVAC Solutions,"655 Elkton Dr Suite 200, Colorado Springs, CO 80907",https://www.bing.com/th?id=OLC.NEv6rHJ+yYcmBQ480x360&pid=Local,https://www.bing.com/maps?cp=38.9005012512207%7E-104.83782958984375&lvl=17.0&q=HVAC%20Solutions%20%2C%20655%20Elkton%20Dr%20Suite%20200%2C%20Colorado%20Springs%2C%20CO%2080907,38.9005012512207,-104.83782958984375,,,HVAC services,Open 24 hours,https://www.hvacsolutionscoloradosprings.com/,(719) 548-8880,info@hvacsolutionscoloradosprings.com,"{""facebook"":""https://www.facebook.com/hvacsolutionscos""}",https://www.facebook.com/hvacsolutionscos,,
ypid:YND053088DAAB0245F,"Smith Plumbing, Heating, Air Conditioning & Electrical - Colorado Springs","1875 Main St, Colorado Springs, CO 80911",https://www.bing.com/th?id=OLC.o13rAV2OgmXHWA480x360&pid=Local,https://www.bing.com/maps?cp=38.76800537109375%7E-104.73787689208984&lvl=17.0&q=Smith%20Plumbing%2C%20Heating%2C%20Air%20Conditioning%20%26%20Electrical%20-%20Colorado%20Springs%20%2C%201875%20Main%20St%2C%20Colorado%20Springs%2C%20CO%2080911,38.76800537109375,-104.73787689208984,3,Yelp (61),HVAC services,Closed · Opens 08:00,https://www.smithtotalhome.com/,(719) 394-3927,,,,,
ypid:YN9E0F23D4F23CE914,Steel T | Denver HVAC,"2750 S Shoshone St, Englewood, CO 80110",https://www.bing.com/th?id=OLC.eMW6LhmnIBDyUg480x360&pid=Local,https://www.bing.com/maps?cp=39.66678237915039%7E-105.00944519042969&lvl=17.0&q=Steel%20T%20%7C%20Denver%20HVAC%20%2C%202750%20S%20Shoshone%20St%2C%20Englewood%2C%20CO%2080110,39.66678237915039,-105.00944519042969,3,Yelp (62),HVAC services,Open 24 hours,https://steelt.com/,(303) 761-9276,"steelt@steelt.com,info@gjsteel.co.th,info@steelt.com,name@steelt.com,name@gmail.com,kenreister@steelt.com","{""instagram"":""https://www.instagram.com/steelthomeservices/"",""facebook"":""https://www.facebook.com/steelthomeservices""}",https://www.facebook.com/steelthomeservices,https://www.instagram.com/steelthomeservices/,
ypid:YNB1D3B4FA48D5CF27,"Golden West Plumbing, Heating, Air Conditioning, and Electrical","4217 Delaware St, Denver, CO 80216",https://www.bing.com/th?id=OLC.mmVfCwMN8PClRQ480x360&pid=Local,https://www.bing.com/maps?cp=39.77471923828125%7E-104.99263000488281&lvl=17.0&q=Golden%20West%20Plumbing%2C%20Heating%2C%20Air%20Conditioning%2C%20and%20Electrical%20%2C%204217%20Delaware%20St%2C%20Denver%2C%20CO%2080216,39.77471923828125,-104.99263000488281,2.5,Yelp (134),HVAC services,Open 24 hours,https://www.goldenwestph.com/,(303) 529-9771,"permits@goldenwestph.com,scheduling@goldenwestph.com","{""facebook"":""https://www.facebook.com/260394237320385/"",""instagram"":""https://www.instagram.com/goldenwest_plumbinghvac/"",""yelp"":""https://www.yelp.com/biz/golden-west-plumbing-heating-and-air-conditioning-denver-3"",""twitter"":""https://twitter.com/goldenwestph""}",https://www.facebook.com/260394237320385/,https://www.instagram.com/goldenwest_plumbinghvac/,https://twitter.com/goldenwestph
ypid:YNF57931B1F8D35F38,Van Genderen Heating & Air Conditioning,"9940 E Costilla Ave, Centennial, CO 80112",https://www.bing.com/th?id=OLC.EargBoypBHyTcQ480x360&pid=Local,https://www.bing.com/maps?cp=39.59004211425781%7E-104.87332916259766&lvl=17.0&q=Van%20Genderen%20Heating%20%26%20Air%20Conditioning%20%2C%209940%20E%20Costilla%20Ave%2C%20Centennial%2C%20CO%2080112,39.59004211425781,-104.87332916259766,5,Yelp (28),HVAC services,Opens in 12 mins,https://vangenderenheating.com/,(303) 744-2776,sales@vangenderenheating.com,"{""yelp"":""https://www.yelp.com/biz/van-genderen-heating-and-air-conditioning-centennial"",""facebook"":""https://www.facebook.com/pages/van-genderen-heating-air-conditioning/313444788365?ref=search&sid=100000035856852.2541091714..1""}",https://www.facebook.com/pages/van-genderen-heating-air-conditioning/313444788365?ref=search&sid=100000035856852.2541091714..1,,
ypid:YNFC2BF669A7DD1552,Nielsen Mechanical Contractors,"6405 E Platte Ave, Colorado Springs, CO 80915",https://www.bing.com/th?id=OLC.IZ3U4OVnIQD/ng480x360&pid=Local,https://www.bing.com/maps?cp=38.837364196777344%7E-104.70979309082031&lvl=17.0&q=Nielsen%20Mechanical%20Contractors%20%2C%206405%20E%20Platte%20Ave%2C%20Colorado%20Springs%2C%20CO%2080915,38.837364196777344,-104.70979309082031,,,Contractor,Opens in 12 mins,https://www.nielsenmechanical.net/,(719) 597-2705,,,,,
ypid:YN9CC0422B66F88AE6,"303 Heating & Air, Inc","Private Address in Aurora Highlands, CO",https://www.bing.com/th?id=OLC.M3xBEOfIidpJsQ480x360&pid=Local,https://www.bing.com/maps?cp=39.67979431152344%7E-104.7887191772461&lvl=17.0&q=303%20Heating%20%26%20Air%2C%20Inc%20%2C%20Private%20Address%20in%20Aurora%20Highlands%2C%20CO,39.67979431152344,-104.7887191772461,5,Angi (6),HVAC services,Closed · Opens 08:00,https://www.303heatingandair.com/,(303) 717-6768,,,,,
ypid:YN292E76A6E1974C24,Moore Heating & Air Conditioning Inc,"10212 Progress Ln, Parker, CO 80134",https://www.bing.com/th?id=OLC.E007tzLBo8Yihw480x360&pid=Local,https://www.bing.com/maps?cp=39.532264709472656%7E-104.77107238769531&lvl=17.0&q=Moore%20Heating%20%26%20Air%20Conditioning%20Inc%20%2C%2010212%20Progress%20Ln%2C%20Parker%2C%20CO%2080134,39.532264709472656,-104.77107238769531,3,Yelp (23),HVAC services,Open 24 hours,https://www.mooreheatingac.com/,(720) 689-1026,info@mooreheatingac.com,"{""facebook"":""https://www.facebook.com/mooreheatingacinc""}",https://www.facebook.com/mooreheatingacinc,,
ypid:YN72E03D2A0AA134CF,BCB Heating and Air Conditioning LLC,"Private Address in Aurora, CO",https://www.bing.com/th?id=OLC.GsFHLWkXIOvDEg480x360&pid=Local,https://www.bing.com/maps?cp=39.639957427978516%7E-104.73868560791016&lvl=17.0&q=BCB%20Heating%20and%20Air%20Conditioning%20LLC%20%2C%20Private%20Address%20in%20Aurora%2C%20CO,39.639957427978516,-104.73868560791016,,,HVAC services,Opens in 12 mins,http://www.bcbheatandair.com/,(720) 579-6144,"bcbheat@gmail.com,info@bcbheatandair.com",,,,
ypid:YN49ED32CC4E592777,"Colorado Mechanical Systems, LLC","7094 S Revere Pkwy, Centennial, CO",https://www.bing.com/th?id=OLC.ef3sRkzOYU1lNw480x360&pid=Local,https://www.bing.com/maps?cp=39.5869140625%7E-104.84112548828125&lvl=17.0&q=Colorado%20Mechanical%20Systems%2C%20LLC%20%2C%207094%20S%20Revere%20Pkwy%2C%20Centennial%2C%20CO,39.5869140625,-104.84112548828125,,,Contractor,Closed · Opens 07:30,http://www.coloradomech.com/,(720) 535-9789,"contact@coloradomech.com,VLaChapelle@coloradomech.com","{""linkedin"":""https://www.linkedin.com/company/colorado-mechanical-systems-inc-"",""facebook"":""https://www.facebook.com/daymen.rycroft.5""}",https://www.facebook.com/daymen.rycroft.5,,
ypid:YN19FCB242CA2F09D8,Colorado Mechanical Systems LLC,"7363 McClain Pt Ste 100, Colorado Springs, CO 80915",https://www.bing.com/th?id=OLC.ef3sRkzOYU1lNw480x360&pid=Local,https://www.bing.com/maps?cp=38.84771728515625%7E-104.69017791748047&lvl=17.0&q=Colorado%20Mechanical%20Systems%20LLC%20%2C%207363%20McClain%20Pt%20Ste%20100%2C%20Colorado%20Springs%2C%20CO%2080915,38.84771728515625,-104.69017791748047,,,Contractor,Closed · Opens 07:30,http://www.coloradomech.com/,(719) 309-3829,,,,,
ypid:YN265E3491A36B9B69,All Climate Systems Heating & Cooling,"12295 Pennsylvania St #2B, Thornton, CO 80241",https://www.bing.com/th?id=OLC.JbHfxbmI6zWyag480x360&pid=Local,https://www.bing.com/maps?cp=39.91987609863281%7E-104.97914123535156&lvl=17.0&q=All%20Climate%20Systems%20Heating%20%26%20Cooling%20%2C%2012295%20Pennsylvania%20St%20%232B%2C%20Thornton%2C%20CO%2080241,39.91987609863281,-104.97914123535156,4.5,Yelp (98),HVAC services,Closed · Opens 08:00,https://www.allclimatesystems.net/,(303) 280-6222,davem@lewisburgalliance.com,"{""yelp"":""https://www.yelp.com/biz/all-climate-systems-thornton-2"",""youtube"":""https://www.youtube.com/watch?v=jrh9zh16pss&list=pld1y5fubfxkizkl-nexowl7fo1ztzwxga"",""facebook"":""https://www.facebook.com/allclimatesystems/?rf=701588383318039"",""twitter"":""https://twitter.com/hvacallclimate""}",https://www.facebook.com/allclimatesystems/?rf=701588383318039,,https://twitter.com/hvacallclimate
ypid:YNE1D0255DE1D60714,Steadfast Heating & Air,"2950 Janitell Rd STE 119, Colorado Springs, CO 80906",https://www.bing.com/th?id=OLC.WJPVyJmlohJWpQ480x360&pid=Local,https://www.bing.com/maps?cp=38.78982925415039%7E-104.79261016845703&lvl=17.0&q=Steadfast%20Heating%20%26%20Air%20%2C%202950%20Janitell%20Rd%20STE%20119%2C%20Colorado%20Springs%2C%20CO%2080906,38.78982925415039,-104.79261016845703,5,Yelp (3),HVAC services,Open 24 hours,https://www.steadfastheatingandair.com/,(719) 748-6752,office@steadfastheatingandair.com,"{""facebook"":""https://www.facebook.com/100093346088897"",""yelp"":""https://www.yelp.com/biz/steadfast-heating-and-air-colorado-springs-3""}",https://www.facebook.com/100093346088897,,
ypid:YN5DBDBC72FBC8A038,Olson Plumbing & Heating Co,"2500 Centennial Blvd, Colorado Springs, CO 80907",https://www.bing.com/th?id=OLC.lYO9BcroX4Q44g480x360&pid=Local,https://www.bing.com/maps?cp=38.86843490600586%7E-104.8435287475586&lvl=17.0&q=Olson%20Plumbing%20%26%20Heating%20Co%20%2C%202500%20Centennial%20Blvd%2C%20Colorado%20Springs%2C%20CO%2080907,38.86843490600586,-104.8435287475586,3,Yelp (51),Plumbing,Open 24 hours,https://olsonph.com/,(719) 635-3563,"service@olsonph.com,miketrapp@olsonph.com,christinavanostenbridge@olsonph.com","{""facebook"":""https://www.facebook.com/olsonph"",""youtube"":""https://www.youtube.com/user/olsonphcos"",""instagram"":""https://www.instagram.com/olsonphco/"",""twitter"":""https://twitter.com/plumbingolson"",""linkedin"":""https://www.linkedin.com/company/olson-plumbing-and-heating""}",https://www.facebook.com/olsonph,https://www.instagram.com/olsonphco/,https://twitter.com/plumbingolson
ypid:YN2E79F9624F1F98,Cooper Heating & Cooling,"11780 Colmans Way, Broomfield, CO 80020",https://www.bing.com/th?id=OLC.7lp0LNB7qNh8rA480x360&pid=Local,https://www.bing.com/maps?cp=39.91059494018555%7E-105.08108520507812&lvl=17.0&q=Cooper%20Heating%20%26%20Cooling%20%2C%2011780%20Colmans%20Way%2C%20Broomfield%2C%20CO%2080020,39.91059494018555,-105.08108520507812,3,Yelp (350),HVAC services,Open 24 hours,https://www.coopergreenteam.com/denver/,(720) 892-6700,"kdaniels@coopergreenteam.com,elkcreekmasonry@gmail.com,crroofingco@yahoo.com,marshamm124@gmail.com,david.f@totalroofingco.com,mgearhart@coopergreenteam.com,Kdaniels@CooperGreenTeam.com,estimates@coopergreenteam.com,info@octane.rent","{""facebook"":""https://www.facebook.com/coopergreenteam"",""instagram"":""https://www.instagram.com/coopergreenteam_/"",""twitter"":""https://x.com/coopergreenteam""}",https://www.facebook.com/coopergreenteam,https://www.instagram.com/coopergreenteam_/,https://x.com/coopergreenteam
ypid:YN56A17543CA172F5C,LDI Mechanical Inc,"14155 E 42nd Ave #90, Denver, CO 80239",https://www.bing.com/th?id=OLC.phT0SRO3avnZ9A480x360&pid=Local,https://www.bing.com/maps?cp=39.77579116821289%7E-104.83734130859375&lvl=17.0&q=LDI%20Mechanical%20Inc%20%2C%2014155%20E%2042nd%20Ave%20%2390%2C%20Denver%2C%20CO%2080239,39.77579116821289,-104.83734130859375,,,HVAC services,Closed · Opens 07:30,https://ldimechanical.com/,(303) 399-6600,info@ldimechanical.com,,,,
ypid:YN6FA17EAD39766C4,Sears Heating and Air Conditioning,"12330 E 46th Ave, Denver, CO 80239",https://www.bing.com/th?id=OLC.QYZcKXmjNRgNag480x360&pid=Local,https://www.bing.com/maps?cp=39.77816390991211%7E-104.84430694580078&lvl=17.0&q=Sears%20Heating%20and%20Air%20Conditioning%20%2C%2012330%20E%2046th%20Ave%2C%20Denver%2C%20CO%2080239,39.77816390991211,-104.84430694580078,,,HVAC services,Closed · Opens 09:00,https://www.searshomeservices.com/repair/hvac-repair-service?SID=1033768&phone=7013685383,(701) 368-5383,"sywsolutions@syw.com,ShineTheLightCA@transformco.com,shmcdmca@transformco.com,support@searshomeservices.com,apptservices@searshomepro.com,shs@em.searshomeservices.com,commercialservice@homesite.com","{""facebook"":""https://www.facebook.com/searshomeservices"",""twitter"":""https://twitter.com/searshomeexpert"",""youtube"":""https://www.youtube.com/user/searshomeservice"",""pinterest"":""https://www.pinterest.com/searshomeexpert/""}",https://www.facebook.com/searshomeservices,,https://twitter.com/searshomeexpert
ypid:YN22BD6F07C1701E1,Rocky Mountain Mechanical Contractors Association,"1391 Speer Blvd Ste 450, Denver, CO 80204",https://www.bing.com/th?id=OLC.oHeauhQAw5ZvKA480x360&pid=Local,https://www.bing.com/maps?cp=39.73823928833008%7E-104.99812316894531&lvl=17.0&q=Rocky%20Mountain%20Mechanical%20Contractors%20Association%20%2C%201391%20Speer%20Blvd%20Ste%20450%2C%20Denver%2C%20CO%2080204,39.73823928833008,-104.99812316894531,,,Community services/non-profits,Opens in 11 mins,https://rmmca.org/,(303) 757-3956,info@rmmca.org,"{""facebook"":""https://www.facebook.com/rockymtnmca/"",""twitter"":""https://twitter.com/rockymtnmca"",""linkedin"":""https://www.linkedin.com/company/rocky-mountain-mca""}",https://www.facebook.com/rockymtnmca/,,https://twitter.com/rockymtnmca
ypid:YNB4043C75D9A65553,Murphy Co. Mechanical Contractors,"12789 Emerson St, Thornton, CO 80241",,https://www.bing.com/maps?cp=39.927452087402344%7E-104.97644805908203&lvl=17.0&q=Murphy%20Co.%20Mechanical%20Contractors%20%2C%2012789%20Emerson%20St%2C%20Thornton%2C%20CO%2080241,39.927452087402344,-104.97644805908203,,,Contractor,Opens in 11 mins,https://www.murphynet.com/,(303) 371-6600,"social@murphynet.com,DCS@murphynet.com,dgorum@murphynet.com,jmaes@murphynet.com,bandrews@murphynet.com,anthony.giannini@agilent.com,dmartin@murphynet.com,Engineerslicensing@murphynet.com,pph@montrose.net,info@murphynet.com,murphybids@murphynet.com,STLBIDS@murphynet.com,jsnyder@murphynet.com,rreams@murphynet.com,chamilton@murphynet.com,gfriess@murphynet.com,Kerren.Bergman@hyde-ec.com,mpoor@sioltatherapeutics.com,jdoe@murphynet.com,FLast@murphynet.com,info@everbrightbd.com,ejafs@embarqmail.com,NZahner@murphynet.com,eskinnner@murphynet.com","{""facebook"":""https://www.facebook.com/murphycompanymechanicalcontractorandengineers/"",""linkedin"":""https://www.linkedin.com/company/murphy-company"",""instagram"":""https://www.instagram.com/_murphyco/""}",https://www.facebook.com/murphycompanymechanicalcontractorandengineers/,https://www.instagram.com/_murphyco/,
ypid:YN38D504C411905A96,"Carbon Valley Heating, Air, Plumbing & Electrical","3771 Monarch St, Frederick, CO 80516",https://www.bing.com/th?id=OLC.aADRybwxESQUrA480x360&pid=Local,https://www.bing.com/maps?cp=40.08470153808594%7E-104.98204803466797&lvl=17.0&q=Carbon%20Valley%20Heating%2C%20Air%2C%20Plumbing%20%26%20Electrical%20%2C%203771%20Monarch%20St%2C%20Frederick%2C%20CO%2080516,40.08470153808594,-104.98204803466797,,,Home service,Open 24 hours,https://carbonvalleyheatingandair.com/city/frederick-co/,(303) 731-2300,"info@carbonvalleyheatingandair.com,gmail.comdaycorenterprisesinc@gmail.com","{""facebook"":""https://www.facebook.com/cvhvac/"",""yelp"":""https://www.yelp.com/biz/carbon-valley-heating-and-air-firestone-4"",""instagram"":""https://www.instagram.com/cvhvac/?hl=en"",""twitter"":""https://twitter.com/cvhvac""}",https://www.facebook.com/cvhvac/,https://www.instagram.com/cvhvac/?hl=en,https://twitter.com/cvhvac
ypid:YN84D42A02CB53BEE4,Air Craft Heating and Air Conditioning,"2770 Arapahoe Rd, Lafayette, CO 80026",,https://www.bing.com/maps?cp=40.01354217529297%7E-105.1325454711914&lvl=17.0&q=Air%20Craft%20Heating%20and%20Air%20Conditioning%20%2C%202770%20Arapahoe%20Rd%2C%20Lafayette%2C%20CO%2080026,40.01354217529297,-105.1325454711914,,,HVAC services,Opens in 11 mins,https://www.callaircraft.com/,(303) 800-4328,,"{""yelp"":""https://www.yelp.com/biz/air-craft-heating-and-air-conditioning-boulder""}",,,
ypid:YN1CAC235C6094F3C6,Cascade Mechanical - Wenatchee Valley,"5747 Sunset Hwy, Cashmere, WA 98815",https://www.bing.com/th?id=OLC.Q9ytytkA+yMVSg480x360&pid=Local,https://www.bing.com/maps?cp=47.52425003051758%7E-120.48804473876953&lvl=17.0&q=Cascade%20Mechanical%20-%20Wenatchee%20Valley%20%2C%205747%20Sunset%20Hwy%2C%20Cashmere%2C%20WA%2098815,47.52425003051758,-120.48804473876953,,,Home service,Closed · Opens 08:00,https://cascademechanical.com/,(509) 782-1026,"dseward@blackstoneindustrial.ca,info@cascademechanical.ca",,,,
ypid:YN93E77F79640D23DB,Wells and Wade Mechanical,"218 S Columbia St, Wenatchee, WA 98801",https://www.bing.com/th?id=OLC.vYyEgJqpSggy1Q480x360&pid=Local,https://www.bing.com/maps?cp=47.42185592651367%7E-120.30802917480469&lvl=17.0&q=Wells%20and%20Wade%20Mechanical%20%2C%20218%20S%20Columbia%20St%2C%20Wenatchee%2C%20WA%2098801,47.42185592651367,-120.30802917480469,,,HVAC services,Closed · Opens 07:30,http://www.heatandairconditionwenatchee.com/,(509) 662-3412,,,,,
ypid:YN9D7B225AFA49EC54,"Taylor Heating, Cooling, Plumbing & Electrical","5518 163rd St E, Puyallup, WA 98375",https://www.bing.com/th?id=OLC.iaajxskC19ASGQ480x360&pid=Local,https://www.bing.com/maps?cp=47.107444763183594%7E-122.35514831542969&lvl=17.0&q=Taylor%20Heating%2C%20Cooling%2C%20Plumbing%20%26%20Electrical%20%2C%205518%20163rd%20St%20E%2C%20Puyallup%2C%20WA%2098375,47.107444763183594,-122.35514831542969,3.5,Yelp (156),HVAC services,Open 24 hours,https://www.taylorheatingonline.com/,(253) 765-8855,info@taylorheatingonline.com,"{""instagram"":""https://www.instagram.com/taylorheating/"",""facebook"":""https://www.facebook.com/taylorheatingac"",""twitter"":""https://x.com/taylorheatingac"",""youtube"":""https://www.youtube.com/channel/ucqtnvyujsl9qo1d0ta-_kkq""}",https://www.facebook.com/taylorheatingac,https://www.instagram.com/taylorheating/,https://x.com/taylorheatingac
ypid:YN28A956788205D8AA,Campbell & Company,"1153 Valley Mall Blvd, Yakima, WA",https://www.bing.com/th?id=OLC.kgecYBD+b22qSA480x360&pid=Local,https://www.bing.com/maps?cp=46.566341400146484%7E-120.52326965332031&lvl=17.0&q=Campbell%20%26%20Company%20%2C%201153%20Valley%20Mall%20Blvd%2C%20Yakima%2C%20WA,46.566341400146484,-120.52326965332031,3,Yelp (29),HVAC services,Open 24 hours,https://trustcampbell.com/service-area/yakima-wa/,(509) 724-2329,"JSmith@trustcampbell.com,privacy@trustcampbell.com,downtwothestuds2024@outlook.com","{""facebook"":""https://www.facebook.com/campbellandcompany/"",""twitter"":""https://twitter.com/campbellsvc""}",https://www.facebook.com/campbellandcompany/,,https://twitter.com/campbellsvc
ypid:YN2D432A75D2330C40,"Kings Heating, Air & Electric","18933 Highway 99, Lynnwood, WA 98036",https://www.bing.com/th?id=OLC.R4KrJe1S4sdomQ480x360&pid=Local,https://www.bing.com/maps?cp=47.82665252685547%7E-122.3099594116211&lvl=17.0&q=Kings%20Heating%2C%20Air%20%26%20Electric%20%2C%2018933%20Highway%2099%2C%20Lynnwood%2C%20WA%2098036,47.82665252685547,-122.3099594116211,4,Yelp (107),HVAC services,Open 24 hours,https://kingsheating.com/,(425) 224-7623,"legend@legendinteriors.sg,Smith@kingsheating.com,contact@kingsheating.com","{""facebook"":""https://www.facebook.com/kingsheating"",""yelp"":""https://www.yelp.com/biz/kings-heating-and-air-conditioning-lynnwood"",""youtube"":""https://www.youtube.com/watch?v=w08ghjlrhsg""}",https://www.facebook.com/kingsheating,,
ypid:YNBF53DEC8A405F659,"Northwest Expert Heating, Cooling & Electrical","1020 S 344th St Ste 209, Federal Way, WA 98003",https://www.bing.com/th?id=OLC.acFk6CuCRghd4A480x360&pid=Local,https://www.bing.com/maps?cp=47.29385757446289%7E-122.3200454711914&lvl=17.0&q=Northwest%20Expert%20Heating%2C%20Cooling%20%26%20Electrical%20%2C%201020%20S%20344th%20St%20Ste%20209%2C%20Federal%20Way%2C%20WA%2098003,47.29385757446289,-122.3200454711914,4,Yelp (68),HVAC services,Closed · Opens 08:00,https://nwexpert.com/,(253) 398-6848,julie@northwestexpertheating.com,"{""facebook"":""https://www.facebook.com/nwexpertheating"",""yelp"":""https://www.yelp.com/biz/northwest-expert-heating-federal-way-2"",""instagram"":""https://www.instagram.com/nwexpertheating/"",""youtube"":""https://www.youtube.com/@nwexpertheating""}",https://www.facebook.com/nwexpertheating,https://www.instagram.com/nwexpertheating/,
ypid:YN919E18952F0DFBDB,Performance Mechanical Group,"1012 Central Ave S, Kent, WA 98032",https://www.bing.com/th?id=OLC.GItLfjhQmCcBHQ480x360&pid=Local,https://www.bing.com/maps?cp=47.370845794677734%7E-122.22943878173828&lvl=17.0&q=Performance%20Mechanical%20Group%20%2C%201012%20Central%20Ave%20S%2C%20Kent%2C%20WA%2098032,47.370845794677734,-122.22943878173828,1.5,Yelp (6),HVAC services,Closed · Opens 07:30,https://www.pmghvac.com/,(425) 251-0356,"info@pmghvac.com,dispatch@pmghvac.com,Daniel.p@pmghvac.com,gary@polarbearmechanicalinc.com,lintop200@gmail.com","{""facebook"":""https://www.facebook.com/profile.php?id=100065505222588"",""linkedin"":""https://www.linkedin.com/company/performance-mechanical-group/"",""youtube"":""https://www.youtube.com/@performancemechanicalgroup""}",https://www.facebook.com/profile.php?id=100065505222588,,
ypid:YN8C45F8135D8C6E4B,Cascade Mechanical,"902 E Woodin Ave, Chelan, WA 98816",https://www.bing.com/th?id=OLC.zixDg9FH7oDyuQ480x360&pid=Local,https://www.bing.com/maps?cp=47.83929443359375%7E-120.00373840332031&lvl=17.0&q=Cascade%20Mechanical%20%2C%20902%20E%20Woodin%20Ave%2C%20Chelan%2C%20WA%2098816,47.83929443359375,-120.00373840332031,4,Yelp (9),HVAC services,Closed · Opens 08:00,https://www.cascademechanical.com/,(509) 682-5923,"dseward@blackstoneindustrial.ca,info@cascademechanical.ca,cascadecoolheat@msn.com","{""facebook"":""https://www.facebook.com/donita.vanwoert/posts/1433579026990647"",""yelp"":""https://www.yelp.com/biz/cascade-mechanical-chelan-8"",""twitter"":""https://www.twitter.com/@cascadecoolheat"",""instagram"":""http://instagram.com/cascademechanical""}",https://www.facebook.com/donita.vanwoert/posts/1433579026990647,http://instagram.com/cascademechanical,https://www.twitter.com/@cascadecoolheat
ypid:YNEDD80F7E48E6F664,Complete Heating & Air Conditioning,"15627 SE 178th St, Renton, WA 98058",https://www.bing.com/th?id=OLC.lj4oicVzl8R1kg480x360&pid=Local,https://www.bing.com/maps?cp=47.442352294921875%7E-122.13228607177734&lvl=17.0&q=Complete%20Heating%20%26%20Air%20Conditioning%20%2C%2015627%20SE%20178th%20St%2C%20Renton%2C%20WA%2098058,47.442352294921875,-122.13228607177734,4.5,Yelp (67),Building contractor,,http://www.completeheatac.com/,(425) 254-0031,office@completeheatac.com,"{""facebook"":""https://www.facebook.com/completetechnologywater/""}",https://www.facebook.com/completetechnologywater/,,
ypid:YN2107A5C489E7B56D,Blue Flame Heating & Air Conditioning,"7116 220th St SW #1, Mountlake Terrace, WA 98043",https://www.bing.com/th?id=OLC.rw0KlJkz28VIDA480x360&pid=Local,https://www.bing.com/maps?cp=47.798988342285156%7E-122.32942199707031&lvl=17.0&q=Blue%20Flame%20Heating%20%26%20Air%20Conditioning%20%2C%207116%20220th%20St%20SW%20%231%2C%20Mountlake%20Terrace%2C%20WA%2098043,47.798988342285156,-122.32942199707031,2,Yelp (302),HVAC services,Open 24 hours,https://blueflamecomfort.com/,(425) 264-8896,"ccparequest@ars.com,socialmedia@blueflamecomfort.com,info@BlueFlameComfort.com,rich@blueflamecomfort.com,peninsulatank@gmail.com","{""facebook"":""https://www.facebook.com/arsrescuerooter"",""twitter"":""https://twitter.com/arsrescuerooter"",""instagram"":""https://www.instagram.com/ars_rescuerooter"",""pinterest"":""https://www.pinterest.com/arsrr/"",""youtube"":""https://www.youtube.com/@arsrescuerooter"",""linkedin"":""https://www.linkedin.com/company/american-residential-services"",""yelp"":""https://www.yelp.com/biz/blue-flame-heating-and-air-conditioning-mountlake-terrace-6""}",https://www.facebook.com/arsrescuerooter,https://www.instagram.com/ars_rescuerooter,https://twitter.com/arsrescuerooter
ypid:YN707B31FAD86074BD,Evergreen Home Heating and Energy,"727 S Kenyon St, Seattle, WA 98108",https://www.bing.com/th?id=OLC.3qEvjHoT/CpzMw480x360&pid=Local,https://www.bing.com/maps?cp=47.53168487548828%7E-122.3242416381836&lvl=17.0&q=Evergreen%20Home%20Heating%20and%20Energy%20%2C%20727%20S%20Kenyon%20St%2C%20Seattle%2C%20WA%2098108,47.53168487548828,-122.3242416381836,3.5,Yelp (151),HVAC services,Closed · Opens 07:30,http://www.evergreenhomeheatingandenergy.com/,(206) 565-1455,"info@pbhusri.com,custom_sheet_metal@comcast.net,hello@todayshomeowner.com,peninsulatank@gmail.com,evergreenhtg@live.com","{""facebook"":""https://www.facebook.com/erin.moore.37051/posts/10223936495973181"",""instagram"":""https://www.instagram.com/evergreenhomeheating/"",""yelp"":""https://www.yelp.com/biz/evergreen-home-heating-and-energy-seattle?start=20"",""twitter"":""https://twitter.com/evergreenhhe""}",https://www.facebook.com/erin.moore.37051/posts/10223936495973181,https://www.instagram.com/evergreenhomeheating/,https://twitter.com/evergreenhhe
ypid:YNB7B01F608BDD87EE,"Black Lion Heating, Air Conditioning, & Electrical","11001 118th Pl NE, Kirkland, WA 98033",https://www.bing.com/th?id=OLC.CuQTiyfyLZHmtw480x360&pid=Local,https://www.bing.com/maps?cp=47.69865798950195%7E-122.18373107910156&lvl=17.0&q=Black%20Lion%20Heating%2C%20Air%20Conditioning%2C%20%26%20Electrical%20%2C%2011001%20118th%20Pl%20NE%2C%20Kirkland%2C%20WA%2098033,47.69865798950195,-122.18373107910156,3,Yelp (239),HVAC services,Closed · Opens 07:30,https://blacklionhvac.com/,(425) 553-2561,"ben@blacklionhvac.com,info@blacklionhvac.com,contabilidade@jvbcontabil.net.br","{""facebook"":""https://www.facebook.com/blacklionheatingairconditioning/reviews/"",""yelp"":""https://www.yelp.com/biz/black-lion-heating-and-air-conditioning-kirkland-4"",""instagram"":""https://www.instagram.com/blacklionhvac/"",""youtube"":""https://www.youtube.com/@blacklionhvac"",""linkedin"":""https://www.linkedin.com/company/black-lion-heating-&-air-conditioning""}",https://www.facebook.com/blacklionheatingairconditioning/reviews/,https://www.instagram.com/blacklionhvac/,
ypid:YN449ED72930E4A7DC,Pacific Heating & Cooling,"8607 Durango St SW, Tacoma, WA 98499",https://www.bing.com/th?id=OLC.EMWjLx/kzs9aNA480x360&pid=Local,https://www.bing.com/maps?cp=47.17923355102539%7E-122.4870834350586&lvl=17.0&q=Pacific%20Heating%20%26%20Cooling%20%2C%208607%20Durango%20St%20SW%2C%20Tacoma%2C%20WA%2098499,47.17923355102539,-122.4870834350586,4,Yelp (279),HVAC services,Open 24 hours,https://pacificheatingcooling.com/,(253) 785-4821,"customerservice@pacificheatingcooling.com,info@pacificheatingcooling.com","{""facebook"":""https://www.facebook.com/pacificheatac/"",""twitter"":""https://x.com/pacificheatac"",""instagram"":""https://www.instagram.com/pacificheatcool/"",""linkedin"":""https://www.linkedin.com/company/pacific-air-systems-heating-cooling-"",""youtube"":""https://www.youtube.com/channel/uc78k0rztobecbnmuium_ijg""}",https://www.facebook.com/pacificheatac/,https://www.instagram.com/pacificheatcool/,https://x.com/pacificheatac
ypid:YN5FE5F88111B1ED53,Quality Plumbing & Heating Inc.,"6862 Hawthorn Park Dr, Indianapolis, IN 46220",https://www.bing.com/th?id=OLC.+cwzKhl+meNEpw480x360&pid=Local,https://www.bing.com/maps?cp=39.880958557128906%7E-86.07575225830078&lvl=17.0&q=Quality%20Plumbing%20%26%20Heating%20Inc.%20%2C%206862%20Hawthorn%20Park%20Dr%2C%20Indianapolis%2C%20IN%2046220,39.880958557128906,-86.07575225830078,,,HVAC services,Open 24 hours,https://www.qph.com/,(812) 662-7567,allen@qph.com,"{""facebook"":""https://www.facebook.com/drtapplumbing/videos/kitchen-fat-build-up-/872339224547143/"",""twitter"":""https://twitter.com/__qph__"",""linkedin"":""https://www.linkedin.com/company/quality-plumbing-heating-inc/"",""youtube"":""https://www.youtube.com/channel/ucbofolimaczbd4t3hs87via/videos"",""yelp"":""https://www.yelp.com/search?cflt=plumbing&find_loc=frankfurt+am+main+mitte-nord%2c+frankfurt+am+main%2c+hessen""}",https://www.facebook.com/drtapplumbing/videos/kitchen-fat-build-up-/872339224547143/,,https://twitter.com/__qph__
ypid:YNB1B6396BD961E96B,R.T. Moore,"6340 La Pas Trail, Indianapolis, IN 46268",https://www.bing.com/th?id=OLC.8FHpOD58f06tnA480x360&pid=Local,https://www.bing.com/maps?cp=39.87126541137695%7E-86.23934936523438&lvl=17.0&q=R.T.%20Moore%20%2C%206340%20La%20Pas%20Trail%2C%20Indianapolis%2C%20IN%2046268,39.87126541137695,-86.23934936523438,3,Yelp (14),Plumbing,Open 24 hours,http://www.rtmoore.com/,(317) 291-1052,"service@rtmoore.com,floridaservice@rtmoore.com,WEBjane@rtmoore.com,jdoe@rtmoore.com,kzigler@rtmoore.com,afrandsen@rtmoore.com,PERMITTING@RTMOORE.COM,jappleseed@rtmoore.com,angel@true-temp.com,kblevins@rtmoore.com,info@rtmoore.com","{""facebook"":""https://www.facebook.com/rt-moore-261281422414553"",""instagram"":""https://www.instagram.com/r.t.moore/"",""linkedin"":""https://www.linkedin.com/company/r-t--moore/""}",https://www.facebook.com/rt-moore-261281422414553,https://www.instagram.com/r.t.moore/,
ypid:YN33A4A0956AA1FC6A,"Hope Plumbing, Heating & Cooling","6205 Rucker Rd, Indianapolis, IN 46220",,https://www.bing.com/maps?cp=39.86951446533203%7E-86.078369140625&lvl=17.0&q=Hope%20Plumbing%2C%20Heating%20%26%20Cooling%20%2C%206205%20Rucker%20Rd%2C%20Indianapolis%2C%20IN%2046220,39.86951446533203,-86.078369140625,4.5,Angi (1142),Plumbing,Open 24 hours,https://www.hopeplumbing.com/,(317) 912-0222,"office@hopeplumbing.com,brad@hopeplumbing.com,humanresources@hopeplumbing.com,hope@hopeplumbing.com,christina@hopeplumbing.com,First@hopeplumbing.com,hopeplumbing@gmail.com,jack@hopeplumbing.com,ka@hopeplumbing.com",,,,
ypid:YN34DCB3F1CD644B06,Williams Comfort Air - Heating Cooling Plumbing Electrical,"1033 3rd Ave SW Ste 205, Carmel, IN 46032",https://www.bing.com/th?id=OLC.DVfH29atjBHFEQ480x360&pid=Local,https://www.bing.com/maps?cp=39.96514129638672%7E-86.13050079345703&lvl=17.0&q=Williams%20Comfort%20Air%20-%20Heating%20Cooling%20Plumbing%20Electrical%20%2C%201033%203rd%20Ave%20SW%20Ste%20205%2C%20Carmel%2C%20IN%2046032,39.96514129638672,-86.13050079345703,2.5,Yelp (168),HVAC services,Open 24 hours,https://williamscomfortair.com/location/carmel-indiana/,(317) 957-3533,"privacy@wrenchgroup.com,privacypolicy@wrenchgroup.com,WEBJohn_Smith@williamscomfortair.com,John@williamscomfortair.com,Smith@williamscomfortair.com,bryce.huffman@williamscomfortair.com","{""twitter"":""https://twitter.com/wcaindy"",""facebook"":""https://www.facebook.com/settings?tab=ads"",""youtube"":""https://www.youtube.com/user/williamscomfortair"",""linkedin"":""https://www.linkedin.com/company/williams-comfort-air/"",""instagram"":""https://www.instagram.com/williamscomfortair/""}",https://www.facebook.com/settings?tab=ads,https://www.instagram.com/williamscomfortair/,https://twitter.com/wcaindy
ypid:YNCFF34BFD660EC12,One Hour Heating & Air Conditioning,"4040 Industrial Blvd, Indianapolis, IN 46254",https://www.bing.com/th?id=OLC.7F3+vkOV6v8sSw480x360&pid=Local,https://www.bing.com/maps?cp=39.82876205444336%7E-86.22872161865234&lvl=17.0&q=One%20Hour%20Heating%20%26%20Air%20Conditioning%20%2C%204040%20Industrial%20Blvd%2C%20Indianapolis%2C%20IN%2046254,39.82876205444336,-86.22872161865234,2,Yelp (89),HVAC services,Open 24 hours,https://www.onehourheatandair.com/indianapolis/,(317) 795-0373,"privacy@authoritybrandsllc.com,CCPA@onehour.com,bgca.info@authoritybrandsllc.com,privacyofficer@AuthorityBrands.co,contato@renththerm.com","{""facebook"":""https://www.facebook.com/onehournwfl"",""yelp"":""https://www.yelp.com/biz/cullins-one-hour-heating-and-air-conditioning-lewis-center"",""twitter"":""https://twitter.com/onehourheatair"",""instagram"":""https://www.instagram.com/onehourheatair/?hl=en"",""pinterest"":""https://www.pinterest.com/onehourheatair/boards/"",""youtube"":""https://www.youtube.com/watch?v=kwriohgp4i0"",""linkedin"":""https://www.linkedin.com/company/heatingcool""}",https://www.facebook.com/onehournwfl,https://www.instagram.com/onehourheatair/?hl=en,https://twitter.com/onehourheatair
ypid:YNDF3B1D511F2B422D,Home Heroes Plumbing Heating & Air,"7768 Kane Ct, Fishers, IN 46038",https://www.bing.com/th?id=OLC.qUg/Kk4AC0ubAQ480x360&pid=Local,https://www.bing.com/maps?cp=39.96953201293945%7E-86.02425384521484&lvl=17.0&q=Home%20Heroes%20Plumbing%20Heating%20%26%20Air%20%2C%207768%20Kane%20Ct%2C%20Fishers%2C%20IN%2046038,39.96953201293945,-86.02425384521484,5,Yelp (16),Plumbing,Open · Closes 19:00,https://callhomeheroes.com/,(317) 494-7866,info@callhomeheroes.com,"{""facebook"":""https://www.facebook.com/callhomeheroes/"",""yelp"":""https://www.yelp.com/biz/home-heroes-plumbing-heating-and-air-fishers-2"",""instagram"":""https://www.instagram.com/call_homeheroes/""}",https://www.facebook.com/callhomeheroes/,https://www.instagram.com/call_homeheroes/,
ypid:YN89FEA972682D4C42,Hill Mechanical Corp,"5705 W 80th St, Indianapolis, IN 46278",,https://www.bing.com/maps?cp=39.89753341674805%7E-86.26178741455078&lvl=17.0&q=Hill%20Mechanical%20Corp%20%2C%205705%20W%2080th%20St%2C%20Indianapolis%2C%20IN%2046278,39.89753341674805,-86.26178741455078,,,Contractor,,https://www.hillgrp.com/,(317) 613-4900,"kari.holtz@hillgrp.com,steven.sitkowski@hillgrp.com,Jim.kamilis@hillgrp.com,james.hill@hillgrp.com","{""facebook"":""https://www.facebook.com/hillgrp/"",""twitter"":""https://twitter.com/hillgrp"",""linkedin"":""https://www.linkedin.com/company/hill-mechanical-group"",""youtube"":""https://www.youtube.com/user/hillgrp"",""instagram"":""https://www.instagram.com/the_hill_group/""}",https://www.facebook.com/hillgrp/,https://www.instagram.com/the_hill_group/,https://twitter.com/hillgrp
ypid:YND77EE77FD4BD9432,Surplus City Liquidators,"720 Ransdell Rd, Lebanon, IN 46052",https://www.bing.com/th?id=OLC.WUBVv9t8c4BnWg480x360&pid=Local,https://www.bing.com/maps?cp=40.04119110107422%7E-86.48204040527344&lvl=17.0&q=Surplus%20City%20Liquidators%20%2C%20720%20Ransdell%20Rd%2C%20Lebanon%2C%20IN%2046052,40.04119110107422,-86.48204040527344,2,Yelp (10),HVAC supplier,Open · Closes 16:00,https://surpluscityliquidators.com/,(765) 482-7000,"info@surpluscityliquidators.com,jane.doe@surpluscityliquidators.com","{""facebook"":""https://www.facebook.com/surpluscityliquidators"",""twitter"":""https://twitter.com/liquidatorscity"",""instagram"":""https://www.instagram.com/surpluscityliquidators/""}",https://www.facebook.com/surpluscityliquidators,https://www.instagram.com/surpluscityliquidators/,https://twitter.com/liquidatorscity
ypid:YN70CA3DF8FAA8568E,Warren Mechanical LLC,"7327 S 600 W, Jamestown, IN 46147",,https://www.bing.com/maps?cp=39.932762145996094%7E-86.58045196533203&lvl=17.0&q=Warren%20Mechanical%20LLC%20%2C%207327%20S%20600%20W%2C%20Jamestown%2C%20IN%2046147,39.932762145996094,-86.58045196533203,5,Yelp (4),HVAC services,Open · Closes 16:00,http://warrenmechanicalhvac.com/,(317) 250-0412,,"{""facebook"":""https://www.facebook.com/warrenmechanicalllc/"",""instagram"":""https://www.instagram.com/warrenmechanicalllc/"",""yelp"":""https://www.yelp.com/biz/warren-mechanical-jamestown-2""}",https://www.facebook.com/warrenmechanicalllc/,https://www.instagram.com/warrenmechanicalllc/,
ypid:YN5123319A93C41148,Havel,"5610 W 82nd St, Indianapolis, IN 46278",https://www.bing.com/th?id=OLC.YJXeb25gUcJDuQ480x360&pid=Local,https://www.bing.com/maps?cp=39.90267562866211%7E-86.26044464111328&lvl=17.0&q=Havel%20%2C%205610%20W%2082nd%20St%2C%20Indianapolis%2C%20IN%2046278,39.90267562866211,-86.26044464111328,,,Contractor,,https://www.havelemcor.com/,(317) 872-4242,emcor_info@emcor.net,"{""facebook"":""https://www.facebook.com/emcorgroupinc"",""linkedin"":""https://www.linkedin.com/company/havel-brothers"",""youtube"":""https://www.youtube.com/user/emcorgroup"",""instagram"":""https://www.instagram.com/emcor_group_inc/""}",https://www.facebook.com/emcorgroupinc,https://www.instagram.com/emcor_group_inc/,
ypid:YN145DC72AB78A5CAA,"Bassett Services: Heating, Cooling, Plumbing, & Electrical","706 W Main St, Plainfield, IN 46168",https://www.bing.com/th?id=OLC.PfJv4Ka3BNl7xA480x360&pid=Local,https://www.bing.com/maps?cp=39.69974899291992%7E-86.41312408447266&lvl=17.0&q=Bassett%20Services%3A%20Heating%2C%20Cooling%2C%20Plumbing%2C%20%26%20Electrical%20%2C%20706%20W%20Main%20St%2C%20Plainfield%2C%20IN%2046168,39.69974899291992,-86.41312408447266,2,Yelp (55),HVAC services,Open 24 hours,https://bassettservices.com/plainfield/,(317) 455-3130,"info@bassettservices.com,max.peterson@thisoldhouse.com,bryanv@bassettservices.com,Tom.Lawson@BassettServices.com,Laura.Root@Bassettservices.com,bfu231@bathfitter.com,basnetbkb@gmail.com,bal@insec.cl,BereanElectric@outlook.com","{""facebook"":""https://www.facebook.com/permalink.php?story_fbid=2587840091411509&id=100005566304120"",""youtube"":""https://www.youtube.com/@bassettservices"",""yelp"":""https://www.yelp.com/biz/bassett-services-cincinnati-2""}",https://www.facebook.com/permalink.php?story_fbid=2587840091411509&id=100005566304120,,
ypid:YNEC4B74DC7CD4107,Williams Comfort Air - Heating Cooling Plumbing Electrical,"10640 E 59th St, Indianapolis, IN 46236",https://www.bing.com/th?id=OLC.8lYHjZmtbBpMjQ480x360&pid=Local,https://www.bing.com/maps?cp=39.8643798828125%7E-85.9793930053711&lvl=17.0&q=Williams%20Comfort%20Air%20-%20Heating%20Cooling%20Plumbing%20Electrical%20%2C%2010640%20E%2059th%20St%2C%20Indianapolis%2C%20IN%2046236,39.8643798828125,-85.9793930053711,4,Yelp (11),HVAC services,Open 24 hours,https://williamscomfortair.com/location/lawrence-indiana/,(317) 210-1753,"privacy@wrenchgroup.com,privacypolicy@wrenchgroup.com,WEBJohn_Smith@williamscomfortair.com,John@williamscomfortair.com,Smith@williamscomfortair.com,bryce.huffman@williamscomfortair.com","{""twitter"":""https://twitter.com/wcaindy"",""facebook"":""https://www.facebook.com/settings?tab=ads"",""youtube"":""https://www.youtube.com/user/williamscomfortair"",""linkedin"":""https://www.linkedin.com/company/williams-comfort-air/"",""instagram"":""https://www.instagram.com/williamscomfortair/""}",https://www.facebook.com/settings?tab=ads,https://www.instagram.com/williamscomfortair/,https://twitter.com/wcaindy
ypid:YN5AFCB50AFA1ED1D6,Family Heating & Air Conditioning,"4771 N Franklin Rd, Lawrence, IN 46226",https://www.bing.com/th?id=OLC.zAWbjc57aJt+2A480x360&pid=Local,https://www.bing.com/maps?cp=39.84315490722656%7E-86.02672576904297&lvl=17.0&q=Family%20Heating%20%26%20Air%20Conditioning%20%2C%204771%20N%20Franklin%20Rd%2C%20Lawrence%2C%20IN%2046226,39.84315490722656,-86.02672576904297,4.5,Yelp (32),HVAC services,Open · Closes 17:00,https://www.familyhvac.net/,(317) 577-8077,"WEBJohn.Smith@familyhvac.net,marcusmorris@familyhvac.net,WebJohn.Smith@familyhvac.net","{""facebook"":""https://www.facebook.com/familyheatingandcooling/"",""tiktok"":""https://www.tiktok.com/@familyhvacindy""}",https://www.facebook.com/familyheatingandcooling/,,
ypid:YN5D05406EE9F41C79,"Control Tech Heating, Air, & Plumbing","1200 Parkway Dr, Zionsville, IN 46077",https://www.bing.com/th?id=OLC.sqfloBapnnLmgw480x360&pid=Local,https://www.bing.com/maps?cp=39.94881820678711%7E-86.2767333984375&lvl=17.0&q=Control%20Tech%20Heating%2C%20Air%2C%20%26%20Plumbing%20%2C%201200%20Parkway%20Dr%2C%20Zionsville%2C%20IN%2046077,39.94881820678711,-86.2767333984375,4.5,Yelp (22),HVAC services,Open 24 hours,https://controltech.biz/,(317) 942-3204,"ecommhd@wesco.com,societario2@controltech.com.br",,,,
ypid:YNB4E80628E49439F,Schomers Plumbing Heating & Air Conditioning,"1450 Industrial Dr, Lafayette, IN 47905",https://www.bing.com/th?id=OLC.k1YHf89YPsXaDA480x360&pid=Local,https://www.bing.com/maps?cp=40.40349197387695%7E-86.85191345214844&lvl=17.0&q=Schomers%20Plumbing%20Heating%20%26%20Air%20Conditioning%20%2C%201450%20Industrial%20Dr%2C%20Lafayette%2C%20IN%2047905,40.40349197387695,-86.85191345214844,3,Yelp (11),HVAC services,Open · Closes 16:00,http://www.schomersplumbing.com/,(765) 447-4014,brad@schomersplumbing.com,,,,
ypid:YNFCFEC95A581DF0CA,"HMH Contractors, Inc.","817 Millbrook Ln, Kokomo, IN 46901",https://www.bing.com/th?id=OLC.PMVJEBueNLuNlw480x360&pid=Local,https://www.bing.com/maps?cp=40.47834777832031%7E-86.15203094482422&lvl=17.0&q=HMH%20Contractors%2C%20Inc.%20%2C%20817%20Millbrook%20Ln%2C%20Kokomo%2C%20IN%2046901,40.47834777832031,-86.15203094482422,,,Contractor,Open · Closes 16:00,https://hmhmechanical.com/kokomo/,(765) 450-7069,"moldmecca@korea.com,info@hmhmechanical.com","{""facebook"":""https://www.facebook.com/hmhmech/"",""linkedin"":""https://www.linkedin.com/company/hmh-contractors"",""twitter"":""https://twitter.com/asmedotorg"",""instagram"":""https://www.instagram.com/hmhcontractors/"",""yelp"":""https://www.yelp.com/writeareview/biz/0oemfkpm871ttyznfgrf4g?return_url=%2fbiz%2f0oemfkpm871ttyznfgrf4g&review_origin=biz-details-war-button""}",https://www.facebook.com/hmhmech/,https://www.instagram.com/hmhcontractors/,https://twitter.com/asmedotorg
ypid:YN6FBAA393DE0D3071,Commercial Service,"4710 W Vernal Pike, Bloomington, IN 47404",https://www.bing.com/th?id=OLC.Vr8paCmdWMHIIw480x360&pid=Local,https://www.bing.com/maps?cp=39.18248748779297%7E-86.59510040283203&lvl=17.0&q=Commercial%20Service%20%2C%204710%20W%20Vernal%20Pike%2C%20Bloomington%2C%20IN%2047404,39.18248748779297,-86.59510040283203,4.5,Yelp (56),HVAC services,Open 24 hours,http://www.commercialservice.com/,(812) 339-9114,"info@commercialservice.com,FLast@commercialservice.com","{""facebook"":""https://www.facebook.com/permalink.php?story_fbid=10227601024517152&id=1411896235"",""twitter"":""https://x.com/commsrv"",""instagram"":""https://www.instagram.com/commercialservice/"",""youtube"":""https://www.youtube.com/channel/uco4wqq9bud2vxvh_tvnkjsa"",""linkedin"":""https://www.linkedin.com/company/commercialservice""}",https://www.facebook.com/permalink.php?story_fbid=10227601024517152&id=1411896235,https://www.instagram.com/commercialservice/,https://x.com/commsrv
ypid:YN73F0FE4140989981,"Tom's Air Conditioning, LLC","10263 MO-5, Camdenton, MO 65020",https://www.bing.com/th?id=OLC./fXroWl3XrgzEA480x360&pid=Local,https://www.bing.com/maps?cp=38.11824035644531%7E-92.82000732421875&lvl=17.0&q=Tom's%20Air%20Conditioning%2C%20LLC%20%2C%2010263%20MO-5%2C%20Camdenton%2C%20MO%2065020,38.11824035644531,-92.82000732421875,4,Yelp (4),HVAC services,Open 24 hours,https://tomsairconditioning.com/,(573) 317-0701,,"{""yelp"":""https://www.yelp.com/biz/toms-air-conditioning-camdenton?adjust_creative=microsoft&utm_campaign=yelp_feed&utm_medium=feed_v2&utm_source=microsoft""}",,,
ypid:YN6F1EEA3994912BD7,Comfort Care Heating & Air Conditioning Inc.,"5696 Osage Beach Pkwy, Osage Beach, MO 65065",https://www.bing.com/th?id=OLC.KjdTK5FODQ7Mlw480x360&pid=Local,https://www.bing.com/maps?cp=38.12272262573242%7E-92.67574310302734&lvl=17.0&q=Comfort%20Care%20Heating%20%26%20Air%20Conditioning%20Inc.%20%2C%205696%20Osage%20Beach%20Pkwy%2C%20Osage%20Beach%2C%20MO%2065065,38.12272262573242,-92.67574310302734,4,Yelp (7),HVAC services,Opens in 6 mins,https://comfortcarehc.com/,(573) 348-9999,"comfortcarehc@yahoo.com,Charles@community-enterprises.com","{""facebook"":""https://www.facebook.com/comfortcarehac/"",""yelp"":""https://www.yelp.com/biz/comfort-care-heating-and-cooling-kaiser-5""}",https://www.facebook.com/comfortcarehac/,,
ypid:YN325A46175D538E5C,Rockley Mechanical,"Private Address in Gravois Mills, MO",https://www.bing.com/th?id=OLC.8MgH4JrfT0KaMQ480x360&pid=Local,https://www.bing.com/maps?cp=38.231895446777344%7E-92.7619400024414&lvl=17.0&q=Rockley%20Mechanical%20%2C%20Private%20Address%20in%20Gravois%20Mills%2C%20MO,38.231895446777344,-92.7619400024414,,,HVAC services,Opens in 6 mins,http://rockleymechanical.com/,(573) 372-8111,,"{""facebook"":""https://www.facebook.com/rockleymechanical/""}",https://www.facebook.com/rockleymechanical/,,
ypid:YNB2001814EB599320,SmartHouse,"6921 Olive Blvd, St Louis, MO 63130",https://www.bing.com/th?id=OLC.P6fSwMUZBc0q2w480x360&pid=Local,https://www.bing.com/maps?cp=38.66477966308594%7E-90.31388092041016&lvl=17.0&q=SmartHouse%20%2C%206921%20Olive%20Blvd%2C%20St%20Louis%2C%20MO%2063130,38.66477966308594,-90.31388092041016,4.5,Yelp (13),HVAC services,Open 24 hours,https://callsmarthouse.com/,(314) 451-5391,us@traart.com,"{""facebook"":""https://www.facebook.com/smarthousehvac/"",""linkedin"":""https://www.linkedin.com/company/smarthouse-home-performance-experts"",""youtube"":""https://www.youtube.com/channel/uczdddszlczhnp1khj6egpfw"",""twitter"":""https://twitter.com/smarthousehvac"",""instagram"":""https://www.instagram.com/smarthouse.hvac/""}",https://www.facebook.com/smarthousehvac/,https://www.instagram.com/smarthouse.hvac/,https://twitter.com/smarthousehvac
ypid:YND74CC584B5372439,"Tri-State Mechanical Services, Inc.","2338 N Lindbergh Blvd, St Louis, MO 63114",https://www.bing.com/th?id=OLC.sLN8eEqf09iUZA480x360&pid=Local,https://www.bing.com/maps?cp=38.70402145385742%7E-90.40851593017578&lvl=17.0&q=Tri-State%20Mechanical%20Services%2C%20Inc.%20%2C%202338%20N%20Lindbergh%20Blvd%2C%20St%20Louis%2C%20MO%2063114,38.70402145385742,-90.40851593017578,4,Yelp (10),HVAC services,Open 24 hours,https://tristate-stl.com/,(314) 423-5555,,"{""facebook"":""https://www.facebook.com/tristatemechanicalservicesinc/"",""linkedin"":""https://www.linkedin.com/company/tri-state-mechanical-services-inc"",""yelp"":""https://www.yelp.com/biz/tri-state-mechanical-services-saint-louis-2?adjust_creative=microsoft&utm_campaign=yelp_feed&utm_medium=feed_v2&utm_source=microsoft"",""youtube"":""https://www.youtube.com/watch?v=eu8b796lpvo&feature=youtu.be""}",https://www.facebook.com/tristatemechanicalservicesinc/,,
ypid:YN7396DF3727381729,Midwest Mechanical Services & Solutions,"123 Millwell Dr, Maryland Heights, MO 63043",https://www.bing.com/th?id=OLC.AUOzteONAngmoQ480x360&pid=Local,https://www.bing.com/maps?cp=38.71980285644531%7E-90.43744659423828&lvl=17.0&q=Midwest%20Mechanical%20Services%20%26%20Solutions%20%2C%20123%20Millwell%20Dr%2C%20Maryland%20Heights%2C%20MO%2063043,38.71980285644531,-90.43744659423828,,,HVAC services,Open 24 hours,https://midweststl.com/,(314) 432-7655,"sales@midweststl.com,service@midweststl.com","{""linkedin"":""https://www.linkedin.com/company/midwest-mechanical-sevices-solutions/"",""facebook"":""https://www.facebook.com/midwestmechanicalservices""}",https://www.facebook.com/midwestmechanicalservices,,
ypid:YNA3021A8F4E80E296,Classic Aire Care,"1276 N Warson Rd, St Louis, MO 63132",https://www.bing.com/th?id=OLC.aC3LumqIggSqGw480x360&pid=Local,https://www.bing.com/maps?cp=38.68302917480469%7E-90.39395141601562&lvl=17.0&q=Classic%20Aire%20Care%20%2C%201276%20N%20Warson%20Rd%2C%20St%20Louis%2C%20MO%2063132,38.68302917480469,-90.39395141601562,3,Yelp (91),HVAC services,Open 24 hours,https://www.classicairecare.com/,(314) 988-2501,info@hospitalmsm.com.mx,"{""facebook"":""https://www.facebook.com/classicairecare/"",""linkedin"":""https://www.linkedin.com/company/classic-aire-care-inc-/?viewasmember=true"",""instagram"":""https://www.instagram.com/classicairecare/""}",https://www.facebook.com/classicairecare/,https://www.instagram.com/classicairecare/,
ypid:YNDA600241D27E9FC2,Vogel Heating & Cooling,"1642 Manufacturers Dr, Fenton, MO 63026",https://www.bing.com/th?id=OLC.Now5+nbjfhdwlw480x360&pid=Local,https://www.bing.com/maps?cp=38.535335540771484%7E-90.44310760498047&lvl=17.0&q=Vogel%20Heating%20%26%20Cooling%20%2C%201642%20Manufacturers%20Dr%2C%20Fenton%2C%20MO%2063026,38.535335540771484,-90.44310760498047,4,Yelp (36),HVAC services,Opens in 6 mins,https://www.vogelheating.com/,(314) 408-6068,,"{""facebook"":""https://www.facebook.com/vogelheating"",""instagram"":""https://www.instagram.com/vogelheating/"",""youtube"":""https://www.youtube.com/channel/uc_jbgtpwwyppp92uqklssbg""}",https://www.facebook.com/vogelheating,https://www.instagram.com/vogelheating/,
ypid:YN460BF5F8DA025C83,Meyer Heating and Air,"11134 Lindbergh Business Ct, St Louis, MO 63123",https://www.bing.com/th?id=OLC.9sj8avhenrLrrQ480x360&pid=Local,https://www.bing.com/maps?cp=38.5166130065918%7E-90.33673858642578&lvl=17.0&q=Meyer%20Heating%20and%20Air%20%2C%2011134%20Lindbergh%20Business%20Ct%2C%20St%20Louis%2C%20MO%2063123,38.5166130065918,-90.33673858642578,4,Yelp (19),HVAC services,Opens in 6 mins,https://meyerair.com/,(314) 455-7877,"service@meyerair.com,studio@meyer.com.br","{""facebook"":""https://www.facebook.com/meyerhvac"",""instagram"":""https://www.instagram.com/meyer_air/"",""youtube"":""https://www.youtube.com/c/meyerair"",""twitter"":""https://x.com/meyer_air"",""tiktok"":""https://www.tiktok.com/@meyerair"",""pinterest"":""https://www.pinterest.com/meyerheatingandair/"",""linkedin"":""https://www.linkedin.com/company/meyer-heating-air/"",""yelp"":""https://www.yelp.com/biz/meyer-heating-and-air-saint-louis""}",https://www.facebook.com/meyerhvac,https://www.instagram.com/meyer_air/,https://x.com/meyer_air
ypid:YNB38AF6600A9BA39E,"Jerry Kelly Heating, Air Conditioning, Electrical & Plumbing","4631 N Saint Peters Pkwy, St Peters, MO 63304",https://www.bing.com/th?id=OLC.w8BQyE+m4IySSw480x360&pid=Local,https://www.bing.com/maps?cp=38.7411994934082%7E-90.61556243896484&lvl=17.0&q=Jerry%20Kelly%20Heating%2C%20Air%20Conditioning%2C%20Electrical%20%26%20Plumbing%20%2C%204631%20N%20Saint%20Peters%20Pkwy%2C%20St%20Peters%2C%20MO%2063304,38.7411994934082,-90.61556243896484,3,Yelp (146),HVAC services,Open 24 hours,https://www.jerrykelly.com/,(636) 757-8506,"justinf@jerrykelly.com,gary@jacksoncomfort.com,info@jerrykelly.com",,,,
ypid:YNF11706F4CAC4239,Midwest Heating Cooling & Plumbing,"13228 Holmes Rd, Kansas City, MO 64145",https://www.bing.com/th?id=OLC.lUeMc0svi+ihzQ480x360&pid=Local,https://www.bing.com/maps?cp=38.88594436645508%7E-94.58684539794922&lvl=17.0&q=Midwest%20Heating%20Cooling%20%26%20Plumbing%20%2C%2013228%20Holmes%20Rd%2C%20Kansas%20City%2C%20MO%2064145,38.88594436645508,-94.58684539794922,2.5,Yelp (36),HVAC services,Open 24 hours,https://www.midwestheating.com/,(816) 943-8400,,"{""facebook"":""https://www.facebook.com/midwestheatingcoolingandplumbing/"",""twitter"":""https://twitter.com/midwestheating"",""yelp"":""https://www.yelp.com/biz/midwest-heating-cooling-and-plumbing-kansas-city-2"",""linkedin"":""https://www.linkedin.com/company/midwest-heating-cooling-and-plumbing-llc/""}",https://www.facebook.com/midwestheatingcoolingandplumbing/,,https://twitter.com/midwestheating
ypid:YN1C2E294E8F4E0C59,Stay Cool Climate Control,"407 Sonderen St, O Fallon, MO 63366",https://www.bing.com/th?id=OLC.9SFZ0hsxY12WoQ480x360&pid=Local,https://www.bing.com/maps?cp=38.805782318115234%7E-90.69563293457031&lvl=17.0&q=Stay%20Cool%20Climate%20Control%20%2C%20407%20Sonderen%20St%2C%20O%20Fallon%2C%20MO%2063366,38.805782318115234,-90.69563293457031,5,Yelp (9),HVAC services,Open 24 hours,https://staycool-hvac.com/,(636) 425-3398,"info@staycool-hvac.com,csr@staycoolclimatecontrol.com","{""facebook"":""https://www.facebook.com/staycoolclimatecontrol/"",""instagram"":""https://www.instagram.com/staycoolclimatecontrol/"",""youtube"":""https://www.youtube.com/channel/uc7s3wi3h0qlmp_-ew9dzsia"",""tiktok"":""https://www.tiktok.com/@staycoolclimatecontrol?_t=8wg645hs8lu&_r=1""}",https://www.facebook.com/staycoolclimatecontrol/,https://www.instagram.com/staycoolclimatecontrol/,
ypid:YNAC421AA1570F9833,Hoff Heating & AC,"1520 Kemmar Ct, O Fallon, MO 63366",https://www.bing.com/th?id=OLC.B+KLA2E52Ysk9A480x360&pid=Local,https://www.bing.com/maps?cp=38.81806182861328%7E-90.755615234375&lvl=17.0&q=Hoff%20Heating%20%26%20AC%20%2C%201520%20Kemmar%20Ct%2C%20O%20Fallon%2C%20MO%2063366,38.81806182861328,-90.755615234375,3.5,Yelp (24),HVAC services,Open · Closes 17:00,https://hoffheating.com/,(636) 388-7676,,"{""linkedin"":""https://br.linkedin.com/company/heatingcool""}",,,
ypid:YN6D73B61080EEAD0B,Connelly-Waldinger,"1219 E Division St, Springfield, MO 65803",https://www.bing.com/th?id=OLC.yPTnQ3shgRwpnA480x360&pid=Local,https://www.bing.com/maps?cp=37.22610855102539%7E-93.27444458007812&lvl=17.0&q=Connelly-Waldinger%20%2C%201219%20E%20Division%20St%2C%20Springfield%2C%20MO%2065803,37.22610855102539,-93.27444458007812,4.5,Yelp (13),Plumbing,Opens in 6 mins,https://connellyplumbing.com/,(417) 866-2256,"craig@connellyplumbing.com,rwinslow@construct-com.com,hensley@att.net","{""facebook"":""https://www.facebook.com/pages/connelly-plumbing-co/192672850752595""}",https://www.facebook.com/pages/connelly-plumbing-co/192672850752595,,
ypid:YNA3D6A72F36D3E02C,HVAC Master Heating & Air Conditioning LLC,"321 E Sunshine St Ste 198, Springfield, MO 65807",https://www.bing.com/th?id=OLC.TV856RbfPXWu5w480x360&pid=Local,https://www.bing.com/maps?cp=37.18240737915039%7E-93.2908706665039&lvl=17.0&q=HVAC%20Master%20Heating%20%26%20Air%20Conditioning%20LLC%20%2C%20321%20E%20Sunshine%20St%20Ste%20198%2C%20Springfield%2C%20MO%2065807,37.18240737915039,-93.2908706665039,4,Yelp (5),HVAC services,Open 24 hours,https://hvacmaster.com/,(417) 655-3542,"Kr@raptorsupplies.com,hq@hvacmaster.com","{""facebook"":""https://www.facebook.com/hvacmasterheatingandairconditioning/"",""instagram"":""https://www.instagram.com/hvacmaster_"",""linkedin"":""https://www.linkedin.com/in/rick-lowe-58627147/"",""pinterest"":""https://www.pinterest.com/hvacmaster/"",""twitter"":""https://x.com/ricklowe682717"",""tiktok"":""https://www.tiktok.com/@hvacmaster417?lang=en"",""youtube"":""https://www.youtube.com/@hvacmasterheatingaircondit3635""}",https://www.facebook.com/hvacmasterheatingandairconditioning/,https://www.instagram.com/hvacmaster_,https://x.com/ricklowe682717
ypid:YN69FF669FB4F41541,Indoor Comfort Team,"3640 Scarlet Oak Blvd, St Louis, MO 63122",https://www.bing.com/th?id=OLC.oi98WUjrGBKVqw480x360&pid=Local,https://www.bing.com/maps?cp=38.56267547607422%7E-90.45433807373047&lvl=17.0&q=Indoor%20Comfort%20Team%20%2C%203640%20Scarlet%20Oak%20Blvd%2C%20St%20Louis%2C%20MO%2063122,38.56267547607422,-90.45433807373047,4.5,Yelp (22),HVAC services,Open 24 hours,https://www.indoorcomfortteam.com/,(314) 230-9542,,"{""facebook"":""https://www.facebook.com/profile.php?id=100091316537602"",""instagram"":""https://www.instagram.com/indoorcomfortteam/"",""youtube"":""https://www.youtube.com/channel/ucsek-orphqo8mu4n-hmv3fq""}",https://www.facebook.com/profile.php?id=100091316537602,https://www.instagram.com/indoorcomfortteam/,
ypid:YN77933660DCEE860E,Carden Heating & Cooling,"1152 US-31 N, Calera, AL 35040",https://www.bing.com/th?id=OLC.Gjt6OfUQjydbaw480x360&pid=Local,https://www.bing.com/maps?cp=33.198822021484375%7E-86.7748794555664&lvl=17.0&q=Carden%20Heating%20%26%20Cooling%20%2C%201152%20US-31%20N%2C%20Calera%2C%20AL%2035040,33.198822021484375,-86.7748794555664,5,Yelp (1),HVAC services,Open 24 hours,https://cardenhvac.com/,(205) 669-2459,,"{""facebook"":""https://www.facebook.com/cardenheatingandcooling/"",""twitter"":""https://twitter.com/cardenhvac1?lang=en"",""instagram"":""https://www.instagram.com/cardenheatingandcoolinginc/?hl=en"",""yelp"":""https://www.yelp.com/biz/carden-heating-and-cooling-calera?osq=carden+heating+and+cooling""}",https://www.facebook.com/cardenheatingandcooling/,https://www.instagram.com/cardenheatingandcoolinginc/?hl=en,https://twitter.com/cardenhvac1?lang=en
ypid:YNA93C9B8E88526614,Superior Heating and Cooling,"127 Montevallo Rd, Centreville, AL 35042",https://www.bing.com/th?id=OLC.mOcJgvP/RBxK9A480x360&pid=Local,https://www.bing.com/maps?cp=32.9464225769043%7E-87.13809967041016&lvl=17.0&q=Superior%20Heating%20and%20Cooling%20%2C%20127%20Montevallo%20Rd%2C%20Centreville%2C%20AL%2035042,32.9464225769043,-87.13809967041016,5,Angi (5),HVAC services,Opens in 4 mins,https://www.superiorheatingandcooling.net/,(205) 926-5037,,"{""facebook"":""https://www.facebook.com/superiorhandc/"",""linkedin"":""https://www.linkedin.com/company/superior-heating-and-cooling/"",""pinterest"":""https://www.pinterest.com/superiorhandc/"",""twitter"":""https://twitter.com/superiorhandc"",""yelp"":""https://www.yelp.com/biz/superior-heating-and-cooling-centreville-2""}",https://www.facebook.com/superiorhandc/,,https://twitter.com/superiorhandc
ypid:YNBFED9F29DF873A78,"Dixie Electric, Plumbing & Air","580 Trade Center St, Montgomery, AL 36108",https://www.bing.com/th?id=OLC.X9GxwhoogYru+g480x360&pid=Local,https://www.bing.com/maps?cp=32.37005615234375%7E-86.34613037109375&lvl=17.0&q=Dixie%20Electric%2C%20Plumbing%20%26%20Air%20%2C%20580%20Trade%20Center%20St%2C%20Montgomery%2C%20AL%2036108,32.37005615234375,-86.34613037109375,3,Yelp (33),HVAC services,Open 24 hours,http://www.calldixie.com/,(334) 328-3570,"info@calldixie.com,john@calldixie.com,noble@calldixie.com,jimmy@calldixie.com,rodney@calldixie.com,starelectric@Hotmail.com,Info@calldixie.com,gary@calldixie.com","{""facebook"":""https://www.facebook.com/dixieelectricplumbingair/"",""twitter"":""https://twitter.com/calldixie?ref_src=twsrc%5egoogle%7ctwcamp%5eserp%7ctwgr%5eauthor"",""instagram"":""https://www.instagram.com/calldixie/"",""youtube"":""https://www.youtube.com/c/dixieelectricplumbingandaircompanyincmontgomery/""}",https://www.facebook.com/dixieelectricplumbingair/,https://www.instagram.com/calldixie/,https://twitter.com/calldixie?ref_src=twsrc%5egoogle%7ctwcamp%5eserp%7ctwgr%5eauthor
ypid:YN8840C24CD02F5AB5,"One Source Heating, Cooling, Plumbing & Electrical","3105 Pinson Valley Pkwy, Birmingham, AL 35217",https://www.bing.com/th?id=OLC.KaEi14WCgerPqw480x360&pid=Local,https://www.bing.com/maps?cp=33.621944427490234%7E-86.73487854003906&lvl=17.0&q=One%20Source%20Heating%2C%20Cooling%2C%20Plumbing%20%26%20Electrical%20%2C%203105%20Pinson%20Valley%20Pkwy%2C%20Birmingham%2C%20AL%2035217,33.621944427490234,-86.73487854003906,3,Yelp (21),HVAC services,Open 24 hours,https://www.onesourceair.com/,(205) 304-1413,"Smith@onesourceair.com,nbilda@terra.com.br","{""facebook"":""https://www.facebook.com/onesourceair?ref=hl""}",https://www.facebook.com/onesourceair?ref=hl,,
ypid:YN3D413429F5F32A11,"Sentry Heating, Air Conditioning, Plumbing, & Electrical","2490 Rocky Ridge Rd, Vestavia Hills, AL 35243",https://www.bing.com/th?id=OLC./UlqAKc4nrV8bQ480x360&pid=Local,https://www.bing.com/maps?cp=33.42329025268555%7E-86.77294921875&lvl=17.0&q=Sentry%20Heating%2C%20Air%20Conditioning%2C%20Plumbing%2C%20%26%20Electrical%20%2C%202490%20Rocky%20Ridge%20Rd%2C%20Vestavia%20Hills%2C%20AL%2035243,33.42329025268555,-86.77294921875,3,Yelp (23),HVAC services,Open · Closes 17:00,https://sentryheating.com/,(205) 235-8793,service@sentryheating.com,"{""facebook"":""https://www.facebook.com/sentryheating/"",""instagram"":""https://www.instagram.com/sentry_hvacplumbingandelectric/"",""linkedin"":""https://www.linkedin.com/company/sentry-heating-air-plumbing-electrical/""}",https://www.facebook.com/sentryheating/,https://www.instagram.com/sentry_hvacplumbingandelectric/,
ypid:YN2D63C4C4AA3EBB79,United Heating and Air Conditioning Inc,"3045 Mobile Hwy, Montgomery, AL 36108",https://www.bing.com/th?id=OLC.nWVUKJ8uURfUbw480x360&pid=Local,https://www.bing.com/maps?cp=32.34992218017578%7E-86.3375244140625&lvl=17.0&q=United%20Heating%20and%20Air%20Conditioning%20Inc%20%2C%203045%20Mobile%20Hwy%2C%20Montgomery%2C%20AL%2036108,32.34992218017578,-86.3375244140625,2,Yelp (8),HVAC services,Open · Closes 17:00,https://unitedheating.net/,(334) 262-0247,"info@unitedheating.net,Anthony.snead@unitedheating.net,tara@unitedheating.net,lisa.hendricks5@yahoo.com,anthony.snead@unitedheating.net,terry@unitedheating.net","{""facebook"":""https://www.facebook.com/unitedheatingair/""}",https://www.facebook.com/unitedheatingair/,,
ypid:YNFD7D7357CFF926A3,Alabama Cooling and Heating,"4042 Huntwell Ln, Birmingham, AL 35235",https://www.bing.com/th?id=OLC.Ql4qrymFF+MjPQ480x360&pid=Local,https://www.bing.com/maps?cp=33.632259368896484%7E-86.62833404541016&lvl=17.0&q=Alabama%20Cooling%20and%20Heating%20%2C%204042%20Huntwell%20Ln%2C%20Birmingham%2C%20AL%2035235,33.632259368896484,-86.62833404541016,5,Angi (6),HVAC services,Open 24 hours,https://alabamahvacservices.com/,(205) 350-9192,"info@alabamahvacservices.com,marissa.alacool@gmail.com","{""facebook"":""https://www.facebook.com/101431422924187"",""yelp"":""https://www.yelp.com/biz/alabama-cooling-and-heating-birmingham-5"",""linkedin"":""https://www.linkedin.com/company/alabama-cooling-heating""}",https://www.facebook.com/101431422924187,,
ypid:YNE488310594FD8D9A,Pro Services LLC,"22311 Diesel Dr, McCalla, AL 35111",https://www.bing.com/th?id=OLC.NEuLMWkhP5SiUA480x360&pid=Local,https://www.bing.com/maps?cp=33.27384948730469%7E-87.10125732421875&lvl=17.0&q=Pro%20Services%20LLC%20%2C%2022311%20Diesel%20Dr%2C%20McCalla%2C%20AL%2035111,33.27384948730469,-87.10125732421875,3,Yelp (2),HVAC services,Open 24 hours,https://proservicesplumbingandair.com/,(205) 526-3184,"caldasplb@gmail.com,proservices911@gmail.com","{""facebook"":""https://www.facebook.com/callproservices/"",""instagram"":""https://www.instagram.com/proservicesllc_/"",""yelp"":""https://www.yelp.com/biz/pro-services-mccalla-2""}",https://www.facebook.com/callproservices/,https://www.instagram.com/proservicesllc_/,
ypid:YNEF7ADF997DD66C55,"Brown Heating, Cooling & Plumbing","400 Brooklane Dr, Hueytown, AL 35023",https://www.bing.com/th?id=OLC.81DyBBLHp/i7kw480x360&pid=Local,https://www.bing.com/maps?cp=33.443599700927734%7E-86.97925567626953&lvl=17.0&q=Brown%20Heating%2C%20Cooling%20%26%20Plumbing%20%2C%20400%20Brooklane%20Dr%2C%20Hueytown%2C%20AL%2035023,33.443599700927734,-86.97925567626953,3.5,Yelp (11),HVAC services,Open 24 hours,https://www.brownheatingandcooling.com/,(205) 774-3335,service@brownheatingandcooling.com,"{""facebook"":""https://www.facebook.com/brownsince1961"",""instagram"":""https://www.instagram.com/brown_hvac?utm_source=ig_web_button_share_sheet&igsh=zdnlzdc0mzixnw=="",""linkedin"":""https://www.linkedin.com/company/brown-heating-and-cooling"",""yelp"":""https://www.yelp.com/biz/brown-heating-and-cooling-hueytown""}",https://www.facebook.com/brownsince1961,https://www.instagram.com/brown_hvac?utm_source=ig_web_button_share_sheet&igsh=zdnlzdc0mzixnw==,
ypid:YNA1BD528A87F634A6,Chad's AC Direct,"2546 Bell Rd, Montgomery, AL 36117",https://www.bing.com/th?id=OLC.FlOOtEsygDBu0w480x360&pid=Local,https://www.bing.com/maps?cp=32.34450149536133%7E-86.19522857666016&lvl=17.0&q=Chad's%20AC%20Direct%20%2C%202546%20Bell%20Rd%2C%20Montgomery%2C%20AL%2036117,32.34450149536133,-86.19522857666016,3,Yelp (6),HVAC services,Open 24 hours,https://www.chadsacdirect.com/,(334) 264-6464,chad@chadsacdirect.com,"{""facebook"":""https://www.facebook.com/dana.l.bratten/posts/10223475654226549"",""twitter"":""https://www.twitter.com/chadsacdirect/"",""instagram"":""https://www.instagram.com/chadsacdirect/"",""youtube"":""https://www.youtube.com/channel/ucutylrxz_6mfck9sg6lm3wq"",""yelp"":""https://www.yelp.com/biz/chads-ac-direct-montgomery"",""linkedin"":""https://www.linkedin.com/company/aire-serv""}",https://www.facebook.com/dana.l.bratten/posts/10223475654226549,https://www.instagram.com/chadsacdirect/,https://www.twitter.com/chadsacdirect/
ypid:YNE94508F6C8C35C56,AES Mechanical,"2171 AL Highway 229 S, Tallassee, AL",,https://www.bing.com/maps?cp=32.510616302490234%7E-85.89414978027344&lvl=17.0&q=AES%20Mechanical%20%2C%202171%20AL%20Highway%20229%20S%2C%20Tallassee%2C%20AL,32.510616302490234,-85.89414978027344,3,Indeed (9),Contractor,,http://www.aesmech.com/,(334) 252-0380,"privacy@lennoxintl.com,jason@aesmech.com","{""linkedin"":""https://www.linkedin.com/company/lennox-international""}",,,
ypid:YN82C646CAAB63DB39,SG Heating & Air Conditioning LLC,"50 Cunningham Ave, Hamilton, NJ 08610",https://www.bing.com/th?id=OLC.6p2OF0PCT1d3yg480x360&pid=Local,https://www.bing.com/maps?cp=40.210365295410156%7E-74.71733093261719&lvl=17.0&q=SG%20Heating%20%26%20Air%20Conditioning%20LLC%20%2C%2050%20Cunningham%20Ave%2C%20Hamilton%2C%20NJ%2008610,40.210365295410156,-74.71733093261719,4,Yelp (10),HVAC services,Open 24 hours,http://www.sghac.com/,(609) 448-1273,"nicole@mcrair.com,premster@kriseservices.com",,,,
ypid:YN377AE2B93A0BA7A1,Home Allegiance Heating and Air,"127 White Bordentown Rd, Hamilton Square, NJ",https://www.bing.com/th?id=OLC.3+FXznDArImH7w480x360&pid=Local,https://www.bing.com/maps?cp=40.184608459472656%7E-74.70669555664062&lvl=17.0&q=Home%20Allegiance%20Heating%20and%20Air%20%2C%20127%20White%20Bordentown%20Rd%2C%20Hamilton%20Square%2C%20NJ,40.184608459472656,-74.70669555664062,5,Yelp (7),HVAC services,Open · Closes 20:00,https://callhomeallegiance.com/,(609) 604-6971,,"{""facebook"":""https://www.facebook.com/homeallegiance/"",""instagram"":""https://www.instagram.com/homeallegianceheatingandair/""}",https://www.facebook.com/homeallegiance/,https://www.instagram.com/homeallegianceheatingandair/,
ypid:YNE6F5B4AD3C9AB99A,Arctic Heating & Cooling,"321 Jacobstown Cookstown Rd, Wrightstown, NJ 08562",https://www.bing.com/th?id=OLC.JGw5xM7qiKROFA480x360&pid=Local,https://www.bing.com/maps?cp=40.05746841430664%7E-74.57344818115234&lvl=17.0&q=Arctic%20Heating%20%26%20Cooling%20%2C%20321%20Jacobstown%20Cookstown%20Rd%2C%20Wrightstown%2C%20NJ%2008562,40.05746841430664,-74.57344818115234,5,Yelp (6),HVAC services,Open · Closes 20:00,http://arctichc.com/,(609) 758-2237,"info@arctichc.com,info@609marketing.com","{""facebook"":""https://www.facebook.com/arcticheatingandcoolingnj""}",https://www.facebook.com/arcticheatingandcoolingnj,,
ypid:YN63351A6274C90658,Elite Air,"180 Volusia Ave Suite 2, Hamilton, NJ 08610",https://www.bing.com/th?id=OLC.2ezgO0KsYhn65Q480x360&pid=Local,https://www.bing.com/maps?cp=40.20880126953125%7E-74.71351623535156&lvl=17.0&q=Elite%20Air%20%2C%20180%20Volusia%20Ave%20Suite%202%2C%20Hamilton%2C%20NJ%2008610,40.20880126953125,-74.71351623535156,3,Yelp (29),HVAC services,Open 24 hours,https://www.eliteairinc.com/,(609) 322-4968,"max.peterson@thisoldhouse.com,ccparequest@ars.com,info@eliteairinc.com","{""facebook"":""https://www.facebook.com/ajperrihvac"",""twitter"":""https://twitter.com/ajperrihvac"",""yelp"":""https://www.yelp.com/biz/elite-air-hamilton-township-4?adjust_creative=microsoft&utm_campaign=yelp_feed&utm_medium=feed_v2&utm_source=microsoft"",""instagram"":""https://www.instagram.com/ars_rescuerooter"",""pinterest"":""https://www.pinterest.com/arsrr/"",""youtube"":""https://www.youtube.com/@arsrescuerooter"",""linkedin"":""https://www.linkedin.com/company/american-residential-services""}",https://www.facebook.com/ajperrihvac,https://www.instagram.com/ars_rescuerooter,https://twitter.com/ajperrihvac
ypid:YN8994C36565ACB9B7,Dynamics Air Conditioning & Heating Mechanical Services,"Private Address in Columbus, NJ",https://www.bing.com/th?id=OLC.XVeBcV8EN4fkvw480x360&pid=Local,https://www.bing.com/maps?cp=40.07314682006836%7E-74.72428894042969&lvl=17.0&q=Dynamics%20Air%20Conditioning%20%26%20Heating%20Mechanical%20Services%20%2C%20Private%20Address%20in%20Columbus%2C%20NJ,40.07314682006836,-74.72428894042969,,,HVAC services,Open · Closes 16:00,https://dynamicsairconditioningandheating.com/,(856) 629-6034,dynamics@att.net,"{""facebook"":""https://www.facebook.com/tignewjersey""}",https://www.facebook.com/tignewjersey,,
ypid:YN516B04B27D4AA717,Indoor Air Technologies,"1165 US Highway 130, Robbinsville Twp, NJ 08691",https://www.bing.com/th?id=OLC.HfdFQxa3FT3Lqg480x360&pid=Local,https://www.bing.com/maps?cp=40.22336959838867%7E-74.60810089111328&lvl=17.0&q=Indoor%20Air%20Technologies%20%2C%201165%20US%20Highway%20130%2C%20Robbinsville%20Twp%2C%20NJ%2008691,40.22336959838867,-74.60810089111328,3.5,Yelp (18),HVAC services,Open · Closes 17:30,http://www.indoorairtech.com/,(609) 246-0730,"office@indoorairtech.com,office.indoorair@gmail.com","{""facebook"":""https://www.facebook.com/privacy/policy/?entry_point=data_policy_redirect&entry=0"",""twitter"":""https://twitter.com/en/privacy"",""pinterest"":""https://policy.pinterest.com/en/privacy-policy""}",https://www.facebook.com/privacy/policy/?entry_point=data_policy_redirect&entry=0,,https://twitter.com/en/privacy
ypid:YNF8806A19FBA02E0,Conway Comfort Heating & Cooling,"127 White Bordentown Rd, Hamilton Square, NJ",https://www.bing.com/th?id=OLC.fsUQbBA94wbruA480x360&pid=Local,https://www.bing.com/maps?cp=40.184608459472656%7E-74.70670318603516&lvl=17.0&q=Conway%20Comfort%20Heating%20%26%20Cooling%20%2C%20127%20White%20Bordentown%20Rd%2C%20Hamilton%20Square%2C%20NJ,40.184608459472656,-74.70670318603516,,,HVAC services,Open · Closes 19:00,https://www.conwaycomfortnj.com/,(609) 735-5728,,"{""facebook"":""https://www.facebook.com/conwaycomforthvac"",""linkedin"":""https://www.linkedin.com/company/conway-comfort-heating-and-cooling-llc"",""twitter"":""https://x.com/conwaycomfort/"",""youtube"":""https://www.youtube.com/channel/uczmgr2kdeisaz3jdhbx_ela""}",https://www.facebook.com/conwaycomforthvac,,https://x.com/conwaycomfort/
ypid:YNA87FE2EC909DB476,"Kagel's Heating & AC, Inc.","2465 Old York Rd, Bordentown, NJ 08505",https://www.bing.com/th?id=OLC.QE+/gU99K0duTA480x360&pid=Local,https://www.bing.com/maps?cp=40.114994049072266%7E-74.71766662597656&lvl=17.0&q=Kagel's%20Heating%20%26%20AC%2C%20Inc.%20%2C%202465%20Old%20York%20Rd%2C%20Bordentown%2C%20NJ%2008505,40.114994049072266,-74.71766662597656,5,Angi (10),HVAC services,Open · Closes 20:00,https://www.kagelshvac.com/,(609) 913-3551,,"{""facebook"":""https://www.facebook.com/kagelshvac/""}",https://www.facebook.com/kagelshvac/,,
ypid:YNBF9BA3D097DB6BAA,Competitive Heating & Air Conditioning Inc.,"1456 NJ-38, Hainesport, NJ 08036",https://www.bing.com/th?id=OLC.CdRSORfZ6NWiaA480x360&pid=Local,https://www.bing.com/maps?cp=39.97974395751953%7E-74.82048034667969&lvl=17.0&q=Competitive%20Heating%20%26%20Air%20Conditioning%20Inc.%20%2C%201456%20NJ-38%2C%20Hainesport%2C%20NJ%2008036,39.97974395751953,-74.82048034667969,4,Yelp (17),HVAC services,Open · Closes 20:00,https://www.competitivehvac.com/,(609) 261-8556,info.tranethailand@trane.com,"{""facebook"":""https://www.facebook.com/competitivehvac"",""linkedin"":""https://www.linkedin.com/company/competitive-heating-and-ac""}",https://www.facebook.com/competitivehvac,,
ypid:YN60DC4A0281856050,Raynor Services,"401 Pine St, Mount Holly, NJ 08060",https://www.bing.com/th?id=OLC.kLPlqV9gif2Aww480x360&pid=Local,https://www.bing.com/maps?cp=39.98350143432617%7E-74.78301239013672&lvl=17.0&q=Raynor%20Services%20%2C%20401%20Pine%20St%2C%20Mount%20Holly%2C%20NJ%2008060,39.98350143432617,-74.78301239013672,3.5,Yelp (82),Electrician,Open · Closes 21:00,https://raynorservices.com/,(609) 808-2339,,"{""yelp"":""https://www.yelp.com/biz/raynor-services-mt-holly-2"",""facebook"":""https://www.facebook.com/raynorservices/"",""twitter"":""https://twitter.com/raynorelectric?lang=en"",""youtube"":""https://www.youtube.com/channel/uc-imxwlh4_8xf5nwpn4jcea"",""instagram"":""https://www.instagram.com/raynorservices/""}",https://www.facebook.com/raynorservices/,https://www.instagram.com/raynorservices/,https://twitter.com/raynorelectric?lang=en
ypid:YN7D23EC2D69F76518,Arctic Air Conditioning,"1 Pleasant Valley Rd, Old Bridge, NJ 08857",https://www.bing.com/th?id=OLC.lOz/E5aNu1wzgg480x360&pid=Local,https://www.bing.com/maps?cp=40.375858306884766%7E-74.3560562133789&lvl=17.0&q=Arctic%20Air%20Conditioning%20%2C%201%20Pleasant%20Valley%20Rd%2C%20Old%20Bridge%2C%20NJ%2008857,40.375858306884766,-74.3560562133789,3,Yelp (175),HVAC services,Open 24 hours,https://www.arcticac.com/service-area/old-bridge/,(732) 210-9580,"privacy@arcticac.com,service@arcticac.com.au,sparks@arcticac.com,info@arcticac.com,jake@apexhvacnj.com,msullivan@arcticac.com","{""facebook"":""https://www.facebook.com/arcticairconditioningnj/"",""linkedin"":""https://www.linkedin.com/company/arcticac"",""youtube"":""https://www.youtube.com/channel/ucfc2rtunru9vo17ovh5kqeg""}",https://www.facebook.com/arcticairconditioningnj/,,
ypid:YN1575AB3787856BF,Rylee Home Services,"132 Van Liew Ave, Milltown, NJ 08850",https://www.bing.com/th?id=OLC.yzGUJW7e4nY8gQ480x360&pid=Local,https://www.bing.com/maps?cp=40.45893096923828%7E-74.4378433227539&lvl=17.0&q=Rylee%20Home%20Services%20%2C%20132%20Van%20Liew%20Ave%2C%20Milltown%2C%20NJ%2008850,40.45893096923828,-74.4378433227539,5,Yelp (1),HVAC services,Open 24 hours,https://www.callrylee.com/,(848) 202-9883,,"{""facebook"":""https://www.facebook.com/ryleehomeservices"",""instagram"":""https://instagram.com/callryleenj"",""twitter"":""https://twitter.com/callryleenj"",""youtube"":""https://www.youtube.com/channel/uc_rsgpkagrykxfpcmfcl23g""}",https://www.facebook.com/ryleehomeservices,https://instagram.com/callryleenj,https://twitter.com/callryleenj
ypid:YNDEC05D748CCE2499,Cardwell HVAC & Plumbing,"603 Kresson Rd #11, Cherry Hill, NJ 08034",https://www.bing.com/th?id=OLC.Led4ZJaZcWeEDw480x360&pid=Local,https://www.bing.com/maps?cp=39.89009094238281%7E-74.99848175048828&lvl=17.0&q=Cardwell%20HVAC%20%26%20Plumbing%20%2C%20603%20Kresson%20Rd%20%2311%2C%20Cherry%20Hill%2C%20NJ%2008034,39.89009094238281,-74.99848175048828,3.5,Yelp (14),HVAC services,Open 24 hours,https://www.cardwellhvacnj.com/,(856) 205-4892,"sheridanplumbing@verizon.net,info@cardwellhvacnj.com,info@buddsplumbing.com,ap@cardwellhvacnj.com","{""facebook"":""https://www.facebook.com/cardwellhvac/"",""twitter"":""https://twitter.com/cardwellhvacnj"",""instagram"":""https://www.instagram.com/cardwellhvac/?hl=en"",""yelp"":""https://www.yelp.com/biz/cardwell-heating-and-air-conditioning-cherry-hill-2?adjust_creative=microsoft&utm_campaign=yelp_feed&utm_medium=feed_v2&utm_source=microsoft""}",https://www.facebook.com/cardwellhvac/,https://www.instagram.com/cardwellhvac/?hl=en,https://twitter.com/cardwellhvacnj
ypid:YN77C3AE13717A521C,"Gold Medal Service - Air Conditioning, Heating, Plumbing, & Electrical","11 Cotters Ln, East Brunswick, NJ 08816",https://www.bing.com/th?id=OLC.1Zw8MrlbQxdcfg480x360&pid=Local,https://www.bing.com/maps?cp=40.44901657104492%7E-74.42205047607422&lvl=17.0&q=Gold%20Medal%20Service%20-%20Air%20Conditioning%2C%20Heating%2C%20Plumbing%2C%20%26%20Electrical%20%2C%2011%20Cotters%20Ln%2C%20East%20Brunswick%2C%20NJ%2008816,40.44901657104492,-74.42205047607422,1.5,Yelp (490),HVAC services,Open 24 hours,https://www.goldmedalservice.com/,(908) 386-2416,"www.goldmandeln.de/impressum/info@goldmandeln.de,jsmith@goldmedalservice.com,WebJohnSmith@goldmedalservice.com,John_Smith@goldmedalservice.com,John@goldmedalservice.com,Smith@goldmedalservice.com,contact@goldmedalservice.com,support@readygoservice.com,support@goreadyservice.com","{""facebook"":""https://www.facebook.com/goldmedalservice/"",""twitter"":""https://twitter.com/goldmedalserves/"",""instagram"":""https://www.instagram.com/goldmedalserves/"",""youtube"":""https://www.youtube.com/user/goldmedalphce/"",""linkedin"":""https://www.linkedin.com/company/goldmedalservice/""}",https://www.facebook.com/goldmedalservice/,https://www.instagram.com/goldmedalserves/,https://twitter.com/goldmedalserves/
ypid:YN37CF98062A04EEEB,Journeyman Mechanical Contractors,"2125 Baldwin Ave #19B, Crofton, MD 21114",https://www.bing.com/th?id=OLC.KH6gLh1k2eoodw480x360&pid=Local,https://www.bing.com/maps?cp=38.99040985107422%7E-76.69609832763672&lvl=17.0&q=Journeyman%20Mechanical%20Contractors%20%2C%202125%20Baldwin%20Ave%20%2319B%2C%20Crofton%2C%20MD%2021114,38.99040985107422,-76.69609832763672,,,HVAC services,Open · Closes 16:30,http://www.journeyman-mechanical.com/,(301) 261-6200,"info@journeyman-mechanical.com,DMackin@journeyman-mechanical.com",,,,
ypid:YNAB0D1C36F547F5AA,Smith & Company HVAC,"1211 Saint Stephens Church Rd, Crownsville, MD 21032",https://www.bing.com/th?id=OLC.H9xgLXSEUpfdCg480x360&pid=Local,https://www.bing.com/maps?cp=39.02287673950195%7E-76.64319610595703&lvl=17.0&q=Smith%20%26%20Company%20HVAC%20%2C%201211%20Saint%20Stephens%20Church%20Rd%2C%20Crownsville%2C%20MD%2021032,39.02287673950195,-76.64319610595703,5,Yelp (2),HVAC services,Open · Closes 17:00,https://smithandcompanyhvac.com/,(410) 729-6245,Amandak@smithandcompanyhvac.com,"{""facebook"":""https://www.facebook.com/smithandcohvac/""}",https://www.facebook.com/smithandcohvac/,,
ypid:YNA0270E827C10ED9B,A One Heating Air Conditioning and Plumbing LLC,"13801 Heatherstone Dr, Bowie, MD 20720",https://www.bing.com/th?id=OLC.xtZVqzH4mqqWmA480x360&pid=Local,https://www.bing.com/maps?cp=38.9617919921875%7E-76.76405334472656&lvl=17.0&q=A%20One%20Heating%20Air%20Conditioning%20and%20Plumbing%20LLC%20%2C%2013801%20Heatherstone%20Dr%2C%20Bowie%2C%20MD%2020720,38.9617919921875,-76.76405334472656,3.5,Yelp (18),HVAC services,Open · Closes 20:00,http://www.aoneheatingandair.com/,(301) 297-4244,,,,,
ypid:YN9B06068FEA57E94F,The Severn Group,"375 Prince Georges Blvd, Upper Marlboro, MD 20774",https://www.bing.com/th?id=OLC.HlIRV0PDZf5gqQ480x360&pid=Local,https://www.bing.com/maps?cp=38.88363265991211%7E-76.72643280029297&lvl=17.0&q=The%20Severn%20Group%20%2C%20375%20Prince%20Georges%20Blvd%2C%20Upper%20Marlboro%2C%20MD%2020774,38.88363265991211,-76.72643280029297,,,HVAC services,Opens in 2 mins,http://www.theseverngroup.com/,(443) 837-0828,"dlewis@actionfacilties.com,rcollins@theseverngroup.com,Harry.Severn@arcgroup.co.uk,info@superiangroup.com","{""facebook"":""https://www.facebook.com/severngroup/"",""linkedin"":""https://www.linkedin.com/company/the-severn-group-llc""}",https://www.facebook.com/severngroup/,,
ypid:YNF8B89578292B9545,Grove Heating & Cooling,"2142 Priest Bridge Ct #6, Crofton, MD 21114",https://www.bing.com/th?id=OLC.r+B6SX4/cm1YTg480x360&pid=Local,https://www.bing.com/maps?cp=38.98824691772461%7E-76.69266510009766&lvl=17.0&q=Grove%20Heating%20%26%20Cooling%20%2C%202142%20Priest%20Bridge%20Ct%20%236%2C%20Crofton%2C%20MD%2021114,38.98824691772461,-76.69266510009766,4,Yelp (34),HVAC services,Open 24 hours,https://grovehvac.com/,(410) 881-5271,"service@grovehvac.com,gwairservice@gmail.com","{""facebook"":""https://www.facebook.com/grovehvac""}",https://www.facebook.com/grovehvac,,
ypid:YNAFCC2CDE22F1A4B0,Fixed! HVAC Service,"2014 Renard Ct, Annapolis, MD 21401",https://www.bing.com/th?id=OLC.aYjyrGcHbEEE+Q480x360&pid=Local,https://www.bing.com/maps?cp=38.9949836730957%7E-76.55194854736328&lvl=17.0&q=Fixed!%20HVAC%20Service%20%2C%202014%20Renard%20Ct%2C%20Annapolis%2C%20MD%2021401,38.9949836730957,-76.55194854736328,4.5,Yelp (42),HVAC services,Open · Closes 19:00,https://fixedhvac.com/,(844) 763-4933,"fixedhvac@gmail.com,vendas@motta.ind.br,comercial03@abcclima.com.br","{""yelp"":""https://www.yelp.com/biz/fixed-hvac-service-annapolis?start=20"",""facebook"":""https://www.facebook.com/fixedhvac/""}",https://www.facebook.com/fixedhvac/,,
ypid:YN946C51992C3B7B5B,"Coastal Heating & Air Conditioning Co., Inc","25 Hudson St, Annapolis, MD 21401",https://www.bing.com/th?id=OLC.DDjnmD70/Nq//A480x360&pid=Local,https://www.bing.com/maps?cp=38.9854736328125%7E-76.53104400634766&lvl=17.0&q=Coastal%20Heating%20%26%20Air%20Conditioning%20Co.%2C%20Inc%20%2C%2025%20Hudson%20St%2C%20Annapolis%2C%20MD%2021401,38.9854736328125,-76.53104400634766,2.5,Yelp (29),HVAC services,Open · Closes 16:30,https://coastalhvac.biz/,(410) 919-0110,wendyplank@sbcglobal.net,"{""facebook"":""https://www.facebook.com/coastalheatingandac"",""twitter"":""https://twitter.com/coastalheatair""}",https://www.facebook.com/coastalheatingandac,,https://twitter.com/coastalheatair
ypid:YN775CCC3DDB57E911,Bethany Air,"171 MD-253, Edgewater, MD 21037",https://www.bing.com/th?id=OLC.pVYva0ZqiwZKFQ480x360&pid=Local,https://www.bing.com/maps?cp=38.932395935058594%7E-76.55726623535156&lvl=17.0&q=Bethany%20Air%20%2C%20171%20MD-253%2C%20Edgewater%2C%20MD%2021037,38.932395935058594,-76.55726623535156,4.5,Yelp (8),HVAC services,Open 24 hours,https://www.bethanyair.com/,(410) 431-2312,"info@bethanyair.com,bethanyair@aol.com,tim@bethanyair.com,bobbakers@comcast.net","{""facebook"":""https://www.facebook.com/bethanyair"",""instagram"":""https://www.instagram.com/bethanyaircorp/"",""linkedin"":""https://www.linkedin.com/company/bethany-air-corp/"",""yelp"":""https://www.yelp.com/biz/bethany-air-edgewater-2""}",https://www.facebook.com/bethanyair,https://www.instagram.com/bethanyaircorp/,
ypid:YN55E9CFF6F587AF70,Pro-Tech HVAC Home,"326 First St Ste 103, Annapolis, MD 21403",https://www.bing.com/th?id=OLC.4STtIzmQOERtvg480x360&pid=Local,https://www.bing.com/maps?cp=38.97438049316406%7E-76.48030853271484&lvl=17.0&q=Pro-Tech%20HVAC%20Home%20%2C%20326%20First%20St%20Ste%20103%2C%20Annapolis%2C%20MD%2021403,38.97438049316406,-76.48030853271484,4.5,Yelp (24),HVAC services,Open · Closes 18:00,http://www.protechhvachome.com/,(240) 298-6521,"Office@ProTechHVACHome.com,chris@protechhvachome.com,office@protechhvachome.com","{""facebook"":""https://www.facebook.com/protechhvachome/"",""linkedin"":""https://www.linkedin.com/company/pro-tech-hvac-home"",""instagram"":""https://www.instagram.com/protechhvachome"",""youtube"":""https://www.youtube.com/embed/fimbreu4cwg?wmode=transparent&autoplay=1"",""yelp"":""https://www.yelp.com/biz/pro-tech-hvac-home-annapolis-2?adjust_creative=microsoft&utm_campaign=yelp_feed&utm_medium=feed_v2&utm_source=microsoft""}",https://www.facebook.com/protechhvachome/,https://www.instagram.com/protechhvachome,
ypid:YN92BFFAE4B5415BA5,Davis Ford Heating & Air Conditioning,"1799 McGuckian St, Annapolis, MD 21401",https://www.bing.com/th?id=OLC.xJn2qf329a4VGA480x360&pid=Local,https://www.bing.com/maps?cp=38.97838592529297%7E-76.52127838134766&lvl=17.0&q=Davis%20Ford%20Heating%20%26%20Air%20Conditioning%20%2C%201799%20McGuckian%20St%2C%20Annapolis%2C%20MD%2021401,38.97838592529297,-76.52127838134766,4,Yelp (22),HVAC services,Open · Closes 16:00,http://www.davis-ford.com/,(667) 408-4540,hello@davis-ford.com,"{""facebook"":""https://www.facebook.com/profile.php?id=100090456891505&mibextid=lqqj4d _blank"",""instagram"":""https://www.instagram.com/davisforddmv/ _blank"",""linkedin"":""https://www.linkedin.com/company/davis-ford-mechanical/ _blank""}",https://www.facebook.com/profile.php?id=100090456891505&mibextid=lqqj4d _blank,https://www.instagram.com/davisforddmv/ _blank,
ypid:YNCFB94CAF9617A0EF,JDL HVAC & Plumbing Services,"14300 Cherry Lane Ct Ste 116, Laurel, MD 20707",https://www.bing.com/th?id=OLC.LyH/CmbFXrHhIg480x360&pid=Local,https://www.bing.com/maps?cp=39.0875244140625%7E-76.8564224243164&lvl=17.0&q=JDL%20HVAC%20%26%20Plumbing%20Services%20%2C%2014300%20Cherry%20Lane%20Ct%20Ste%20116%2C%20Laurel%2C%20MD%2020707,39.0875244140625,-76.8564224243164,3,Yelp (44),HVAC services,Open · Closes 23:59,https://jdlhvacservices.com/,(844) 535-4822,"info@jdlhvacservices.com,INFO@JDLHVACSERVICES.COM,jclink86@yahoo.com,paulor.221@gmail.com,jdmechani07@gmail.com","{""facebook"":""https://www.facebook.com/jdlhvacservices/"",""twitter"":""https://twitter.com/jdlhvac""}",https://www.facebook.com/jdlhvacservices/,,https://twitter.com/jdlhvac
ypid:YNFE8E398B83E12118,"Spartan Plumbing, Heating and Air Conditioning","3708 Bladensburg Rd, Cottage City, MD 20722",https://www.bing.com/th?id=OLC.Pkurwq62az0TVQ480x360&pid=Local,https://www.bing.com/maps?cp=38.934993743896484%7E-76.95147705078125&lvl=17.0&q=Spartan%20Plumbing%2C%20Heating%20and%20Air%20Conditioning%20%2C%203708%20Bladensburg%20Rd%2C%20Cottage%20City%2C%20MD%2020722,38.934993743896484,-76.95147705078125,2.5,Yelp (32),Plumbing,Open 24 hours,https://www.spartanman.com/,(800) 882-0194,"privacy@aladin.co.kr,customerservice@spartanman.com,chad.moore@squarekenergy.com,cpendley@swinter.com","{""facebook"":""https://www.facebook.com/the.spartan.man"",""linkedin"":""https://www.linkedin.com/company/spartan-sewer-raider-inc-t-a-spartan-plumbing-heating-and-air-conditioning"",""instagram"":""https://www.instagram.com/spartanplumbingheatingair/"",""yelp"":""https://www.yelp.com/biz/spartan-brentwood-3""}",https://www.facebook.com/the.spartan.man,https://www.instagram.com/spartanplumbingheatingair/,
ypid:YNC859E073C9F5DA7A,McCrea Heating & Air Conditioning,"4463 Beech Rd, Temple Hills, MD 20748",https://www.bing.com/th?id=OLC.ux3Wxi7I2C/wDQ480x360&pid=Local,https://www.bing.com/maps?cp=38.82502365112305%7E-76.94147491455078&lvl=17.0&q=McCrea%20Heating%20%26%20Air%20Conditioning%20%2C%204463%20Beech%20Rd%2C%20Temple%20Hills%2C%20MD%2020748,38.82502365112305,-76.94147491455078,2,Yelp (81),HVAC services,Open · Closes 17:00,https://www.mccreaway.com/,(301) 973-3132,"mdservice@mccreaway.com,paservice@mccreaway.com,vaservice@mccreaway.com,deservice@mccreaway.com,profiles@birdeye.com,employment@mccreaway.com,linda.amezcua@mccreaway.com,Brian@mccullycomfort.com,dwells@meccoinc.net,Metroehjso@gmail.com,WebsiteSupport@promaxunlimited.com,tony.ferrarelli@mccreaway.com","{""facebook"":""https://www.facebook.com/mccreaway"",""twitter"":""https://twitter.com/mccreaway""}",https://www.facebook.com/mccreaway,,https://twitter.com/mccreaway
ypid:YN158A6144E54E9C1F,Superior Mechanical Services,"6655 Mid Cities Ave, Beltsville, MD 20705",https://www.bing.com/th?id=OLC.z8g0F+R2yKTrJw480x360&pid=Local,https://www.bing.com/maps?cp=39.053245544433594%7E-76.89005279541016&lvl=17.0&q=Superior%20Mechanical%20Services%20%2C%206655%20Mid%20Cities%20Ave%2C%20Beltsville%2C%20MD%2020705,39.053245544433594,-76.89005279541016,,,HVAC services,Open 24 hours,https://www.superiormech.net/,(301) 939-0622,wilson@superiormech.net,,,,
ypid:YN1BB3D234C1D2A2B8,JC & JC HVAC Mechanical,"1614 Maydale Dr, Silver Spring, MD 20905",https://www.bing.com/th?id=OLC.iwlN8LcztrMjhA480x360&pid=Local,https://www.bing.com/maps?cp=39.102455139160156%7E-76.97607421875&lvl=17.0&q=JC%20%26%20JC%20HVAC%20Mechanical%20%2C%201614%20Maydale%20Dr%2C%20Silver%20Spring%2C%20MD%2020905,39.102455139160156,-76.97607421875,2,Yelp (17),HVAC services,Open · Closes 23:59,https://jcandjchvacmechanical.com/,(301) 381-2498,info@jcandjchvacmechanical.com,"{""facebook"":""https://www.facebook.com/jcjchvac/"",""twitter"":""https://x.com/jcjc_jhvac"",""linkedin"":""https://www.linkedin.com/in/jc-and-jc-hvac-mechanical-contractors-llc-b4488ba7/""}",https://www.facebook.com/jcjchvac/,,https://x.com/jcjc_jhvac
ypid:YN581E2E8ACDA7D0EC,ARS / Rescue Rooter,"9010 Maier Rd Ste 105, Laurel, MD 20723",https://www.bing.com/th?id=OLC.KnkST6j8mGxZIQ480x360&pid=Local,https://www.bing.com/maps?cp=39.12024688720703%7E-76.82083129882812&lvl=17.0&q=ARS%20%2F%20Rescue%20Rooter%20%2C%209010%20Maier%20Rd%20Ste%20105%2C%20Laurel%2C%20MD%2020723,39.12024688720703,-76.82083129882812,1.5,Yelp (254),HVAC services,Open 24 hours,https://www.ars.com/laurel,(301) 276-4499,"ccparequest@ars.com,info@a-ars.com,arscommunications@ars.com,secon@seconexpo.com,egisec@seconexpo.com,global@seconexpo.com,inforequest@ars.com,jnorris@ars.com","{""facebook"":""https://www.facebook.com/tube.builder.54/posts/1702698513864233"",""twitter"":""https://twitter.com/arsrescuerooter"",""instagram"":""https://www.instagram.com/ars_rescuerooter/?hl=en"",""pinterest"":""https://ro.pinterest.com/arsrr/"",""youtube"":""https://www.youtube.com/channel/ucwcibajqbeidgfav7ssblpa"",""linkedin"":""https://www.linkedin.com/company/american-residential-services"",""yelp"":""https://www.yelp.com/biz/ars-rescue-rooter-laurel-laurel-5""}",https://www.facebook.com/tube.builder.54/posts/1702698513864233,https://www.instagram.com/ars_rescuerooter/?hl=en,https://twitter.com/arsrescuerooter
ypid:YN8D03822861A7C54,"Tario HVAC, LLC","1319 Maple Ave, Halethorpe, MD 21227",https://www.bing.com/th?id=OLC.uzDDgg9jx0z9cg480x360&pid=Local,https://www.bing.com/maps?cp=39.2495002746582%7E-76.6954345703125&lvl=17.0&q=Tario%20HVAC%2C%20LLC%20%2C%201319%20Maple%20Ave%2C%20Halethorpe%2C%20MD%2021227,39.2495002746582,-76.6954345703125,4.5,Yelp (8),HVAC services,Open 24 hours,https://www.tariohvac.com/,(410) 314-1161,tario_hvacr@yahoo.com,"{""facebook"":""https://web.facebook.com/tariohvac/?_rdc=1&_rdr"",""instagram"":""https://www.instagram.com/tariohvac/?hl=en""}",https://web.facebook.com/tariohvac/?_rdc=1&_rdr,https://www.instagram.com/tariohvac/?hl=en,
ypid:YNE74B9DC95F7FD572,AMS Air Conditioning & Heating,"4811 Rim Rock Rd, Rockville, MD 20853",https://www.bing.com/th?id=OLC.mkbR8hTn01d/3A480x360&pid=Local,https://www.bing.com/maps?cp=39.086246490478516%7E-77.09767150878906&lvl=17.0&q=AMS%20Air%20Conditioning%20%26%20Heating%20%2C%204811%20Rim%20Rock%20Rd%2C%20Rockville%2C%20MD%2020853,39.086246490478516,-77.09767150878906,4.5,Yelp (124),HVAC services,Open 24 hours,http://www.ams-airconditioning.com/,(240) 899-5777,"contracting.ams@gmail.com,info@ams-lueftungstechnik.de","{""facebook"":""https://www.facebook.com/amsairconditioningandheating/reviews"",""youtube"":""https://www.youtube.com/channel/uc05lihqoflqmho0mlv164qg"",""twitter"":""https://www.twitter.com/amstov"",""instagram"":""https://www.instagram.com/ams_airconditioning/"",""pinterest"":""https://www.pinterest.com/contractingams/?invite_code=ed9cb7e6b7e04e71a0fd1e2684d313d6&sender=43276983827722082"",""yelp"":""https://www.yelp.com/biz/ams-air-conditioning-and-heating-rockville""}",https://www.facebook.com/amsairconditioningandheating/reviews,https://www.instagram.com/ams_airconditioning/,https://www.twitter.com/amstov
ypid:YN64881BC6EA9202ED,"ClimateCare Services, LLC.","1610 Professional Blvd, Crofton, MD 21114",,https://www.bing.com/maps?cp=39.019081115722656%7E-76.70032501220703&lvl=17.0&q=ClimateCare%20Services%2C%20LLC.%20%2C%201610%20Professional%20Blvd%2C%20Crofton%2C%20MD%2021114,39.019081115722656,-76.70032501220703,,,HVAC services,Open 24 hours,http://www.climatecareservices.com/,(410) 921-3838,dispatching@climatecareservices.com,"{""facebook"":""https://www.facebook.com/climatecarehvac/"",""linkedin"":""https://www.linkedin.com/company/climatecare-hvac-services-llc-/"",""twitter"":""https://x.com/hvacclimatecare"",""instagram"":""https://www.instagram.com/climatecarehvacgrasonville/""}",https://www.facebook.com/climatecarehvac/,https://www.instagram.com/climatecarehvacgrasonville/,https://x.com/hvacclimatecare
ypid:YN32F988BC41C1C14,RJH Air Conditioning and Refrigeration Service,"12232 Distribution Pl, Beltsville, MD 20705",https://www.bing.com/th?id=OLC.yXkHLojpLmmosw480x360&pid=Local,https://www.bing.com/maps?cp=39.057071685791016%7E-76.88623809814453&lvl=17.0&q=RJH%20Air%20Conditioning%20and%20Refrigeration%20Service%20%2C%2012232%20Distribution%20Pl%2C%20Beltsville%2C%20MD%2020705,39.057071685791016,-76.88623809814453,3,Yelp (10),Contractor,Open 24 hours,https://www.rjhservice.com/,(301) 304-6357,service@rjhhvacr.com,"{""facebook"":""https://www.facebook.com/rjhhvacr"",""linkedin"":""https://www.linkedin.com/company/rjh-air-conditioning-&-refrigeration/"",""twitter"":""https://x.com/rjhrentals"",""instagram"":""https://www.instagram.com/rjhacrefrig""}",https://www.facebook.com/rjhhvacr,https://www.instagram.com/rjhacrefrig,https://x.com/rjhrentals
ypid:YN351487536D2DA38F,"GK Mechanical, LLC","Private Address in Hyattsville, MD",https://www.bing.com/th?id=OLC.Uz56lwHYGs2chw480x360&pid=Local,https://www.bing.com/maps?cp=38.94850158691406%7E-76.93856811523438&lvl=17.0&q=GK%20Mechanical%2C%20LLC%20%2C%20Private%20Address%20in%20Hyattsville%2C%20MD,38.94850158691406,-76.93856811523438,,,HVAC services,Open · Closes 17:00,http://gkmechanicals.com/,(240) 762-1564,,"{""yelp"":""https://www.yelp.com/biz/gk-mechanical-bowie-2"",""facebook"":""https://www.facebook.com/gk-mechanical-llc-104596761810030""}",https://www.facebook.com/gk-mechanical-llc-104596761810030,,
ypid:YN89EF2AA72DD9EEA8,Bayside Heating & Cooling,"836 Ritchie Hwy Suite 10 R, Severna Park, MD 21146",https://www.bing.com/th?id=OLC.Og24isltaGrF7Q480x360&pid=Local,https://www.bing.com/maps?cp=39.06451416015625%7E-76.5362319946289&lvl=17.0&q=Bayside%20Heating%20%26%20Cooling%20%2C%20836%20Ritchie%20Hwy%20Suite%2010%20R%2C%20Severna%20Park%2C%20MD%2021146,39.06451416015625,-76.5362319946289,4.5,Yelp (14),HVAC services,Open · Closes 17:00,https://callbayside.com/,(410) 995-9560,baysidecomfort@gmail.com,"{""facebook"":""https://www.facebook.com/bayside-heating-and-cooling-llc-484198641769814/?fref=ts"",""instagram"":""https://www.instagram.com/bayside_heating_cooling/?igsh=azg1zge3btf0n2i3"",""linkedin"":""https://www.linkedin.com/in/kevin-mcclain-3241021a3""}",https://www.facebook.com/bayside-heating-and-cooling-llc-484198641769814/?fref=ts,https://www.instagram.com/bayside_heating_cooling/?igsh=azg1zge3btf0n2i3,
ypid:YN60ED0CD33886B57D,JPG Plumbing & Mechanical,"8280 Stayton Dr, Jessup, MD 20794",https://www.bing.com/th?id=OLC.egovdEw7fj3JeA480x360&pid=Local,https://www.bing.com/maps?cp=39.14399337768555%7E-76.80586242675781&lvl=17.0&q=JPG%20Plumbing%20%26%20Mechanical%20%2C%208280%20Stayton%20Dr%2C%20Jessup%2C%20MD%2020794,39.14399337768555,-76.80586242675781,,,Contractor,Open · Closes 16:00,https://jpgservicesinc.com/,(240) 241-5060,"cray@jpgservicesinc.com,allmustgo8282@gmail.com,mgh@kibart.com,lbjorn@kellyhvac.com","{""facebook"":""https://www.facebook.com/jpgplumbing"",""linkedin"":""https://www.linkedin.com/company/jpg-plumbing-services-inc-""}",https://www.facebook.com/jpgplumbing,,
ypid:YN757DF408B738E86A,D&A Heating & Cooling,"4506 Emerson St Ste 7, Hyattsville, MD 20781",https://www.bing.com/th?id=OLC.unYqYuEEEOeSTw480x360&pid=Local,https://www.bing.com/maps?cp=38.949771881103516%7E-76.93952941894531&lvl=17.0&q=D%26A%20Heating%20%26%20Cooling%20%2C%204506%20Emerson%20St%20Ste%207%2C%20Hyattsville%2C%20MD%2020781,38.949771881103516,-76.93952941894531,4.5,Yelp (44),HVAC services,Open · Closes 16:00,http://www.dandahvac.com/,(240) 294-4470,,"{""facebook"":""http://www.facebook.com/pages/d-a-service-company/147919195252349""}",http://www.facebook.com/pages/d-a-service-company/147919195252349,,
ypid:YNFAD59FADE411EE41,R & R Mechanical Inc,"2902 Bladensburg Rd NE, Washington, DC 20018",,https://www.bing.com/maps?cp=38.927494049072266%7E-76.96280670166016&lvl=17.0&q=R%20%26%20R%20Mechanical%20Inc%20%2C%202902%20Bladensburg%20Rd%20NE%2C%20Washington%2C%20DC%2020018,38.927494049072266,-76.96280670166016,,,Contractor,Open · Closes 21:00,http://www.rrmechanical.com/,(202) 636-9451,"info@rrmechanical.com,service@rrmechanical.com,adawson@rrmechanical.com,kevinreedenergy@gmail.com,emcor_info@emcor.net","{""youtube"":""https://www.youtube.com/user/emcorgroup"",""facebook"":""https://www.facebook.com/emcorgroupinc"",""linkedin"":""https://www.linkedin.com/company/emcor-group-inc/"",""instagram"":""https://www.instagram.com/emcor_group_inc/""}",https://www.facebook.com/emcorgroupinc,https://www.instagram.com/emcor_group_inc/,
ypid:YN6D0B13C155F87DD4,General & Mechanical Services,"1007 Skidmore Dr, Annapolis, MD 21409",https://www.bing.com/th?id=OLC.BDm9/efWrgYI3g480x360&pid=Local,https://www.bing.com/maps?cp=39.02116012573242%7E-76.4212646484375&lvl=17.0&q=General%20%26%20Mechanical%20Services%20%2C%201007%20Skidmore%20Dr%2C%20Annapolis%2C%20MD%2021409,39.02116012573242,-76.4212646484375,5,Yelp (1),Contractor,Open 24 hours,https://gms-hvac.com/,(410) 349-4070,"service@gms-hvac.com,hr@gms-hvac.com","{""facebook"":""https://www.facebook.com/gmsannapolis/"",""twitter"":""https://twitter.com/gmsannapolis"",""linkedin"":""https://www.linkedin.com/company/general-&-mechanical-services-llc""}",https://www.facebook.com/gmsannapolis/,,https://twitter.com/gmsannapolis
ypid:YN6211AA82F51D8A50,Buric Heating and Air Conditioning,"6660 Dobbin Rd, Columbia, MD 21045",https://www.bing.com/th?id=OLC.uaJjJVzUu5e/3w480x360&pid=Local,https://www.bing.com/maps?cp=39.18775939941406%7E-76.82579040527344&lvl=17.0&q=Buric%20Heating%20and%20Air%20Conditioning%20%2C%206660%20Dobbin%20Rd%2C%20Columbia%2C%20MD%2021045,39.18775939941406,-76.82579040527344,4.5,Yelp (13),HVAC services,Open 24 hours,https://www.burichvac.com/,(410) 593-1980,support@preferredmechanic.com,"{""facebook"":""https://www.facebook.com/burichvac/"",""twitter"":""https://twitter.com/burichvac"",""youtube"":""https://www.youtube.com/channel/uc7soxzlcp1r3_ycx54zmypg""}",https://www.facebook.com/burichvac/,,https://twitter.com/burichvac
ypid:YN1F9EE4539ADF4BC9,"Fresh Air Concepts, LLC","5195 Raynor Ave, Linthicum Heights, MD 21090",https://www.bing.com/th?id=OLC.tH+bwow/T5D1VA480x360&pid=Local,https://www.bing.com/maps?cp=39.222171783447266%7E-76.6591796875&lvl=17.0&q=Fresh%20Air%20Concepts%2C%20LLC%20%2C%205195%20Raynor%20Ave%2C%20Linthicum%20Heights%2C%20MD%2021090,39.222171783447266,-76.6591796875,4.5,Yelp (5),HVAC services,Open 24 hours,https://4fac.com/,(410) 403-3176,"PARRA@4FAC.COM.BR,dispatch@4fac.com,service@4fac.com,Smith@4fac.com,billiewang@comcast.net","{""facebook"":""https://www.facebook.com/sam52593/posts/10160760388147370"",""linkedin"":""https://www.linkedin.com/company/fresh-air-concepts"",""instagram"":""https://www.instagram.com/freshairconcepts_5195"",""yelp"":""https://www.yelp.com/biz/fresh-air-concepts-linthicum-heights"",""twitter"":""https://twitter.com/mdfreshair""}",https://www.facebook.com/sam52593/posts/10160760388147370,https://www.instagram.com/freshairconcepts_5195,https://twitter.com/mdfreshair
ypid:YN754C88A82CB124F8,"Excel Mechanical Contractors, LLC","8987 Yellow Brick Rd, Rosedale, MD 21237",https://www.bing.com/th?id=OLC.qVXMyYeOcwh8iw480x360&pid=Local,https://www.bing.com/maps?cp=39.34164810180664%7E-76.47491455078125&lvl=17.0&q=Excel%20Mechanical%20Contractors%2C%20LLC%20%2C%208987%20Yellow%20Brick%20Rd%2C%20Rosedale%2C%20MD%2021237,39.34164810180664,-76.47491455078125,,,Contractor,Open 24 hours,https://www.excel-mechanical.com/,(443) 969-4875,"lbjorn@kellyhvac.com,jd@absverticon.us","{""facebook"":""https://www.facebook.com/excelmechanicalcontractors/"",""instagram"":""https://www.instagram.com/excelmechanicalcontractors/"",""linkedin"":""https://www.linkedin.com/company/excel-mechanical-contractors/""}",https://www.facebook.com/excelmechanicalcontractors/,https://www.instagram.com/excelmechanicalcontractors/,
ypid:YNDA9784CF59625BB5,AMD Mechanical Contractors,"70 Industrial Park Dr Unit #1D, Waldorf, MD 20602",https://www.bing.com/th?id=OLC.FgvOZG8pGqyp1A480x360&pid=Local,https://www.bing.com/maps?cp=38.61199951171875%7E-76.91664123535156&lvl=17.0&q=AMD%20Mechanical%20Contractors%20%2C%2070%20Industrial%20Park%20Dr%20Unit%20%231D%2C%20Waldorf%2C%20MD%2020602,38.61199951171875,-76.91664123535156,,,HVAC services,Open · Closes 17:00,http://amdmechanical.com/,(301) 283-3600,"info@amdmechanical.com,anthony@amdmechanical.com","{""facebook"":""https://www.facebook.com/amdmechanicalcontractors"",""linkedin"":""https://linkedin.com/in/anthony-dixon-89626252"",""instagram"":""https://www.instagram.com/amdmechanicalcontractors""}",https://www.facebook.com/amdmechanicalcontractors,https://www.instagram.com/amdmechanicalcontractors,
ypid:YN29FD6B28F32F5727,"ClimateCare HVAC Services, LLC.","3630 Main St, Grasonville, MD 21638",,https://www.bing.com/maps?cp=38.96451950073242%7E-76.22341918945312&lvl=17.0&q=ClimateCare%20HVAC%20Services%2C%20LLC.%20%2C%203630%20Main%20St%2C%20Grasonville%2C%20MD%2021638,38.96451950073242,-76.22341918945312,,,HVAC services,Open 24 hours,https://www.climatecareservices.com/,(410) 921-3838,,,,,
ypid:YN85C41D96E8AF4282,Velocity HVAC,"32272 Matthewstown Rd, Easton, MD 21601",https://www.bing.com/th?id=OLC.OudsRB8Rq8yQFg480x360&pid=Local,https://www.bing.com/maps?cp=38.81672286987305%7E-75.95503997802734&lvl=17.0&q=Velocity%20HVAC%20%2C%2032272%20Matthewstown%20Rd%2C%20Easton%2C%20MD%2021601,38.81672286987305,-75.95503997802734,3,Yelp (6),HVAC services,Open · Closes 16:00,http://velocityhvac.com/,(410) 490-1312,,,,,
ypid:YNFE21ACD03D6A964C,Sears Heating and Air Conditioning,"1647 Crofton Center, Crofton, MD 21114",https://www.bing.com/th?id=OLC.cOO8IWegWfnxWA480x360&pid=Local,https://www.bing.com/maps?cp=39.01638412475586%7E-76.69355010986328&lvl=17.0&q=Sears%20Heating%20and%20Air%20Conditioning%20%2C%201647%20Crofton%20Center%2C%20Crofton%2C%20MD%2021114,39.01638412475586,-76.69355010986328,,,HVAC services,Open · Closes 22:00,https://www.searshomeservices.com/repair/hvac-repair-service?SID=1034149&phone=3018416488,(301) 841-6488,"sywsolutions@syw.com,ShineTheLightCA@transformco.com,shmcdmca@transformco.com,support@searshomeservices.com,apptservices@searshomepro.com,shs@em.searshomeservices.com,commercialservice@homesite.com","{""facebook"":""https://www.facebook.com/searshomeservices"",""twitter"":""https://twitter.com/searshomeexpert"",""youtube"":""https://www.youtube.com/user/searshomeservice"",""pinterest"":""https://www.pinterest.com/searshomeexpert/""}",https://www.facebook.com/searshomeservices,,https://twitter.com/searshomeexpert
ypid:YN64CB518A61434D32,Sears Heating and Air Conditioning,"3207 Solomons Island Rd, Edgewater, MD 21037",https://www.bing.com/th?id=OLC.UG2Kgzs0O3EByQ480x360&pid=Local,https://www.bing.com/maps?cp=38.928955078125%7E-76.56532287597656&lvl=17.0&q=Sears%20Heating%20and%20Air%20Conditioning%20%2C%203207%20Solomons%20Island%20Rd%2C%20Edgewater%2C%20MD%2021037,38.928955078125,-76.56532287597656,,,HVAC services,Open · Closes 22:00,https://www.searshomeservices.com/repair/hvac-repair-service?SID=2821&phone=3013550518,(301) 355-0518,"sywsolutions@syw.com,ShineTheLightCA@transformco.com,shmcdmca@transformco.com,support@searshomeservices.com,apptservices@searshomepro.com,shs@em.searshomeservices.com,commercialservice@homesite.com","{""facebook"":""https://www.facebook.com/searshomeservices"",""twitter"":""https://twitter.com/searshomeexpert"",""youtube"":""https://www.youtube.com/user/searshomeservice"",""pinterest"":""https://www.pinterest.com/searshomeexpert/""}",https://www.facebook.com/searshomeservices,,https://twitter.com/searshomeexpert
ypid:YN5B97D16F8314ADC9,Loves Heating & Air,"679 MD-3, Gambrills, MD 21054",https://www.bing.com/th?id=OLC.KASsAd9Kex8S1A480x360&pid=Local,https://www.bing.com/maps?cp=39.0560302734375%7E-76.65542602539062&lvl=17.0&q=Loves%20Heating%20%26%20Air%20%2C%20679%20MD-3%2C%20Gambrills%2C%20MD%2021054,39.0560302734375,-76.65542602539062,,,HVAC services,Open 24 hours,https://www.lovesheatingandair.com/,(410) 544-5333,"Info@lovesheatingandair.com,msheatingair@yahoo.com,info@lovesheatingandair.com","{""facebook"":""https://www.facebook.com/lovesheatingandairinc/"",""youtube"":""https://www.youtube.com/channel/ucmc0p14idf7dtwh7vfwxoma"",""yelp"":""https://www.yelp.com/biz/loves-heating-and-air-severn-4""}",https://www.facebook.com/lovesheatingandairinc/,,
ypid:YND07A30998895825D,Palmer Heating and Cooling,"459 Penwood Dr, Edgewater, MD 21037",https://www.bing.com/th?id=OLC.zTVq8CMQNI+mjA480x360&pid=Local,https://www.bing.com/maps?cp=38.92280960083008%7E-76.5546875&lvl=17.0&q=Palmer%20Heating%20and%20Cooling%20%2C%20459%20Penwood%20Dr%2C%20Edgewater%2C%20MD%2021037,38.92280960083008,-76.5546875,4,Yelp (5),HVAC services,Open · Closes 20:00,https://www.palmerheatingandcooling.com/,(301) 440-6069,,"{""facebook"":""https://www.facebook.com/people/palmer-heating-and-cooling/100072395839825/"",""youtube"":""https://www.youtube.com/feed/history?utm_source=pp""}",https://www.facebook.com/people/palmer-heating-and-cooling/100072395839825/,,
ypid:YND29AEA4045C299E0,R&R HVAC Solutions,"1765 Perspective Pl, Owings, MD 20736-5108",https://www.bing.com/th?id=OLC.2P4JdvQJ2rXijA480x360&pid=Local,https://www.bing.com/maps?cp=38.69438934326172%7E-76.63402557373047&lvl=17.0&q=R%26R%20HVAC%20Solutions%20%2C%201765%20Perspective%20Pl%2C%20Owings%2C%20MD%2020736-5108,38.69438934326172,-76.63402557373047,,,HVAC services,Open · Closes 23:59,https://dunkirkhvac.com/,(443) 432-5250,rrhvacsolutions@gmail.com,"{""facebook"":""https://facebook.com/rrhvacsolutions"",""pinterest"":""https://www.pinterest.com/randrhvacsolutions"",""yelp"":""https://yelp.com/biz/r-and-r-hvac-solutions-dunkirk""}",https://facebook.com/rrhvacsolutions,,
ypid:YN31D27189FDC2DB8B,All-Air Systems Heating & Air Conditioning,"6539 Clagett Ave, Tracys Landing, MD 20779",https://www.bing.com/th?id=OLC.D8BcPeLQ1Vwn0A480x360&pid=Local,https://www.bing.com/maps?cp=38.7504768371582%7E-76.55471801757812&lvl=17.0&q=All-Air%20Systems%20Heating%20%26%20Air%20Conditioning%20%2C%206539%20Clagett%20Ave%2C%20Tracys%20Landing%2C%20MD%2020779,38.7504768371582,-76.55471801757812,,,HVAC services,Open 24 hours,https://all-airsystems.com/,(410) 877-6100,hvac@all-airsystems.com,"{""facebook"":""https://www.facebook.com/allairsystemshvac"",""instagram"":""https://www.instagram.com/allairsystems1/""}",https://www.facebook.com/allairsystemshvac,https://www.instagram.com/allairsystems1/,
ypid:YNB077C420B8ABAC12,"NAC Mechanical Services, LLC","15800 Gaither Dr Suite 100, Gaithersburg, MD 20877",,https://www.bing.com/maps?cp=39.11510467529297%7E-77.19075775146484&lvl=17.0&q=NAC%20Mechanical%20Services%2C%20LLC%20%2C%2015800%20Gaither%20Dr%20Suite%20100%2C%20Gaithersburg%2C%20MD%2020877,39.11510467529297,-77.19075775146484,,,Contractor,Open · Closes 16:00,http://www.nacgroup.com/,(301) 670-6300,"info@nacgroup.com,privacy@servicelogic.com,FLast@nacgroup.com","{""facebook"":""https://www.facebook.com/profile.php?id=100063649475997""}",https://www.facebook.com/profile.php?id=100063649475997,,
ypid:YNABD0DD483796D6CD,"Spartan Plumbing, Heating and Air Conditioning","1776 I St NW #900, Washington, DC 20006",https://www.bing.com/th?id=OLC.JiH6rM4BEkFYog480x360&pid=Local,https://www.bing.com/maps?cp=38.90092086791992%7E-77.04132080078125&lvl=17.0&q=Spartan%20Plumbing%2C%20Heating%20and%20Air%20Conditioning%20%2C%201776%20I%20St%20NW%20%23900%2C%20Washington%2C%20DC%2020006,38.90092086791992,-77.04132080078125,2,Yelp (95),Plumbing,Open 24 hours,https://www.spartanman.com/,(202) 559-0339,"privacy@aladin.co.kr,customerservice@spartanman.com,chad.moore@squarekenergy.com,cpendley@swinter.com","{""facebook"":""https://www.facebook.com/sean.moore.1044/posts/10231226263856020"",""linkedin"":""https://www.linkedin.com/company/spartan-sewer-raider-inc-t-a-spartan-plumbing-heating-and-air-conditioning"",""instagram"":""https://www.instagram.com/spartanplumbingheatingair/"",""yelp"":""https://www.yelp.com/biz/spartan-washington-2?start=40"",""twitter"":""https://twitter.com/thespartanman""}",https://www.facebook.com/sean.moore.1044/posts/10231226263856020,https://www.instagram.com/spartanplumbingheatingair/,https://twitter.com/thespartanman
ypid:YN26730D4F162B7103,"Michael Bonsby HVAC, Plumbing & Electrical","7940 Cessna Ave, Gaithersburg, MD 20879",https://www.bing.com/th?id=OLC.bfkMBwZaW9Y8Ug480x360&pid=Local,https://www.bing.com/maps?cp=39.17234420776367%7E-77.16273498535156&lvl=17.0&q=Michael%20Bonsby%20HVAC%2C%20Plumbing%20%26%20Electrical%20%2C%207940%20Cessna%20Ave%2C%20Gaithersburg%2C%20MD%2020879,39.17234420776367,-77.16273498535156,2.5,Yelp (78),HVAC services,Open 24 hours,https://michaelbonsbyhvac.com/service-area/emergency-hvac/gaithersburg,(240) 317-9904,laura@ex.comzephyrhome.com,"{""facebook"":""https://www.facebook.com/michaelbonsbyhvac"",""youtube"":""https://www.youtube.com/@michaelbonsbyhvacplumbing""}",https://www.facebook.com/michaelbonsbyhvac,,
ypid:YN145057D70D2FBA4A,Tuckers AC & Heating LLC,"12 Meem Ave, Gaithersburg, MD 20877",,https://www.bing.com/maps?cp=39.14150619506836%7E-77.20283508300781&lvl=17.0&q=Tuckers%20AC%20%26%20Heating%20LLC%20%2C%2012%20Meem%20Ave%2C%20Gaithersburg%2C%20MD%2020877,39.14150619506836,-77.20283508300781,,,HVAC services,Open 24 hours,https://www.tuckers-services.com/contact.html,(833) 522-2859,,"{""instagram"":""https://www.bing.com/images/search?view=detailv2&ccid=m459fjz4&id=9c8f0a61e2ec670b3f4995fa5ab55dd6a796819f&thid=oip.m459fjz4hxfkk4llalgs7ahaha&mediaurl=https://lookaside.instagram.com/seo/google_widget/crawler/?media_id=3643315309462280334&q=tuckers+ac+&ck=c4cd7c9db44c3c9daee98e67d001d799&idpp=rc&idpview=singleimage&expw=1080&exph=1080&form=rc2idp""}",,https://www.bing.com/images/search?view=detailv2&ccid=m459fjz4&id=9c8f0a61e2ec670b3f4995fa5ab55dd6a796819f&thid=oip.m459fjz4hxfkk4llalgs7ahaha&mediaurl=https://lookaside.instagram.com/seo/google_widget/crawler/?media_id=3643315309462280334&q=tuckers+ac+&ck=c4cd7c9db44c3c9daee98e67d001d799&idpp=rc&idpview=singleimage&expw=1080&exph=1080&form=rc2idp,
ypid:YNA4DC36129523CB4F,"Horizon Services - Air Conditioning, Heating, Plumbing, & Electrical","2607 Rolling Rd #201, Windsor Mill, MD 21244",https://www.bing.com/th?id=OLC.8eJGDQJ3M8PCsQ480x360&pid=Local,https://www.bing.com/maps?cp=39.32829666137695%7E-76.75701141357422&lvl=17.0&q=Horizon%20Services%20-%20Air%20Conditioning%2C%20Heating%2C%20Plumbing%2C%20%26%20Electrical%20%2C%202607%20Rolling%20Rd%20%23201%2C%20Windsor%20Mill%2C%20MD%2021244,39.32829666137695,-76.75701141357422,2,Yelp (132),HVAC services,Open 24 hours,https://www.horizonservices.com/,(410) 883-7133,"jdoe@horizonservices.com,support@readygoservice.com,janedoe@horizonservices.com,hello@readygoservice.com,webmaster@horizonservices.com","{""facebook"":""https://www.facebook.com/horizonservices/"",""twitter"":""https://twitter.com/horizonservices"",""instagram"":""https://www.instagram.com/horizonservices/"",""youtube"":""https://www.youtube.com/user/horizsvcs"",""linkedin"":""https://www.linkedin.com/company/horizonservices""}",https://www.facebook.com/horizonservices/,https://www.instagram.com/horizonservices/,https://twitter.com/horizonservices
ypid:YN19EF9C766AB10CD1,Kruchten's Heating & Air Conditioning,"15140 Inglewood Dr, Brainerd, MN",https://www.bing.com/th?id=OLC.ul9/iIYKCnKCMg480x360&pid=Local,https://www.bing.com/maps?cp=46.37173080444336%7E-94.26432037353516&lvl=17.0&q=Kruchten's%20Heating%20%26%20Air%20Conditioning%20%2C%2015140%20Inglewood%20Dr%2C%20Brainerd%2C%20MN,46.37173080444336,-94.26432037353516,,,Home service,Open 24 hours,http://www.kruchtenheatingandairconditioning.com/,(218) 828-4991,,"{""facebook"":""https://www.facebook.com/kruchtenheating/""}",https://www.facebook.com/kruchtenheating/,,
ypid:YN54FE994518B020F0,SCR Northern Division,"7674 College Rd Suite 115, Baxter, MN 56425",https://www.bing.com/th?id=OLC.iDryJmkTRiidSA480x360&pid=Local,https://www.bing.com/maps?cp=46.34490203857422%7E-94.24101257324219&lvl=17.0&q=SCR%20Northern%20Division%20%2C%207674%20College%20Rd%20Suite%20115%2C%20Baxter%2C%20MN%2056425,46.34490203857422,-94.24101257324219,1,Yelp (9),HVAC services,Open 24 hours,https://www.scr-northern.com/,(800) 273-9071,northernrequest@scr-mn.com,"{""facebook"":""https://www.facebook.com/scrnortherndivision""}",https://www.facebook.com/scrnortherndivision,,
ypid:YN8E20FE9A7D6BDAA0,"Patriot Plumbing, Heating, & AC","6899 Forthun Rd, Baxter, MN 56425",https://www.bing.com/th?id=OLC.LGqHo1JQf/F4jQ480x360&pid=Local,https://www.bing.com/maps?cp=46.34923553466797%7E-94.25553131103516&lvl=17.0&q=Patriot%20Plumbing%2C%20Heating%2C%20%26%20AC%20%2C%206899%20Forthun%20Rd%2C%20Baxter%2C%20MN%2056425,46.34923553466797,-94.25553131103516,,,Plumbing,Open · Closes 17:00,https://patriotplumbingandhvac.com/,(218) 454-1683,,"{""facebook"":""https://www.facebook.com/patriot-plumbing-heating-cooling-101471535684542""}",https://www.facebook.com/patriot-plumbing-heating-cooling-101471535684542,,
ypid:YN870FCA6AFF38E3DD,Standard Heating & Air Conditioning,"130 Plymouth Ave N, Minneapolis, MN 55411",https://www.bing.com/th?id=OLC.vhUM0QQfA7P1+w480x360&pid=Local,https://www.bing.com/maps?cp=44.99253463745117%7E-93.27942657470703&lvl=17.0&q=Standard%20Heating%20%26%20Air%20Conditioning%20%2C%20130%20Plymouth%20Ave%20N%2C%20Minneapolis%2C%20MN%2055411,44.99253463745117,-93.27942657470703,4.5,Yelp (350),HVAC services,Open · Closes 19:00,https://www.standardheating.com/,(612) 824-2656,"info@standardheating.com,ckallstrom@resheatandair.com,todd.ferrara@standardheating.com,todd@standardheating.com","{""facebook"":""https://www.facebook.com/scorpion.co/"",""twitter"":""https://x.com/scorpiondotco"",""youtube"":""https://www.youtube.com/@scorpiondesign"",""instagram"":""https://www.instagram.com/scorpion.co"",""linkedin"":""https://www.linkedin.com/company/scorpion""}",https://www.facebook.com/scorpion.co/,https://www.instagram.com/scorpion.co,https://x.com/scorpiondotco
ypid:YNE77ED232780548E2,Kraemer Heating & A/C,"300 Industrial Dr, Freeport, MN 56331",https://www.bing.com/th?id=OLC./eVWULqtY2wOWw480x360&pid=Local,https://www.bing.com/maps?cp=45.660400390625%7E-94.6946029663086&lvl=17.0&q=Kraemer%20Heating%20%26%20A%2FC%20%2C%20300%20Industrial%20Dr%2C%20Freeport%2C%20MN%2056331,45.660400390625,-94.6946029663086,1,Yelp (2),HVAC services,Open 24 hours,https://www.kraemerheating.com/,(320) 597-7272,,,,,
ypid:YN454795B27EC547,Excel Plumbing Inc.,"225 Kramer Ave, Junction City, WI 54443",https://www.bing.com/th?id=OLC.20w53cTAuiQUnA480x360&pid=Local,https://www.bing.com/maps?cp=44.593807220458984%7E-89.77365112304688&lvl=17.0&q=Excel%20Plumbing%20Inc.%20%2C%20225%20Kramer%20Ave%2C%20Junction%20City%2C%20WI%2054443,44.593807220458984,-89.77365112304688,3.5,Yelp (6),Plumbing,Closed · Opens tomorrow 07:00,http://www.excelplumbinginccentralwi.com/,(715) 343-5882,Shelly@excelplumbinginc.net,"{""facebook"":""https://www.facebook.com/profile.php?id=100085709588599""}",https://www.facebook.com/profile.php?id=100085709588599,,
ypid:YNCCB843075FB27C8E,Guelzow Heating & Air Conditioning,"2030 7th St S, Wisconsin Rapids, WI 54494",https://www.bing.com/th?id=OLC.GdxdnjWGasM9JA480x360&pid=Local,https://www.bing.com/maps?cp=44.3758544921875%7E-89.8188705444336&lvl=17.0&q=Guelzow%20Heating%20%26%20Air%20Conditioning%20%2C%202030%207th%20St%20S%2C%20Wisconsin%20Rapids%2C%20WI%2054494,44.3758544921875,-89.8188705444336,3.5,Yelp (11),HVAC services,Open 24 hours,https://guelzowheating.com/,(715) 423-1086,,,,,
ypid:YN4B008A5DEC04AF8A,"Chet’s Plumbing & Heating, Inc.","3001 Hoover Rd, Stevens Point, WI 54481",https://www.bing.com/th?id=OLC.syP95Sq6Ygy7cA480x360&pid=Local,https://www.bing.com/maps?cp=44.506587982177734%7E-89.52784729003906&lvl=17.0&q=Chet%E2%80%99s%20Plumbing%20%26%20Heating%2C%20Inc.%20%2C%203001%20Hoover%20Rd%2C%20Stevens%20Point%2C%20WI%2054481,44.506587982177734,-89.52784729003906,2,Yelp (16),Home service,Closed · Opens tomorrow 07:00,http://www.chets.net/,(715) 341-9530,"chets@chets.net,jane@chets.net,rich@chets.net","{""facebook"":""https://www.facebook.com/pages/chets-plumbing-and-heating-inc/612843558807798""}",https://www.facebook.com/pages/chets-plumbing-and-heating-inc/612843558807798,,
ypid:YN58A5108BBDB912EF,Allient Heating and Air Conditioning LLC,"831 Wood Ave, Wisconsin Rapids, WI 54494",https://www.bing.com/th?id=OLC.m79uE6GjxBd7YA480x360&pid=Local,https://www.bing.com/maps?cp=44.37705993652344%7E-89.81539154052734&lvl=17.0&q=Allient%20Heating%20and%20Air%20Conditioning%20LLC%20%2C%20831%20Wood%20Ave%2C%20Wisconsin%20Rapids%2C%20WI%2054494,44.37705993652344,-89.81539154052734,,,HVAC services,Closed · Opens tomorrow 08:00,http://www.allientheating.com/,(715) 315-9629,allientheating@gmail.com,"{""facebook"":""https://www.facebook.com/allient-heating-and-air-conditioning-101488011592699""}",https://www.facebook.com/allient-heating-and-air-conditioning-101488011592699,,
ypid:YNE35638D2C42CD20A,Tri-City Services,"321 4th Ave N, Wisconsin Rapids, WI 54495",https://www.bing.com/th?id=OLC.zoQB4obTyUB+Gw480x360&pid=Local,https://www.bing.com/maps?cp=44.39714050292969%7E-89.82813262939453&lvl=17.0&q=Tri-City%20Services%20%2C%20321%204th%20Ave%20N%2C%20Wisconsin%20Rapids%2C%20WI%2054495,44.39714050292969,-89.82813262939453,,,HVAC services,Closed · Opens tomorrow 07:30,https://www.tricityrefrigeration.com/,(715) 423-5840,sajco@emirates.net.ae,"{""facebook"":""https://www.facebook.com/tricityrefrigerationheatingandcooling/""}",https://www.facebook.com/tricityrefrigerationheatingandcooling/,,
ypid:YN58AB0E01EF0E52E9,"Third Coast HVAC, AC & Furnace Repair","120 Bishops Way, Brookfield, WI 53005",https://www.bing.com/th?id=OLC.LTSTFV2TyT9Q9g480x360&pid=Local,https://www.bing.com/maps?cp=43.02888870239258%7E-88.07846069335938&lvl=17.0&q=Third%20Coast%20HVAC%2C%20AC%20%26%20Furnace%20Repair%20%2C%20120%20Bishops%20Way%2C%20Brookfield%2C%20WI%2053005,43.02888870239258,-88.07846069335938,5,Angi (8),HVAC services,Open 24 hours,https://thirdcoast-hvac.com/,(262) 264-8626,"info@thirdcoast-hvac.com,Info@thirdcoast-hvac.com","{""tiktok"":""https://www.tiktok.com/@thirdcoasthvac"",""linkedin"":""https://www.linkedin.com/company/third-coast-heating-cooling/""}",,,
ypid:YN14148A9D86BD5745,Landry Mechanical Inc Plumbing HVAC & Electric,"22 Howe Ave, Millbury, MA 01527",https://www.bing.com/th?id=OLC.ODnCoDre3WK1NQ480x360&pid=Local,https://www.bing.com/maps?cp=42.195274353027344%7E-71.75814056396484&lvl=17.0&q=Landry%20Mechanical%20Inc%20Plumbing%20HVAC%20%26%20Electric%20%2C%2022%20Howe%20Ave%2C%20Millbury%2C%20MA%2001527,42.195274353027344,-71.75814056396484,4,Yelp (94),Home service,Open 24 hours,https://www.landrymechanical.com/?se_campaign=Organic+-+GBP+Millbury+%28FM%29,(508) 691-9592,"John.S@landrymechanical.com,John@landrymechanical.com,JSmith@landrymechanical.com,bkmin@yonsei.ac.kr,lapointe.hvac@gmail.com,landrymechanicalian@gmail.com,landrymechanicalsammy@gmail.com,steve.c@landrymechanical.com,landrymechanicalpaul@gmail.com,landrymechanicaltylert@gmail.com,landrymechanicalcolin@gmail.com,LMIRosaliePowers@gmail.com,LMIMikehoughton@gmail.com","{""facebook"":""https://www.facebook.com/landryhvac/reviews/?ref=page_internal"",""instagram"":""https://www.instagram.com/landrymechanical/"",""twitter"":""http://twitter.com/home?status=upgrade time: when to replace your old ac%3a%20https://www.landrymechanical.com/blog/air-conditioning/upgrade-time-when-to-replace-your-old-ac/"",""youtube"":""https://www.youtube.com/@landrymechanicalinc"",""tiktok"":""https://www.tiktok.com/@landrymechanicalinc""}",https://www.facebook.com/landryhvac/reviews/?ref=page_internal,https://www.instagram.com/landrymechanical/,http://twitter.com/home?status=upgrade time: when to replace your old ac%3a%20https://www.landrymechanical.com/blog/air-conditioning/upgrade-time-when-to-replace-your-old-ac/
ypid:YNE7082A297C520CB,Rodenhiser Home Services,"325 Hopping Brook Rd, Holliston, MA 01746",https://www.bing.com/th?id=OLC.BcoS5T3nHTzb+Q480x360&pid=Local,https://www.bing.com/maps?cp=42.16299057006836%7E-71.46603393554688&lvl=17.0&q=Rodenhiser%20Home%20Services%20%2C%20325%20Hopping%20Brook%20Rd%2C%20Holliston%2C%20MA%2001746,42.16299057006836,-71.46603393554688,4.5,Angi (458),HVAC services,Closed · Opens 07:00,https://www.rodenhiser.com/,(800) 462-9710,"promotions@rodenhiser.com,softwaresupport@rodenhiser.com","{""instagram"":""https://www.instagram.com/rodenhiserhomeservices"",""facebook"":""https://www.facebook.com/127906713921759/"",""youtube"":""https://www.youtube.com/@rodenhiserhvac"",""yelp"":""https://www.yelp.com/biz/rodenhiser-plumbing-heating-a-c-and-electric-holliston-2"",""twitter"":""https://twitter.com/rodenhiser"",""linkedin"":""https://linkedin.com/company/rodenhiser-plumbing-heating-&-air-conditioning""}",https://www.facebook.com/127906713921759/,https://www.instagram.com/rodenhiserhomeservices,https://twitter.com/rodenhiser
ypid:YN62299B43B6B3CE6E,Massachusetts Pro HVAC LLC,"58 Olympia Ave, Shrewsbury, MA",https://www.bing.com/th?id=OLC.JeLa7dKKFAwpOA480x360&pid=Local,https://www.bing.com/maps?cp=42.27773666381836%7E-71.74710845947266&lvl=17.0&q=Massachusetts%20Pro%20HVAC%20LLC%20%2C%2058%20Olympia%20Ave%2C%20Shrewsbury%2C%20MA,42.27773666381836,-71.74710845947266,,,HVAC services,Closed · Opens 07:00,https://massprohvac.com/,(781) 980-8061,,,,,
ypid:YN72232A305AE2B01B,"Nicholson Plumbing, Electrical, Heating, and Air Conditioning","71 Whitney St, Holliston, MA 01746",https://www.bing.com/th?id=OLC.fGqHfa3omWhLTg480x360&pid=Local,https://www.bing.com/maps?cp=42.21561813354492%7E-71.40840911865234&lvl=17.0&q=Nicholson%20Plumbing%2C%20Electrical%2C%20Heating%2C%20and%20Air%20Conditioning%20%2C%2071%20Whitney%20St%2C%20Holliston%2C%20MA%2001746,42.21561813354492,-71.40840911865234,2.5,Yelp (140),HVAC services,Open 24 hours,https://nicholson-hvac.com/,(508) 501-8014,"info@nicholson-hvac.com,support@readygoservice.com","{""facebook"":""https://www.facebook.com/nicholsonhvac/about/"",""instagram"":""https://instagram.com/nicholsonplumbinghvac/"",""yelp"":""https://www.yelp.com/biz/nicholson-plumbing-electrical-heating-and-air-conditioning-holliston?start=20"",""twitter"":""https://www.twitter.com/nicholsonhvac""}",https://www.facebook.com/nicholsonhvac/about/,https://instagram.com/nicholsonplumbinghvac/,https://www.twitter.com/nicholsonhvac
ypid:YNDD1AB75CD78D930D,Gervais Mechanical Services LLC,"200 Southbridge St, Auburn, MA 01501",https://www.bing.com/th?id=OLC.KZmvrFp/nOEXeg480x360&pid=Local,https://www.bing.com/maps?cp=42.21676254272461%7E-71.82792663574219&lvl=17.0&q=Gervais%20Mechanical%20Services%20LLC%20%2C%20200%20Southbridge%20St%2C%20Auburn%2C%20MA%2001501,42.21676254272461,-71.82792663574219,2.5,Yelp (74),HVAC services,Open 24 hours,https://www.gervaismechanical.com/,(800) 488-7772,"info@GervaisMechanical.com,support@readygoservice.com,sales.asia@pptgroup.com","{""facebook"":""https://www.facebook.com/105742200809015/"",""youtube"":""https://www.youtube.com/feed/history?utm_source=pp"",""yelp"":""https://www.yelp.com/biz/gervais-mechanical-services-auburn-2?start=20""}",https://www.facebook.com/105742200809015/,,
ypid:YNAA9C99A681336EC,"DeWolfe Plumbing, Heating & Cooling","211 Shrewsbury St, West Boylston, MA 01583",https://www.bing.com/th?id=OLC.l4lh66Aol/ui4A480x360&pid=Local,https://www.bing.com/maps?cp=42.332950592041016%7E-71.771240234375&lvl=17.0&q=DeWolfe%20Plumbing%2C%20Heating%20%26%20Cooling%20%2C%20211%20Shrewsbury%20St%2C%20West%20Boylston%2C%20MA%2001583,42.332950592041016,-71.771240234375,3,Yelp (21),Plumbing,Open 24 hours,https://www.dewolfecontracting.com/,(508) 433-0403,"sales@trustdewolfe.com,jim@plukas.com,deusdete1027@gmail.com,amy@list26.com","{""facebook"":""https://www.facebook.com/dewolfecontracting/"",""linkedin"":""https://www.linkedin.com/company/dewolfecontractinginc""}",https://www.facebook.com/dewolfecontracting/,,
ypid:YNF22D9929771BC499,Advanced Energy Concepts,"151 Southbridge St, Auburn, MA 01501",https://www.bing.com/th?id=OLC.aiU2oU2HaBB6tg480x360&pid=Local,https://www.bing.com/maps?cp=42.219764709472656%7E-71.82477569580078&lvl=17.0&q=Advanced%20Energy%20Concepts%20%2C%20151%20Southbridge%20St%2C%20Auburn%2C%20MA%2001501,42.219764709472656,-71.82477569580078,2.5,Yelp (30),HVAC services,Open 24 hours,https://www.advancedenergyconcepts.com/,(508) 791-1115,,"{""facebook"":""https://facebook.com/energystar"",""linkedin"":""https://www.linkedin.com/in/sean-bushe-41b5b76"",""twitter"":""https://x.com/energystar"",""youtube"":""https://www.youtube.com/epaenergystar""}",https://facebook.com/energystar,,https://x.com/energystar
ypid:YNAEF83E78200822A4,HVAC Experts,"14 Batavia St, Worcester, MA 01604",https://www.bing.com/th?id=OLC.iqxJbrmFCUdfTg480x360&pid=Local,https://www.bing.com/maps?cp=42.24727249145508%7E-71.77806091308594&lvl=17.0&q=HVAC%20Experts%20%2C%2014%20Batavia%20St%2C%20Worcester%2C%20MA%2001604,42.24727249145508,-71.77806091308594,,,Contractor,,https://hvac-experts.com/directory/,,info@hvac-experts.com,"{""facebook"":""https://www.facebook.com/hvacexpertsinc""}",https://www.facebook.com/hvacexpertsinc,,
ypid:YNE192727671BF97E3,Araya HVAC Services LLC,"Douglas, MA 01516",https://www.bing.com/th?id=OLC.lAK/j5iJeEgAGg480x360&pid=Local,https://www.bing.com/maps?cp=42.03691864013672%7E-71.68355560302734&lvl=17.0&q=Araya%20HVAC%20Services%20LLC%20%2C%20Douglas%2C%20MA%2001516,42.03691864013672,-71.68355560302734,,,HVAC services,Open 24 hours,http://arayahvac.com/,(978) 296-5208,service@arayahvac.com,"{""linkedin"":""https://www.linkedin.com/company/araya-hvac-services-llc/""}",,,
ypid:YNBA366545C913A3A5,Garabedian Plumbing & Heating Inc.,"208 Austin St, Worcester, MA 01609",https://www.bing.com/th?id=OLC.g6udumg3HnRVFQ480x360&pid=Local,https://www.bing.com/maps?cp=42.26219177246094%7E-71.81881713867188&lvl=17.0&q=Garabedian%20Plumbing%20%26%20Heating%20Inc.%20%2C%20208%20Austin%20St%2C%20Worcester%2C%20MA%2001609,42.26219177246094,-71.81881713867188,3.5,Yelp (46),Plumbing,Closed · Opens 08:00,http://www.garabedianplumbing.com/,(508) 757-4803,"office@garabedianplumbing.com,paonepeter02@gmail.com,peterpaonehvac@yahoo.com,INFO@GARABEDIANPLUMBING.COM","{""yelp"":""https://www.yelp.com/biz/garabedian-plumbing-and-heating-inc-worcester?adjust_creative=microsoft&utm_campaign=yelp_feed&utm_medium=feed_v2&utm_source=microsoft""}",,,
ypid:YNDC5268AD8A9D5613,NV Heating and Air Conditioning,"661 S Main St, Webster, MA 01570",https://www.bing.com/th?id=OLC.GriSflmK0kS1Ew480x360&pid=Local,https://www.bing.com/maps?cp=42.05428695678711%7E-71.88028717041016&lvl=17.0&q=NV%20Heating%20and%20Air%20Conditioning%20%2C%20661%20S%20Main%20St%2C%20Webster%2C%20MA%2001570,42.05428695678711,-71.88028717041016,3,Yelp (7),HVAC services,Closed · Opens 08:00,http://www.nvheatandcool.com/,(508) 344-0866,,"{""facebook"":""https://www.facebook.com/nvheatcool"",""yelp"":""https://www.yelp.com/biz/nv-heating-and-air-conditioning-webster""}",https://www.facebook.com/nvheatcool,,
ypid:YNFB5487E169F2B9D1,"Northshore HVAC/R Services, Inc.","260 Nashua Rd, North Billerica, MA 01862",https://www.bing.com/th?id=OLC.0yy+3o8mmnmqIg480x360&pid=Local,https://www.bing.com/maps?cp=42.536216735839844%7E-71.30110931396484&lvl=17.0&q=Northshore%20HVAC%2FR%20Services%2C%20Inc.%20%2C%20260%20Nashua%20Rd%2C%20North%20Billerica%2C%20MA%2001862,42.536216735839844,-71.30110931396484,,,HVAC services,Closed · Opens 07:00,http://www.northshorehvacr.com/,(857) 207-5522,service@northshorehvacr.com,,,,
ypid:YN434506659E7DB3B8,Atlantic Heating & Air Conditioning,"116 Cypress St, Brookline, MA 02445",https://www.bing.com/th?id=OLC.nh8umKlU1OPoNA480x360&pid=Local,https://www.bing.com/maps?cp=42.33078384399414%7E-71.12579345703125&lvl=17.0&q=Atlantic%20Heating%20%26%20Air%20Conditioning%20%2C%20116%20Cypress%20St%2C%20Brookline%2C%20MA%2002445,42.33078384399414,-71.12579345703125,3.5,Yelp (51),HVAC services,Open 24 hours,https://www.atlantic-heat.com/,(508) 709-1335,Nverchio@gmail.com,"{""facebook"":""https://www.facebook.com/midatlanticheatingandcooling/videos/marine-ac-calibrated-and-recharged-marineac-dometic-boatlife/540917431017623/"",""twitter"":""https://twitter.com/atlanticheatair"",""youtube"":""https://www.youtube.com/channel/ucx8pydqrbhpsbghlrjnkjqg""}",https://www.facebook.com/midatlanticheatingandcooling/videos/marine-ac-calibrated-and-recharged-marineac-dometic-boatlife/540917431017623/,,https://twitter.com/atlanticheatair
ypid:YN3D5E5EF82B68BAD9,Air Service AC & Heating Contractors,Louisiana,,https://www.bing.com/maps?cp=30.9373779296875%7E-91.40088653564453&lvl=17.0&q=Air%20Service%20AC%20%26%20Heating%20Contractors%20%2C%20Louisiana,30.9373779296875,-91.40088653564453,,,HVAC services,Open 24 hours,http://www.airserviceacandheating.com/,(985) 674-0537,vendas@airservice.com.br,,,,
ypid:YN14F4DC48852B1950,"Ragin' Air, LLC","Lafayette, LA",https://www.bing.com/th?id=OLC.uAzQ5mRMPmuimQ480x360&pid=Local,https://www.bing.com/maps?cp=30.232576370239258%7E-92.0193099975586&lvl=17.0&q=Ragin'%20Air%2C%20LLC%20%2C%20Lafayette%2C%20LA,30.232576370239258,-92.0193099975586,,,HVAC services,Closed · Opens tomorrow 07:00,http://www.raginair.com/,(337) 315-2501,,,,,
ypid:YNFD5EE2CAA3E03260,Southern Air & Plumbing,"1974 Monroe Hwy, Pineville, LA 71360",https://www.bing.com/th?id=OLC.qvzsW1UDB7lmNg480x360&pid=Local,https://www.bing.com/maps?cp=31.342529296875%7E-92.43146514892578&lvl=17.0&q=Southern%20Air%20%26%20Plumbing%20%2C%201974%20Monroe%20Hwy%2C%20Pineville%2C%20LA%2071360,31.342529296875,-92.43146514892578,,,HVAC services,Open 24 hours,https://www.southernairnow.com/locations/pineville/?utm_source=bing-places&utm_medium=organic&utm_campaign=%2A185%2Asouthern-air-pineville,(318) 217-2405,"sw02020@seowon.com,service@southernairnow.com,service@axsomair.com","{""facebook"":""https://www.facebook.com/southernairheatingcoolingandplumbing"",""youtube"":""https://www.youtube.com/channel/uca4jkalt7lyftezqf6rr5sw""}",https://www.facebook.com/southernairheatingcoolingandplumbing,,
ypid:YN8D6B71916CCED58B,"Proctor's Heating & Air Conditioning Service, LLC.","10457 Fernbrook Ave, Baton Rouge, LA 70809",https://www.bing.com/th?id=OLC.oLQ+y/Wnc8v7Lg480x360&pid=Local,https://www.bing.com/maps?cp=30.393503189086914%7E-91.0650405883789&lvl=17.0&q=Proctor's%20Heating%20%26%20Air%20Conditioning%20Service%2C%20LLC.%20%2C%2010457%20Fernbrook%20Ave%2C%20Baton%20Rouge%2C%20LA%2070809,30.393503189086914,-91.0650405883789,4,Yelp (10),HVAC services,Open 24 hours,https://proctorsheatingandair.com/,(225) 292-0792,,"{""facebook"":""https://www.facebook.com/proctorsheatingandair225/""}",https://www.facebook.com/proctorsheatingandair225/,,
ypid:YN81A38D6498CDBE86,"Sharkey Mechanical Services, LLC","781 LA-10, Greensburg, LA 70441",https://www.bing.com/th?id=OLC.E3+6hLiw/tEAjg480x360&pid=Local,https://www.bing.com/maps?cp=30.82474708557129%7E-90.57975006103516&lvl=17.0&q=Sharkey%20Mechanical%20Services%2C%20LLC%20%2C%20781%20LA-10%2C%20Greensburg%2C%20LA%2070441,30.82474708557129,-90.57975006103516,,,HVAC services,Closed · Opens tomorrow 07:30,https://sharkeyms.net/,(225) 222-3332,sharkey@sharkeyms.net,,,,
ypid:YNCEDA3A931366294D,Oklahoma Air conditioning,"9535 N Robinson Ave, Oklahoma City, OK 73114",https://www.bing.com/th?id=OLC.Qo1Eo0fQnHUIuA480x360&pid=Local,https://www.bing.com/maps?cp=35.56735610961914%7E-97.51612091064453&lvl=17.0&q=Oklahoma%20Air%20conditioning%20%2C%209535%20N%20Robinson%20Ave%2C%20Oklahoma%20City%2C%20OK%2073114,35.56735610961914,-97.51612091064453,3,Yelp (9),Home service,Closed · Opens tomorrow 08:00,http://www.oklahomaair.net/,(405) 848-8688,oklaair@gmail.com,"{""facebook"":""https://www.facebook.com/oklahomaair/"",""twitter"":""https://twitter.com/oklahomaair"",""instagram"":""https://www.instagram.com/oklahomaair/""}",https://www.facebook.com/oklahomaair/,https://www.instagram.com/oklahomaair/,https://twitter.com/oklahomaair
ypid:YNB4EFB6D7BBE6A548,"A&T Mechanical Heat&Air Services, Inc.","14900 Santa Fe Crossings Dr, Edmond, OK 73013",https://www.bing.com/th?id=OLC.IomzZuUlH4mFgg480x360&pid=Local,https://www.bing.com/maps?cp=35.62179183959961%7E-97.51084899902344&lvl=17.0&q=A%26T%20Mechanical%20Heat%26Air%20Services%2C%20Inc.%20%2C%2014900%20Santa%20Fe%20Crossings%20Dr%2C%20Edmond%2C%20OK%2073013,35.62179183959961,-97.51084899902344,5,Yelp (11),HVAC services,Closed · Opens tomorrow 08:00,https://www.okatmechanical.com/,(405) 810-8891,"okatmechanical@gmail.com,Smith@okatmechanical.com,jane@inmetabetim.com.br,git@github.com","{""tiktok"":""https://www.tiktok.com/@atmechanicalokc?refer=creator_embed"",""facebook"":""https://www.facebook.com/okatmechanical"",""instagram"":""https://www.instagram.com/okatmechanical/""}",https://www.facebook.com/okatmechanical,https://www.instagram.com/okatmechanical/,
ypid:YN739304982C239EC7,"Oklahoma Heat, Air, and Refrigeration","138 NE 46th St, Oklahoma City, OK 73105",,https://www.bing.com/maps?cp=35.518428802490234%7E-97.50816345214844&lvl=17.0&q=Oklahoma%20Heat%2C%20Air%2C%20and%20Refrigeration%20%2C%20138%20NE%2046th%20St%2C%20Oklahoma%20City%2C%20OK%2073105,35.518428802490234,-97.50816345214844,5,Angi (11),HVAC services,Closed · Opens tomorrow 08:00,https://ok-hvac.com/,(405) 296-6069,"Jerrica@ok-hvac.com,service@ok-hvac.com,sales@ok-hvac.com",,,,
ypid:YNBFCA7F6B3B0A5AC8,Airco Service,"14801 Santa Fe Crossings Dr, Edmond, OK 73013",https://www.bing.com/th?id=OLC.p9KWYFnrCmP6sQ480x360&pid=Local,https://www.bing.com/maps?cp=35.62098693847656%7E-97.511962890625&lvl=17.0&q=Airco%20Service%20%2C%2014801%20Santa%20Fe%20Crossings%20Dr%2C%20Edmond%2C%20OK%2073013,35.62098693847656,-97.511962890625,2,Yelp (62),HVAC services,Open 24 hours,https://www.aircoservice.com/oklahoma-city/,(405) 396-6447,"info@cdautoservice.be,info@aircoservice.com,jdoe@aircoservice.com,jane@aircoservice.com,Adecco.Korea@adecco.com,privacy@hometownservices.com,Smith@aircoservice.com,charlesalanglenn@gmail.com,cglenn@aircoservice.com,jxxxk@aircoservice.com,xx@aircoservice.com,JohDoe@aircoservice.com,athomas@aircoservice.com,FLast@aircoservice.com","{""facebook"":""https://www.facebook.com/aircoservicelittlerock/"",""instagram"":""https://www.instagram.com/aircoservice/"",""youtube"":""https://www.youtube.com/channel/ucilbvrhwjnbcpsucfpz5itg/videos"",""twitter"":""https://twitter.com/aircoservice/""}",https://www.facebook.com/aircoservicelittlerock/,https://www.instagram.com/aircoservice/,https://twitter.com/aircoservice/
ypid:YN310BDD41B89736D6,Drabek & Hill Air Conditioning & Heating Inc.,"3737 NW 36th St, Oklahoma City, OK 73112",https://www.bing.com/th?id=OLC.n6Nf4c+TvrPCrQ480x360&pid=Local,https://www.bing.com/maps?cp=35.508296966552734%7E-97.58511352539062&lvl=17.0&q=Drabek%20%26%20Hill%20Air%20Conditioning%20%26%20Heating%20Inc.%20%2C%203737%20NW%2036th%20St%2C%20Oklahoma%20City%2C%20OK%2073112,35.508296966552734,-97.58511352539062,3.5,Yelp (24),HVAC services,Open 24 hours,http://www.drabekandhill.com/,(405) 949-5566,service@drabekandhill.com,"{""facebook"":""https://www.facebook.com/drabekandhill/"",""instagram"":""https://www.instagram.com/ddanielddrabek/""}",https://www.facebook.com/drabekandhill/,https://www.instagram.com/ddanielddrabek/,
ypid:YN2C2B1D56497AA440,Integrated Heat and Air,"520 Hundred Oaks Dr, Edmond, OK 73013",https://www.bing.com/th?id=OLC.JtyAzHbeB/sAZw480x360&pid=Local,https://www.bing.com/maps?cp=35.633148193359375%7E-97.49186706542969&lvl=17.0&q=Integrated%20Heat%20and%20Air%20%2C%20520%20Hundred%20Oaks%20Dr%2C%20Edmond%2C%20OK%2073013,35.633148193359375,-97.49186706542969,4.5,Yelp (6),HVAC services,Open 24 hours,https://integratedok.com/,(405) 724-4822,,"{""facebook"":""https://www.facebook.com/integratedok"",""youtube"":""https://www.youtube.com/channel/ucww65tpnygfitj52c6gkm8g"",""instagram"":""https://www.instagram.com/integratedok/""}",https://www.facebook.com/integratedok,https://www.instagram.com/integratedok/,
ypid:YNEE28BB2F5B8E88DE,"Summit Mechanical, LLC","7312 NW 164th St Ste 104, Edmond, OK 73013",https://www.bing.com/th?id=OLC.WgUenxusyEOA7A480x360&pid=Local,https://www.bing.com/maps?cp=35.638275146484375%7E-97.6426773071289&lvl=17.0&q=Summit%20Mechanical%2C%20LLC%20%2C%207312%20NW%20164th%20St%20Ste%20104%2C%20Edmond%2C%20OK%2073013,35.638275146484375,-97.6426773071289,,,HVAC services,Closed · Opens tomorrow 08:00,http://www.summitmechanicalokc.com/,(405) 888-7840,,"{""facebook"":""https://www.facebook.com/summitmechanicalokc"",""instagram"":""https://www.instagram.com/summit.mechanical.okc/""}",https://www.facebook.com/summitmechanicalokc,https://www.instagram.com/summit.mechanical.okc/,
ypid:YN54479FA321B959C2,Above + Beyond Service Company,"13616 Railway Dr #2281, Oklahoma City, OK 73114",https://www.bing.com/th?id=OLC.9neV2SSMejzGYg480x360&pid=Local,https://www.bing.com/maps?cp=35.60828399658203%7E-97.50233459472656&lvl=17.0&q=Above%20%2B%20Beyond%20Service%20Company%20%2C%2013616%20Railway%20Dr%20%232281%2C%20Oklahoma%20City%2C%20OK%2073114,35.60828399658203,-97.50233459472656,2.5,Yelp (6),HVAC services,Open 24 hours,https://www.pinkvantechs.com/,(405) 461-5101,,"{""twitter"":""https://x.com/pinkvantechs/"",""facebook"":""https://www.facebook.com/scorpion.co/"",""youtube"":""https://www.youtube.com/@scorpiondesign"",""instagram"":""https://www.instagram.com/scorpion.co"",""linkedin"":""https://www.linkedin.com/company/scorpion""}",https://www.facebook.com/scorpion.co/,https://www.instagram.com/scorpion.co,https://x.com/pinkvantechs/
ypid:YN4A5D9F1976246E54,"Hill & Company Service, Inc.","5125 NW 5th Pl, Oklahoma City, OK 73127",https://www.bing.com/th?id=OLC.KFiMSWxTW1efzA480x360&pid=Local,https://www.bing.com/maps?cp=35.47298812866211%7E-97.60952758789062&lvl=17.0&q=Hill%20%26%20Company%20Service%2C%20Inc.%20%2C%205125%20NW%205th%20Pl%2C%20Oklahoma%20City%2C%20OK%2073127,35.47298812866211,-97.60952758789062,3.5,Yelp (42),HVAC services,Open 24 hours,https://www.topahill.com/,(405) 949-5555,"peter.hill@kcl.ac.uk,info@polohill.me","{""facebook"":""https://www.facebook.com/hillandcompanyok/"",""linkedin"":""https://www.linkedin.com/in/jon-hill-b7780a7"",""youtube"":""https://www.youtube.com/@topahill""}",https://www.facebook.com/hillandcompanyok/,,
ypid:YNABF27BEF6852D379,Rucker Mechanical and Electric,"5209 N Council Rd, Oklahoma City, OK 73132",https://www.bing.com/th?id=OLC.LEgEIUgy/T9UZg480x360&pid=Local,https://www.bing.com/maps?cp=35.52375793457031%7E-97.65489959716797&lvl=17.0&q=Rucker%20Mechanical%20and%20Electric%20%2C%205209%20N%20Council%20Rd%2C%20Oklahoma%20City%2C%20OK%2073132,35.52375793457031,-97.65489959716797,4,Yelp (23),HVAC services,Closed · Opens tomorrow 06:00,https://ruckermechanical.com/,(405) 787-5665,ruckermechanical@coxinet.net,"{""facebook"":""https://www.facebook.com/rucker-mechanical-electric-116978561696976/"",""yelp"":""https://www.yelp.com/biz/rucker-mechanical-and-electric-oklahoma-city""}",https://www.facebook.com/rucker-mechanical-electric-116978561696976/,,
ypid:YN8620555BB8DB826C,"Smart Air Solutions, LLC","3916 S High Ave, Oklahoma City, OK 73129",https://www.bing.com/th?id=OLC.F8yI+5opwvdMTA480x360&pid=Local,https://www.bing.com/maps?cp=35.42594528198242%7E-97.4942855834961&lvl=17.0&q=Smart%20Air%20Solutions%2C%20LLC%20%2C%203916%20S%20High%20Ave%2C%20Oklahoma%20City%2C%20OK%2073129,35.42594528198242,-97.4942855834961,3,Yelp (3),HVAC services,Open 24 hours,https://www.trustsmartair.com/,(405) 901-9096,Info@trysmartair.com,"{""facebook"":""https://www.facebook.com/trustsmartair/"",""instagram"":""https://www.instagram.com/trustsmartair/"",""twitter"":""https://twitter.com/trustsmartair"",""linkedin"":""https://www.linkedin.com/company/smart-air-solutions-llc?trk=public_profile_topcard-current-company"",""youtube"":""https://www.youtube.com/@trustsmartair"",""pinterest"":""https://www.pinterest.com/smart_air_solutions/"",""yelp"":""https://www.yelp.com/biz/smart-air-solutions-oklahoma-city""}",https://www.facebook.com/trustsmartair/,https://www.instagram.com/trustsmartair/,https://twitter.com/trustsmartair
ypid:YN3BB2F494B240F571,Sunbelt Heat & Air Services Inc,"804 SE 83rd St, Oklahoma City, OK 73149",https://www.bing.com/th?id=OLC.zObynYccNSwc9A480x360&pid=Local,https://www.bing.com/maps?cp=35.38268280029297%7E-97.49777221679688&lvl=17.0&q=Sunbelt%20Heat%20%26%20Air%20Services%20Inc%20%2C%20804%20SE%2083rd%20St%2C%20Oklahoma%20City%2C%20OK%2073149,35.38268280029297,-97.49777221679688,5,Yelp (4),HVAC services,Closed · Opens tomorrow 07:30,https://sunbeltheatandair.com/,(405) 634-2138,sales@sunbeltair.com,"{""facebook"":""https://www.facebook.com/sunbelt-heat-air-services-170160669661242/""}",https://www.facebook.com/sunbelt-heat-air-services-170160669661242/,,
ypid:YN2203D071F048331D,Pronto Heating & Air Conditioning LLC,"1921 S High Ave, Oklahoma City, OK 73129",https://www.bing.com/th?id=OLC.t5MFBkERo/fYeg480x360&pid=Local,https://www.bing.com/maps?cp=35.4454231262207%7E-97.49507141113281&lvl=17.0&q=Pronto%20Heating%20%26%20Air%20Conditioning%20LLC%20%2C%201921%20S%20High%20Ave%2C%20Oklahoma%20City%2C%20OK%2073129,35.4454231262207,-97.49507141113281,,,HVAC services,Open 24 hours,https://www.prontoheatandair.com/,(405) 237-3809,"contact@prontoheatandair.com,privacy@prontoheatingandair.com,support@prontoheatingandair.com","{""instagram"":""https://www.instagram.com/prontoheatandair/"",""facebook"":""https://www.facebook.com/prontoheatandair"",""youtube"":""https://www.youtube.com/channel/uc8gl-1y7t6skqq8icx8ou_w""}",https://www.facebook.com/prontoheatandair,https://www.instagram.com/prontoheatandair/,
ypid:YNFDA45D7C24D754C,TS Heat & Air,"8484 NW 39th Expy, Bethany, OK 73008",https://www.bing.com/th?id=OLC.j3IfdPH+60nm8w480x360&pid=Local,https://www.bing.com/maps?cp=35.5145263671875%7E-97.65888977050781&lvl=17.0&q=TS%20Heat%20%26%20Air%20%2C%208484%20NW%2039th%20Expy%2C%20Bethany%2C%20OK%2073008,35.5145263671875,-97.65888977050781,4,Yelp (10),HVAC services,Closed · Opens tomorrow 08:00,https://tsheatandair.com/,(405) 981-1713,info@ts-heat.com,"{""facebook"":""https://www.facebook.com/permalink.php?story_fbid=2190137584678972&id=100010482557178"",""twitter"":""https://twitter.com/tsheatandair"",""instagram"":""https://www.instagram.com/tsheat/"",""yelp"":""https://www.yelp.com/biz/ts-heat-and-air-bethany"",""youtube"":""https://www.youtube.com/feed/history?utm_source=pp"",""linkedin"":""https://www.linkedin.com/company/ts-heat-&-air-inc.""}",https://www.facebook.com/permalink.php?story_fbid=2190137584678972&id=100010482557178,https://www.instagram.com/tsheat/,https://twitter.com/tsheatandair
ypid:YN510CDC89EE53C0AA,Covington Heat & Air LLC,"Oklahoma City, OK",https://www.bing.com/th?id=OLC./UB7C9D94W5rzg480x360&pid=Local,https://www.bing.com/maps?cp=35.43950653076172%7E-97.48224639892578&lvl=17.0&q=Covington%20Heat%20%26%20Air%20LLC%20%2C%20Oklahoma%20City%2C%20OK,35.43950653076172,-97.48224639892578,,,HVAC services,Closed · Opens tomorrow 08:00,https://covingtonheatair.com/,(405) 568-9463,,,,,
ypid:YNAB57F7D02882EC82,"Familia Heat, Air & Plumbing","4527 Brentco Dr, Del City, OK 73115",,https://www.bing.com/maps?cp=35.43417739868164%7E-97.43546295166016&lvl=17.0&q=Familia%20Heat%2C%20Air%20%26%20Plumbing%20%2C%204527%20Brentco%20Dr%2C%20Del%20City%2C%20OK%2073115,35.43417739868164,-97.43546295166016,5,Yelp (2),HVAC services,Closed · Opens tomorrow 07:30,https://www.familiamechanical.com/,(405) 998-4100,"Johnny@FamiliaMechanical.com,kate@familiamechanical.com","{""facebook"":""https://www.facebook.com/familiamechanical"",""linkedin"":""https://www.linkedin.com/company/familia-mechanical-llc/"",""instagram"":""https://www.instagram.com/familiamechanical/""}",https://www.facebook.com/familiamechanical,https://www.instagram.com/familiamechanical/,
ypid:YNE43B84C84317860C,Air Comfort Solutions,"905 Messenger Ln, Moore, OK 73160",https://www.bing.com/th?id=OLC.0d/exLaAa390MA480x360&pid=Local,https://www.bing.com/maps?cp=35.34476852416992%7E-97.48400115966797&lvl=17.0&q=Air%20Comfort%20Solutions%20%2C%20905%20Messenger%20Ln%2C%20Moore%2C%20OK%2073160,35.34476852416992,-97.48400115966797,1.5,Yelp (130),HVAC services,Open 24 hours,https://aircomfortsolutions.net/?utm_source=bing-places&utm_medium=organic&utm_campaign=%2A14%2Aair-comfort-moore,(405) 288-1341,"Smith@aircomfortsolutions.net,JohnSmith@aircomfortsolutions.net,service@aircomfortsolutions.net,service@aircomfortsolutions.net.com,info@aircomfortsolutions.net","{""facebook"":""https://www.facebook.com/aircomfortsolutionsokctulsa"",""twitter"":""https://www.twitter.com/aircoso"",""pinterest"":""https://www.pinterest.com/aircomfortok/"",""instagram"":""https://www.instagram.com/aircomfortsolutionsok/"",""linkedin"":""https://www.linkedin.com/company/air-comfort-solutions-okc-tulsa/"",""yelp"":""https://www.yelp.com/biz/air-comfort-solutions-moore-2""}",https://www.facebook.com/aircomfortsolutionsokctulsa,https://www.instagram.com/aircomfortsolutionsok/,https://www.twitter.com/aircoso
ypid:YN3C502455ED1F1BDF,A.I.R. Plus | Heating and AIR Service,"623 Carolyn Dr, Choctaw, OK 73020",https://www.bing.com/th?id=OLC.ho6by/ZGToNGRQ480x360&pid=Local,https://www.bing.com/maps?cp=35.471282958984375%7E-97.24382019042969&lvl=17.0&q=A.I.R.%20Plus%20%7C%20Heating%20and%20AIR%20Service%20%2C%20623%20Carolyn%20Dr%2C%20Choctaw%2C%20OK%2073020,35.471282958984375,-97.24382019042969,5,Yellowpages (12),HVAC services,Closed · Opens tomorrow 06:00,http://airokc.com/,(405) 618-2247,"gcollins@airokc.com,air.plus.inc7@gmail.com","{""facebook"":""https://www.facebook.com/airokc""}",https://www.facebook.com/airokc,,
ypid:YN768CC639857B03BD,ASAP Heating and Air,"13717 Santa Fe Crossings Dr, Edmond, OK 73013",https://www.bing.com/th?id=OLC.qZRd4A4uzehl3w480x360&pid=Local,https://www.bing.com/maps?cp=35.610130310058594%7E-97.5111083984375&lvl=17.0&q=ASAP%20Heating%20and%20Air%20%2C%2013717%20Santa%20Fe%20Crossings%20Dr%2C%20Edmond%2C%20OK%2073013,35.610130310058594,-97.5111083984375,3,Yelp (2),HVAC services,Open 24 hours,http://www.asapheatandair.com/,(405) 938-2727,"pr@union.rpi.edu,showtechs@rpi.edu,lancar2@rpi.edu,palazd@rpi.edu,weinkl@rpi.edu,schedule@asapheatandair.com","{""linkedin"":""https://www.linkedin.com/company/asap-heat-and-air/"",""instagram"":""https://www.instagram.com/asapheatingandairok/"",""facebook"":""https://www.facebook.com/asapheatingandairtulsa""}",https://www.facebook.com/asapheatingandairtulsa,https://www.instagram.com/asapheatingandairok/,
ypid:YNEDF9CFADCEE8D546,"Integrity Plumbing, Heat, Air and Electrical","711 NE 39th St, Oklahoma City, OK 73105",https://www.bing.com/th?id=OLC.PvYfv4wL0HwPHQ480x360&pid=Local,https://www.bing.com/maps?cp=35.51192855834961%7E-97.50009155273438&lvl=17.0&q=Integrity%20Plumbing%2C%20Heat%2C%20Air%20and%20Electrical%20%2C%20711%20NE%2039th%20St%2C%20Oklahoma%20City%2C%20OK%2073105,35.51192855834961,-97.50009155273438,,,HVAC services,Open 24 hours,https://integrityheatandair.com/,(405) 335-9500,info@integrityheatandair.com,"{""facebook"":""https://www.facebook.com/integrityheatandairok"",""instagram"":""https://www.instagram.com/integrityheatandair/#""}",https://www.facebook.com/integrityheatandairok,https://www.instagram.com/integrityheatandair/#,
ypid:YNF4444AE9FB0CB7E0,K&J Plumbing & HVAC Services,"Oklahoma City, OK",https://www.bing.com/th?id=OLC.cP10KUN0yvYXdg480x360&pid=Local,https://www.bing.com/maps?cp=35.51913833618164%7E-97.48221588134766&lvl=17.0&q=K%26J%20Plumbing%20%26%20HVAC%20Services%20%2C%20Oklahoma%20City%2C%20OK,35.51913833618164,-97.48221588134766,,,HVAC services,Open 24 hours,https://www.kandjokc.com/,(405) 466-5003,"kenny@kandjokc.com,jennifer@kandjokc.com,support@nocall.io","{""facebook"":""https://www.facebook.com/kandjokc"",""instagram"":""https://www.instagram.com/kandj_okc/"",""linkedin"":""https://www.linkedin.com/in/kandjokc""}",https://www.facebook.com/kandjokc,https://www.instagram.com/kandj_okc/,
ypid:YN790742D26485C69C,"Edmond Air Conditioning, Heating And Plumbing","Edmond, OK",https://www.bing.com/th?id=OLC.Fqa4AQuwjDV5KQ480x360&pid=Local,https://www.bing.com/maps?cp=35.655113220214844%7E-97.48222351074219&lvl=17.0&q=Edmond%20Air%20Conditioning%2C%20Heating%20And%20Plumbing%20%2C%20Edmond%2C%20OK,35.655113220214844,-97.48222351074219,5,Angi (5),HVAC services,Open 24 hours,https://www.edmondair.com/,(405) 348-1453,office@edmondair.com,"{""facebook"":""https://facebook.com/edmondair"",""instagram"":""https://instagram.com/edmond_ac"",""twitter"":""https://twitter.com/edmondairheat"",""linkedin"":""https://www.linkedin.com/company/edmond-air-conditioning-heating-and-plumbing/""}",https://facebook.com/edmondair,https://instagram.com/edmond_ac,https://twitter.com/edmondairheat
ypid:YND1DC86B3BEA99BE2,Dailey Heating & Air Conditioning,"Adventure District, OK",,https://www.bing.com/maps?cp=35.508140563964844%7E-97.48221588134766&lvl=17.0&q=Dailey%20Heating%20%26%20Air%20Conditioning%20%2C%20Adventure%20District%2C%20OK,35.508140563964844,-97.48221588134766,,,HVAC services,Closed · Opens tomorrow 08:00,https://daileyheatandair.com/,(405) 751-7977,,,,,
ypid:YN19F1175E1BA4627B,"Jackson Mechanical - Commercial & Industrial Service HVAC, Plumbing, Electrical, Maintenance, Heating & Cooling rentals","2600 N Oklahoma Ave, Oklahoma City, OK 73105",https://www.bing.com/th?id=OLC.pncJYIPzL5liWw480x360&pid=Local,https://www.bing.com/maps?cp=35.49614715576172%7E-97.50975799560547&lvl=17.0&q=Jackson%20Mechanical%20-%20Commercial%20%26%20Industrial%20Service%20HVAC%2C%20Plumbing%2C%20Electrical%2C%20Maintenance%2C%20Heating%20%26%20Cooling%20rentals%20%2C%202600%20N%20Oklahoma%20Ave%2C%20Oklahoma%20City%2C%20OK%2073105,35.49614715576172,-97.50975799560547,,,HVAC services,Open · Closes 04:30,https://www.jmsokc.com/,(405) 525-3788,"smsinfo@thryv.com,mattolson@jmsokc.com,service@jmsokc.com,sales@jmsokc.com,rentals@jmsokc.com,ap@jmsokc.com,carrieshirley@jmsokc.com,billymussett@jmsokc.com,leegault@jmsokc.com,buddyselsor@jmsokc.com,danekaallen@jmstul.com,dougkoeltzow@jmsokc.com,katdisney@jmsokc.com,danielmason@jmsokc.com,stephenconner@jmsokc.com,jimmywood@jmsokc.com,marywaters@jmsokc.com,lloydness@jmsokc.com,info@mastercraftboiler.com,service@mastercraftboiler.com,parts@mastercraftboiler.com,Joaomario@creci.org.br,donaldhill@jmstul.com,jacobbailey@jmsokc.com,alanolson@jmsokc.com,jacobbell@jmstul.com","{""facebook"":""https://www.facebook.com/jmsokc/"",""linkedin"":""https://www.linkedin.com/company/jackson-mechanical-inc/?viewasmember=true"",""instagram"":""https://www.instagram.com/jackson_mechanical/""}",https://www.facebook.com/jmsokc/,https://www.instagram.com/jackson_mechanical/,
ypid:YNF007D7958EF15BD1,Prime Heating and Air Conditioning,"Edmond, OK",https://www.bing.com/th?id=OLC.L6vJPWa5xoztUg480x360&pid=Local,https://www.bing.com/maps?cp=35.67416000366211%7E-97.54052734375&lvl=17.0&q=Prime%20Heating%20and%20Air%20Conditioning%20%2C%20Edmond%2C%20OK,35.67416000366211,-97.54052734375,,,HVAC services,Open 24 hours,https://primeairok.com/,(405) 595-8181,,,,,
ypid:YN4EE74E1B418532E4,OKC Plumbing and HVAC,"6624 Melrose Ln, Oklahoma City, OK 73127",https://www.bing.com/th?id=OLC./1PuSYviIQjCMw480x360&pid=Local,https://www.bing.com/maps?cp=35.47017288208008%7E-97.6302261352539&lvl=17.0&q=OKC%20Plumbing%20and%20HVAC%20%2C%206624%20Melrose%20Ln%2C%20Oklahoma%20City%2C%20OK%2073127,35.47017288208008,-97.6302261352539,3.5,Yelp (3),Plumbing,Closed · Opens tomorrow 08:00,https://okcplumbingandhvac.com/,(405) 785-4822,"service@okcplumbingandhvac.com,info@okcplumbingandhvac.com",,,,
ypid:YN1C590D415FCBB718,L&S Mechanical,"4320 S Portland Ave, Oklahoma City, OK 73119",https://www.bing.com/th?id=OLC.1YjmTVTVkJ7xpg480x360&pid=Local,https://www.bing.com/maps?cp=35.42203140258789%7E-97.58293914794922&lvl=17.0&q=L%26S%20Mechanical%20%2C%204320%20S%20Portland%20Ave%2C%20Oklahoma%20City%2C%20OK%2073119,35.42203140258789,-97.58293914794922,,,Contractor,,http://www.lsmech.com/,(877) 577-5862,"generalinfo@lsmech.com,cmozjesik@lsmech.com,jstedman@lsmech.com,jcrumpler@lsmech.com,ebijowski@lsmech.com,spotter@lsmech.com,karbuckle@lsmech.com,jking@lsmech.com,wlandry@lsmech.com,proppolo@lsmech.com,jwaddle@lsmech.com,Smith@lsmech.com,Sanantonio@lsmech.com,cityregistration@lsmech.com,bsalazar120@yahoo.com,kadi@3cmechanical.com,kboone@lsmech.com","{""facebook"":""https://www.facebook.com/lsmechanical/"",""linkedin"":""https://www.linkedin.com/company/l&s-mechanical/"",""youtube"":""https://www.youtube.com/channel/ucbul19zwmdgh5gytsdwuqlg""}",https://www.facebook.com/lsmechanical/,,
ypid:YN8DC843350112E3DD,Papa T's Heating and Air LLC.,"4809 Chester St, Spencer, OK 73084",https://www.bing.com/th?id=OLC.u+sLFCr2jR77/w480x360&pid=Local,https://www.bing.com/maps?cp=35.519474029541016%7E-97.36448669433594&lvl=17.0&q=Papa%20T's%20Heating%20and%20Air%20LLC.%20%2C%204809%20Chester%20St%2C%20Spencer%2C%20OK%2073084,35.519474029541016,-97.36448669433594,5,Yelp (1),HVAC services,Open 24 hours,http://www.papatshvac.com/,(405) 817-2728,papatshvac@gmail.com,,,,
ypid:YNE39877B8B8AC4F3F,"Spencer Heat & Air, Heating and air conditioning","5600 Spencer Rd, Spencer, OK 73084",https://www.bing.com/th?id=OLC.PQOswoVeG2EUzw480x360&pid=Local,https://www.bing.com/maps?cp=35.52812576293945%7E-97.37393188476562&lvl=17.0&q=Spencer%20Heat%20%26%20Air%2C%20Heating%20and%20air%20conditioning%20%2C%205600%20Spencer%20Rd%2C%20Spencer%2C%20OK%2073084,35.52812576293945,-97.37393188476562,3.5,Yelp (3),HVAC services,Closed · Opens tomorrow 07:00,https://www.spencerheatandair.com/,(405) 771-3439,,,,,
ypid:YN48AE288E3D177FB9,Advantage Heating & Air Conditioning,"4317 SW 22nd St #705, Oklahoma City, OK 73108",https://www.bing.com/th?id=OLC.AZt0JpOTY1P3WQ480x360&pid=Local,https://www.bing.com/maps?cp=35.443580627441406%7E-97.59456634521484&lvl=17.0&q=Advantage%20Heating%20%26%20Air%20Conditioning%20%2C%204317%20SW%2022nd%20St%20%23705%2C%20Oklahoma%20City%2C%20OK%2073108,35.443580627441406,-97.59456634521484,3.5,Yelp (3),HVAC services,Open 24 hours,https://advantageairokc.com/,(405) 549-1652,davidmesquita2102@gmail.com,"{""facebook"":""https://www.facebook.com/profile.php?id=61556264733909""}",https://www.facebook.com/profile.php?id=61556264733909,,
ypid:YN88A5BBF3C9B2497C,Air Flow Technologies Heating & Air Conditioning Inc.,"315 W Main St, Yukon, OK 73099",https://www.bing.com/th?id=OLC.Q6Es3X9b2UY33A480x360&pid=Local,https://www.bing.com/maps?cp=35.50812911987305%7E-97.74811553955078&lvl=17.0&q=Air%20Flow%20Technologies%20Heating%20%26%20Air%20Conditioning%20Inc.%20%2C%20315%20W%20Main%20St%2C%20Yukon%2C%20OK%2073099,35.50812911987305,-97.74811553955078,3.5,Yelp (5),HVAC services,Closed · Opens tomorrow 08:00,http://www.airflow-technologies.com/,(405) 577-5400,brendawilliam784@gmail.com,"{""facebook"":""https://www.facebook.com/trina.kautz/posts/5474321229298662"",""twitter"":""https://twitter.com/airflowtechvac"",""yelp"":""https://www.yelp.com/biz/air-flow-technologies-heat-and-air-yukon-2""}",https://www.facebook.com/trina.kautz/posts/5474321229298662,,https://twitter.com/airflowtechvac
ypid:YN3FB257D347C26F,"Yarbrough and Sons Heating, Cooling and Plumbing","122 S Main Ave, Blanchard, OK 73010",https://www.bing.com/th?id=OLC.iftU9mV0dPhZDw480x360&pid=Local,https://www.bing.com/maps?cp=35.1361198425293%7E-97.65802764892578&lvl=17.0&q=Yarbrough%20and%20Sons%20Heating%2C%20Cooling%20and%20Plumbing%20%2C%20122%20S%20Main%20Ave%2C%20Blanchard%2C%20OK%2073010,35.1361198425293,-97.65802764892578,3.5,Yelp (12),HVAC services,Closed · Opens tomorrow 08:00,https://yarbroughandsons.com/,(405) 309-3470,contactus@yarbroughandsons.com,"{""facebook"":""https://www.facebook.com/yarbroughandsons/"",""instagram"":""https://www.instagram.com/yarbrough_and_sons"",""youtube"":""https://www.youtube.com/channel/https://www.youtube.com/@yarbrough_and_sons/featured"",""yelp"":""https://www.yelp.com/biz/yarbrough-and-sons-heat-and-air-blanchard""}",https://www.facebook.com/yarbroughandsons/,https://www.instagram.com/yarbrough_and_sons,
ypid:YN94DCF9CA1EA99A3F,Air Conditioning Concepts Of Oklahoma,"448 NE 144th Pl, Edmond, OK 73013",https://www.bing.com/th?id=OLC.kPNOTSuR69Rh0Q480x360&pid=Local,https://www.bing.com/maps?cp=35.61668014526367%7E-97.50555419921875&lvl=17.0&q=Air%20Conditioning%20Concepts%20Of%20Oklahoma%20%2C%20448%20NE%20144th%20Pl%2C%20Edmond%2C%20OK%2073013,35.61668014526367,-97.50555419921875,3.5,Yelp (3),HVAC services,Closed · Opens tomorrow 07:00,https://www.acconceptsokc.com/,(405) 330-0535,"brandon.cox.acco@gmail.com,servicecalls@acconceptsok.com","{""facebook"":""https://www.facebook.com/bryan.lewis.75/posts/10226021549118864"",""yelp"":""https://www.yelp.com/biz/air-conditioning-concepts-of-oklahoma-edmond-2""}",https://www.facebook.com/bryan.lewis.75/posts/10226021549118864,,
ypid:YN76070BE5A893285F,SERVPRO of North and Southwest Oklahoma City,"209 NW 111th St, Oklahoma City, OK 73114",https://www.bing.com/th?id=OLC.BG8PtmRWiwG4cw480x360&pid=Local,https://www.bing.com/maps?cp=35.58341979980469%7E-97.51665496826172&lvl=17.0&q=SERVPRO%20of%20North%20and%20Southwest%20Oklahoma%20City%20%2C%20209%20NW%20111th%20St%2C%20Oklahoma%20City%2C%20OK%2073114,35.58341979980469,-97.51665496826172,5,Yelp (3),Fire & water damage restoration,Open 24 hours,https://www.servpro.com/locations/ok/servpro-of-north-and-southwest-oklahoma-city,(405) 838-1181,webservices@servpronet.com,"{""twitter"":""https://twitter.com/servpronorthfl"",""instagram"":""https://instagram.com/servproputnamfl"",""facebook"":""https://facebook.com/163869034198"",""linkedin"":""https://linkedin.com/company/servpro-of-new-smyrna-beach-titusville"",""youtube"":""https://www.youtube.com/user/servprocorporate""}",https://facebook.com/163869034198,https://instagram.com/servproputnamfl,https://twitter.com/servpronorthfl
ypid:YN27D60A27A2297D95,Barnett Electrical Heating and Air,"1628 S Kelham Ave, Oklahoma City, OK 73129",https://www.bing.com/th?id=OLC.ZJ993fFujrvOJw480x360&pid=Local,https://www.bing.com/maps?cp=35.44849395751953%7E-97.48213958740234&lvl=17.0&q=Barnett%20Electrical%20Heating%20and%20Air%20%2C%201628%20S%20Kelham%20Ave%2C%20Oklahoma%20City%2C%20OK%2073129,35.44849395751953,-97.48213958740234,3.5,Yelp (32),Electrician,Open 24 hours,https://barnettelectrical.com/,(405) 794-9800,"info@barnettelectrical.com,Jordyn@barnettelectrical.com","{""facebook"":""https://www.facebook.com/barnettelectrical/"",""instagram"":""https://www.instagram.com/barnett_electrical/?hl=en"",""youtube"":""https://www.youtube.com/channel/ucv5sxjqcj1jlmlpyhza1nsa"",""yelp"":""https://www.yelp.com/search?cflt=hvac&find_loc=oklahoma+city%2c+ok""}",https://www.facebook.com/barnettelectrical/,https://www.instagram.com/barnett_electrical/?hl=en,
ypid:YNA81D980A687DF638,Orcutt Mechanical Contractors,"6200 NW 39th Expy, Bethany, OK 73008",https://www.bing.com/th?id=OLC.dmWqjY4apZYWxg480x360&pid=Local,https://www.bing.com/maps?cp=35.51074981689453%7E-97.62332153320312&lvl=17.0&q=Orcutt%20Mechanical%20Contractors%20%2C%206200%20NW%2039th%20Expy%2C%20Bethany%2C%20OK%2073008,35.51074981689453,-97.62332153320312,,,Contractor,Closed · Opens tomorrow 08:00,https://www.orcuttmech.com/,(405) 787-5888,corcutt@orcuttmech.com,"{""facebook"":""https://www.facebook.com/orcuttmechanical/""}",https://www.facebook.com/orcuttmechanical/,,
ypid:YNAE84CC65D65D7682,SERVPRO of Central Oklahoma City,"101 E Hill St, Oklahoma City, OK 73105",,https://www.bing.com/maps?cp=35.50358581542969%7E-97.50984954833984&lvl=17.0&q=SERVPRO%20of%20Central%20Oklahoma%20City%20%2C%20101%20E%20Hill%20St%2C%20Oklahoma%20City%2C%20OK%2073105,35.50358581542969,-97.50984954833984,,,Fire & water damage restoration,Open 24 hours,https://www.servpro.com/locations/ok/servpro-of-central-oklahoma-city,(405) 805-3379,webservices@servpronet.com,"{""twitter"":""https://twitter.com/servpronorthfl"",""instagram"":""https://instagram.com/servproputnamfl"",""facebook"":""https://facebook.com/163869034198"",""linkedin"":""https://linkedin.com/company/servpro-of-new-smyrna-beach-titusville"",""youtube"":""https://www.youtube.com/user/servprocorporate""}",https://facebook.com/163869034198,https://instagram.com/servproputnamfl,https://twitter.com/servpronorthfl
ypid:YN253E35601A079EB8,Sears Heating and Air Conditioning,"8014 NW 39th Expy, Bethany, OK 73008",https://www.bing.com/th?id=OLC.cOO8IWegWfnxWA480x360&pid=Local,https://www.bing.com/maps?cp=35.51414108276367%7E-97.65519714355469&lvl=17.0&q=Sears%20Heating%20and%20Air%20Conditioning%20%2C%208014%20NW%2039th%20Expy%2C%20Bethany%2C%20OK%2073008,35.51414108276367,-97.65519714355469,,,HVAC services,Closed · Opens tomorrow 06:00,https://www.searshomeservices.com/repair/hvac-repair-service?SID=9165&phone=9185538876,(918) 553-8876,,,,,
ypid:YN72D6BD8118A469,Mainard & Sanders Heating & Air Conditioning,"3204 SW 59th St, Oklahoma City, OK 73119",https://www.bing.com/th?id=OLC.SQLMUvVJnAs9/g480x360&pid=Local,https://www.bing.com/maps?cp=35.405662536621094%7E-97.57272338867188&lvl=17.0&q=Mainard%20%26%20Sanders%20Heating%20%26%20Air%20Conditioning%20%2C%203204%20SW%2059th%20St%2C%20Oklahoma%20City%2C%20OK%2073119,35.405662536621094,-97.57272338867188,4.5,Angi (15),HVAC services,Open 24 hours,http://www.mainardsanders.com/,(405) 636-1983,okchvacservice@gmail.com,"{""facebook"":""https://www.facebook.com/mainardandsanders/photos/?ref=page_internal""}",https://www.facebook.com/mainardandsanders/photos/?ref=page_internal,,
ypid:YNAF5DDC9F96B77FCB,Above + Beyond Service Company,"17300 N May Ave, Edmond, OK 73012",https://www.bing.com/th?id=OLC.o92SyDaA9/1QJA480x360&pid=Local,https://www.bing.com/maps?cp=35.64809799194336%7E-97.56607818603516&lvl=17.0&q=Above%20%2B%20Beyond%20Service%20Company%20%2C%2017300%20N%20May%20Ave%2C%20Edmond%2C%20OK%2073012,35.64809799194336,-97.56607818603516,2,Yelp (17),HVAC services,Closed · Opens tomorrow 07:30,https://www.pinkvantechs.com/,(405) 461-5101,,"{""twitter"":""https://x.com/pinkvantechs/"",""facebook"":""https://www.facebook.com/pinkvantechs/"",""youtube"":""https://www.youtube.com/@scorpiondesign"",""instagram"":""https://www.instagram.com/scorpion.co"",""linkedin"":""https://www.linkedin.com/company/scorpion"",""yelp"":""https://www.yelp.com/biz/above-and-beyond-heating-and-cooling-edmond-5?start=10""}",https://www.facebook.com/pinkvantechs/,https://www.instagram.com/scorpion.co,https://x.com/pinkvantechs/
ypid:YN63359AB538DB0CA0,United Rentals - Power & HVAC,"5101 W Reno Ave, Oklahoma City, OK 73127",https://www.bing.com/th?id=OLC.qqWFfYb4wURhNg480x360&pid=Local,https://www.bing.com/maps?cp=35.46516418457031%7E-97.60908508300781&lvl=17.0&q=United%20Rentals%20-%20Power%20%26%20HVAC%20%2C%205101%20W%20Reno%20Ave%2C%20Oklahoma%20City%2C%20OK%2073127,35.46516418457031,-97.60908508300781,,,Energy equipment and solution,Closed · Opens tomorrow 07:30,https://www.unitedrentals.com/locations/ok/oklahoma-city/power-hvac-rentals/h67?utm_source=bing&utm_medium=distrib&utm_campaign=yext,(405) 917-5471,"investors@unitedrentals.com,jdoe@unitedrentals.com,jane@unitedrentals.com,jane_doe@unitedrentals.com,JSmith@ur.com,JSmith@unitedrentals.com,JSmith@bakercorp.com,John_Smith@unitedrentals.com,John.L.Smith@unitedrentals.com,John.Smith@unitedrentals.com,John@unitedrentals.com,investors@ur.com,WEBJohn_Smith@unitedrentals.com,John.Smith@ur.com",,,,
ypid:YN1A013BF81D2FE568,Louisville Mechanical Services,"11121 Plantside Dr, Louisville, KY 40299",https://www.bing.com/th?id=OLC.qpHcOnYSSLLGbQ480x360&pid=Local,https://www.bing.com/maps?cp=38.209957122802734%7E-85.54930114746094&lvl=17.0&q=Louisville%20Mechanical%20Services%20%2C%2011121%20Plantside%20Dr%2C%20Louisville%2C%20KY%2040299,38.209957122802734,-85.54930114746094,3.5,Yelp (8),Contractor,Open 24 hours,https://www.louisvillemechanical.com/,(502) 962-9211,louisvillemechanical@me.com,"{""facebook"":""https://www.facebook.com/louisville-mechanical-services-155484637820790/"",""yelp"":""https://www.yelp.com/biz/louisville-mechanical-services-louisville?override_cta=get pricing & availability"",""linkedin"":""https://www.linkedin.com/in/louisvillemechanical"",""twitter"":""https://twitter.com/louisvillemecha"",""youtube"":""https://www.youtube.com/user/louisvillemechanical""}",https://www.facebook.com/louisville-mechanical-services-155484637820790/,,https://twitter.com/louisvillemecha
ypid:YN6AD7FBCF8928145C,KLM Heating & Cooling,"11216 Decimal Dr, Louisville, KY 40299",https://www.bing.com/th?id=OLC.+n2bWKU1lPkA4g480x360&pid=Local,https://www.bing.com/maps?cp=38.21738052368164%7E-85.5453109741211&lvl=17.0&q=KLM%20Heating%20%26%20Cooling%20%2C%2011216%20Decimal%20Dr%2C%20Louisville%2C%20KY%2040299,38.21738052368164,-85.5453109741211,3.5,Yelp (8),HVAC services,Closed · Opens 07:30,https://www.klmheatingandcooling.com/,(502) 272-9447,"hvac.korea.ac.kr/contact-us/yongckim@korea.ac.kr,mls3562@korea.ac.kr","{""facebook"":""https://www.facebook.com/klmjapan/"",""youtube"":""https://www.youtube.com/channel/ucez_cqzjpmomsd35qom1eaq"",""linkedin"":""https://www.linkedin.com/company/klm-heating-&-cooling-inc"",""instagram"":""https://www.instagram.com/klm/"",""twitter"":""https://twitter.com/i/flow/login?redirect_after_login=%2fklm_jp""}",https://www.facebook.com/klmjapan/,https://www.instagram.com/klm/,https://twitter.com/i/flow/login?redirect_after_login=%2fklm_jp
ypid:YN32E6256BF48763E4,Lanham Refrigeration Heating & Air Conditioning,"175 Sulphur Springs Rd, Lebanon, KY 40033",https://www.bing.com/th?id=OLC.3fR8qAkJBPfUSQ480x360&pid=Local,https://www.bing.com/maps?cp=37.572967529296875%7E-85.23412322998047&lvl=17.0&q=Lanham%20Refrigeration%20Heating%20%26%20Air%20Conditioning%20%2C%20175%20Sulphur%20Springs%20Rd%2C%20Lebanon%2C%20KY%2040033,37.572967529296875,-85.23412322998047,,,HVAC services,Closed · Opens 08:00,https://lanhamrefrigeration.com/,(270) 692-6559,"lanhamair@gmail.com,fivestaracfittings@hotmail.com","{""yelp"":""https://www.yelp.com/biz/lanham-refrigeration-heating-and-air-conditioning-lebanon""}",,,
ypid:YN1245FB64DB6834A2,Elder Heating and Air,"5800 Fern Valley Rd #100, Louisville, KY 40228",https://www.bing.com/th?id=OLC.Tuf7C4XyhNt9yg480x360&pid=Local,https://www.bing.com/maps?cp=38.154701232910156%7E-85.65314483642578&lvl=17.0&q=Elder%20Heating%20and%20Air%20%2C%205800%20Fern%20Valley%20Rd%20%23100%2C%20Louisville%2C%20KY%2040228,38.154701232910156,-85.65314483642578,3.5,Yelp (6),HVAC services,Open 24 hours,https://www.elderheatingandair.com/,(502) 825-0261,customer.care@americanstandard.com,"{""facebook"":""https://www.facebook.com/elderheatingandair#"",""instagram"":""https://www.instagram.com/elderhvac/"",""yelp"":""https://www.yelp.com/biz/elder-heating-and-air-louisville?adjust_creative=microsoft&utm_campaign=yelp_feed&utm_medium=feed_v2&utm_source=microsoft""}",https://www.facebook.com/elderheatingandair#,https://www.instagram.com/elderhvac/,
ypid:YNA45D79155A2E81E1,"Madison HVAC/R, LLC","126 Charlie Norris Rd, Richmond, KY 40475",https://www.bing.com/th?id=OLC.a+e1DSB3FqkBjQ480x360&pid=Local,https://www.bing.com/maps?cp=37.74083709716797%7E-84.2039566040039&lvl=17.0&q=Madison%20HVAC%2FR%2C%20LLC%20%2C%20126%20Charlie%20Norris%20Rd%2C%20Richmond%2C%20KY%2040475,37.74083709716797,-84.2039566040039,,,HVAC services,Open 24 hours,https://www.madisonhvacr.com/,(859) 625-1471,,"{""facebook"":""https://www.facebook.com/pamela.e.murphy/posts/10208418959627054"",""instagram"":""https://www.instagram.com/madisonhvacr/"",""twitter"":""https://twitter.com/madisonhvacr"",""yelp"":""https://www.yelp.com/biz/madison-hvac-r-richmond-12""}",https://www.facebook.com/pamela.e.murphy/posts/10208418959627054,https://www.instagram.com/madisonhvacr/,https://twitter.com/madisonhvacr
ypid:YN5724CF726F670696,King's Helper Plumbing and HVAC Contractors,"846 Angliana Ave, Lexington, KY 40508",https://www.bing.com/th?id=OLC.mUf8vS6hqia2oQ480x360&pid=Local,https://www.bing.com/maps?cp=38.04857635498047%7E-84.51605987548828&lvl=17.0&q=King's%20Helper%20Plumbing%20and%20HVAC%20Contractors%20%2C%20846%20Angliana%20Ave%2C%20Lexington%2C%20KY%2040508,38.04857635498047,-84.51605987548828,3.5,Yelp (9),HVAC services,Closed · Opens 08:00,https://kingshelper.com/,(859) 233-1970,"luvthyplumber@gmail.com,teecechiro10@yopmail.com","{""facebook"":""https://www.facebook.com/cindy.kettenring/posts/10160515976848403"",""yelp"":""https://www.yelp.com/menu/kings-helper-lexington-2""}",https://www.facebook.com/cindy.kettenring/posts/10160515976848403,,
ypid:YNBA93128F0EEE9C04,GreenBox Home Services,"1060 W High St Ste 120, Lexington, KY 40508",https://www.bing.com/th?id=OLC.bwToc18/FNer2Q480x360&pid=Local,https://www.bing.com/maps?cp=38.049678802490234%7E-84.51497650146484&lvl=17.0&q=GreenBox%20Home%20Services%20%2C%201060%20W%20High%20St%20Ste%20120%2C%20Lexington%2C%20KY%2040508,38.049678802490234,-84.51497650146484,2,Yelp (18),HVAC services,Open 24 hours,https://www.greenboxhomeservices.com/,(859) 549-3169,info@greenboxair.com,"{""yelp"":""https://www.yelp.com/biz/greenbox-heating-and-air-lexington-2"",""facebook"":""https://www.facebook.com/greenboxair"",""instagram"":""https://www.instagram.com/greenboxhomeservices/"",""youtube"":""https://www.youtube.com/channel/uctd0sipjeftqceofzw0t0zq"",""tiktok"":""https://www.tiktok.com/@greenboxhomeservices?is_from_webapp=1&sender_device=pc""}",https://www.facebook.com/greenboxair,https://www.instagram.com/greenboxhomeservices/,
ypid:YNB8463E81B575832E,Stewart Air Conditioning & Heating,"213 Normandy Ct, Nicholasville, KY 40356",https://www.bing.com/th?id=OLC.9PQzjYnfqSIJSw480x360&pid=Local,https://www.bing.com/maps?cp=37.93867111206055%7E-84.54158020019531&lvl=17.0&q=Stewart%20Air%20Conditioning%20%26%20Heating%20%2C%20213%20Normandy%20Ct%2C%20Nicholasville%2C%20KY%2040356,37.93867111206055,-84.54158020019531,5,Yelp (21),HVAC services,Closed · Opens 08:00,http://www.stewartac.com/,(859) 252-4945,,"{""facebook"":""https://www.stewartac.com/\\\""www.facebook.com/stewartairconditioningandheating\\\""""}","https://www.stewartac.com/\""www.facebook.com/stewartairconditioningandheating\""",,
ypid:YNE1B17B67890F1E35,Titan Heating and Air,"153 Edwards Ave, Georgetown, KY 40324",https://www.bing.com/th?id=OLC.s4S/unFM9zOw0Q480x360&pid=Local,https://www.bing.com/maps?cp=38.216590881347656%7E-84.5367202758789&lvl=17.0&q=Titan%20Heating%20and%20Air%20%2C%20153%20Edwards%20Ave%2C%20Georgetown%2C%20KY%2040324,38.216590881347656,-84.5367202758789,5,Angi (12),HVAC services,Closed · Opens 07:00,https://kytitan.com/,(859) 788-3883,"yelmwoddogs@ymail.com,office@kytitan.com",,,,
ypid:YN51851A4497722C6D,Comfort Heating & Air,"2130 Christian Rd, Lexington, KY 40509",https://www.bing.com/th?id=OLC.He3SWtK9IMO86w480x360&pid=Local,https://www.bing.com/maps?cp=38.030181884765625%7E-84.45149230957031&lvl=17.0&q=Comfort%20Heating%20%26%20Air%20%2C%202130%20Christian%20Rd%2C%20Lexington%2C%20KY%2040509,38.030181884765625,-84.45149230957031,3,Yelp (42),HVAC services,Open 24 hours,https://callthecomfortman.com/,(859) 208-4243,"TMeyers@callthecomfortman.com,ccparequest@ars.com,cs@comfortseoul.com","{""facebook"":""https://www.facebook.com/arsrescuerooter"",""twitter"":""https://twitter.com/arsrescuerooter"",""instagram"":""https://www.instagram.com/ars_rescuerooter"",""pinterest"":""https://www.pinterest.com/arsrr/"",""youtube"":""https://www.youtube.com/@arsrescuerooter"",""linkedin"":""https://www.linkedin.com/company/american-residential-services""}",https://www.facebook.com/arsrescuerooter,https://www.instagram.com/ars_rescuerooter,https://twitter.com/arsrescuerooter
ypid:YN230E9E5C2480E9B3,Air Care Heating & Cooling,"546 Westport Rd, Elizabethtown, KY 42701",https://www.bing.com/th?id=OLC.ae5plymoSagknQ480x360&pid=Local,https://www.bing.com/maps?cp=37.69710922241211%7E-85.87814331054688&lvl=17.0&q=Air%20Care%20Heating%20%26%20Cooling%20%2C%20546%20Westport%20Rd%2C%20Elizabethtown%2C%20KY%2042701,37.69710922241211,-85.87814331054688,5,Yelp (4),HVAC services,Open 24 hours,https://aircareky.com/,(270) 209-5114,info@leapservicepartners.com,"{""facebook"":""https://www.facebook.com/aircareky/"",""instagram"":""https://www.instagram.com/aircareheatingair/""}",https://www.facebook.com/aircareky/,https://www.instagram.com/aircareheatingair/,
ypid:YN85A81D2D3D3BEBDE,Birkhead Co.,"1224 Old Fern Valley Rd #100, Louisville, KY 40219",https://www.bing.com/th?id=OLC.jHYQtFSfo7mS5w480x360&pid=Local,https://www.bing.com/maps?cp=38.15433883666992%7E-85.6932144165039&lvl=17.0&q=Birkhead%20Co.%20%2C%201224%20Old%20Fern%20Valley%20Rd%20%23100%2C%20Louisville%2C%20KY%2040219,38.15433883666992,-85.6932144165039,4,Yelp (5),HVAC services,Open 24 hours,https://www.birkheadco.com/,(502) 443-9545,jray@birkheadco.com,"{""facebook"":""https://www.facebook.com/birkheadco/"",""youtube"":""https://www.youtube.com/@birkheadco"",""yelp"":""https://www.yelp.com/biz/birkhead-louisville-2?adjust_creative=microsoft&utm_campaign=yelp_feed&utm_medium=feed_v2&utm_source=microsoft""}",https://www.facebook.com/birkheadco/,,
ypid:YN290F1E507E6232C8,Element Air Heating and Cooling,"4510 Illinois Ave, Louisville, KY 40213",https://www.bing.com/th?id=OLC.ub8F/8CT/XH6Pg480x360&pid=Local,https://www.bing.com/maps?cp=38.1899299621582%7E-85.70260620117188&lvl=17.0&q=Element%20Air%20Heating%20and%20Cooling%20%2C%204510%20Illinois%20Ave%2C%20Louisville%2C%20KY%2040213,38.1899299621582,-85.70260620117188,5,Yelp (4),HVAC services,Open 24 hours,https://elementairco.com/,(502) 317-2150,,"{""youtube"":""https://www.youtube.com/channel/uc_lpkmarczf-o-3xevck94w"",""facebook"":""https://www.facebook.com/elementairco/""}",https://www.facebook.com/elementairco/,,
ypid:YN163562F507DE884D,Engineered Heating and Air,"1052 Whipple Ct, Lexington, KY 40511",https://www.bing.com/th?id=OLC.8G1pWxwEDLd+jw480x360&pid=Local,https://www.bing.com/maps?cp=38.08073425292969%7E-84.50247192382812&lvl=17.0&q=Engineered%20Heating%20and%20Air%20%2C%201052%20Whipple%20Ct%2C%20Lexington%2C%20KY%2040511,38.08073425292969,-84.50247192382812,5,Yelp (8),HVAC services,Open 24 hours,https://www.engineeredheatingandair.com/,(859) 818-9250,info@leapservicepartners.com,"{""facebook"":""https://www.facebook.com/people/engineered-heating-and-air/100066995592787/"",""linkedin"":""https://www.linkedin.com/company/engineered-heating-and-air/"",""yelp"":""https://www.yelp.com/biz/engineered-heating-and-air-lexington-2""}",https://www.facebook.com/people/engineered-heating-and-air/100066995592787/,,
ypid:YN98649DE8E930ED35,Fayette Heating & Air,"817 Nandino Blvd, Lexington, KY 40511",https://www.bing.com/th?id=OLC.AO3+39WQlC+6Mw480x360&pid=Local,https://www.bing.com/maps?cp=38.08015823364258%7E-84.49463653564453&lvl=17.0&q=Fayette%20Heating%20%26%20Air%20%2C%20817%20Nandino%20Blvd%2C%20Lexington%2C%20KY%2040511,38.08015823364258,-84.49463653564453,1.5,Yelp (128),HVAC services,Open 24 hours,https://fayetteheating.com/locations/central-kentucky/,(859) 279-1065,"privacy@fayetteheating.com,info@fayetteheating.com,mkerney@structuralimages.com,mmilewicz@industrialsystems.com,morrism@montaguemetal.com,mperpich@glmech.com,bbruce@bandctech.com,bennett@executiveoffice.org,bert.boldt@healthyhosiery.com,rehabadvisors@bellsouth.net,spiazza@smaservices.net,srlipawsky@yahoo.com,steve@allamericanfarms.com,vanderpool.jenn@insightbb.com,Inccb@leeoil.ca",,,,
ypid:YN4C47230E656D2EA5,Arlinghaus Plumbing Heating & Air Conditioning,"40 Cave Run Dr, Erlanger, KY 41018",https://www.bing.com/th?id=OLC.8P31gF4vwhV4Lw480x360&pid=Local,https://www.bing.com/maps?cp=39.00979232788086%7E-84.61186218261719&lvl=17.0&q=Arlinghaus%20Plumbing%20Heating%20%26%20Air%20Conditioning%20%2C%2040%20Cave%20Run%20Dr%2C%20Erlanger%2C%20KY%2041018,39.00979232788086,-84.61186218261719,2,Yelp (76),HVAC services,Open 24 hours,https://www.arlinghausair.com/,(859) 448-7268,marketing@arlinghausair.com,"{""facebook"":""https://www.facebook.com/arlinghausair/"",""linkedin"":""https://www.linkedin.com/company/arlinghaus-heating-and-air-conditioning/"",""youtube"":""https://www.youtube.com/@arlinghausplumbingheatinga5826"",""twitter"":""https://twitter.com/arlinghaushvac"",""yelp"":""https://www.yelp.com/biz/arlinghaus-plumbing-heating-and-air-conditioning-erlanger-2"",""instagram"":""https://www.instagram.com/arlinghausair/""}",https://www.facebook.com/arlinghausair/,https://www.instagram.com/arlinghausair/,https://twitter.com/arlinghaushvac
ypid:YN3CF09E0BC30092B7,"Central Oregon Heating, Cooling, Plumbing & Electrical","2516 SW Glacier Pl, Redmond, OR 97756",https://www.bing.com/th?id=OLC.xmOUHVmXf4v+yQ480x360&pid=Local,https://www.bing.com/maps?cp=44.26955795288086%7E-121.19732666015625&lvl=17.0&q=Central%20Oregon%20Heating%2C%20Cooling%2C%20Plumbing%20%26%20Electrical%20%2C%202516%20SW%20Glacier%20Pl%2C%20Redmond%2C%20OR%2097756,44.26955795288086,-121.19732666015625,3,Yelp (90),HVAC services,Open 24 hours,https://coheating.com/,(541) 227-6239,"WEBJohnSmith@coheating.com,John_Smith@coheating.com,Smith@coheating.com,info@coheating.com,clarissa@coheating.com,marks@coheating.com,Directories@coheating.com","{""facebook"":""https://www.facebook.com/coheating/"",""twitter"":""https://twitter.com/coheatandcool"",""instagram"":""https://www.instagram.com/coheating/"",""youtube"":""https://www.youtube.com/channel/uc8vceq5nn07cx6ubqlnm1ka/videos"",""yelp"":""https://www.yelp.com/biz/central-oregon-heating-and-cooling-madras-3""}",https://www.facebook.com/coheating/,https://www.instagram.com/coheating/,https://twitter.com/coheatandcool
ypid:YN5727424940FCFAF0,Cascade Heating & Specialties,"1507 NE 1st St, Bend, OR 97701",https://www.bing.com/th?id=OLC.z+9jUHFVROxiEg480x360&pid=Local,https://www.bing.com/maps?cp=44.06508255004883%7E-121.30599975585938&lvl=17.0&q=Cascade%20Heating%20%26%20Specialties%20%2C%201507%20NE%201st%20St%2C%20Bend%2C%20OR%2097701,44.06508255004883,-121.30599975585938,4,Yelp (18),HVAC services,Closed · Opens tomorrow 08:00,http://www.cascadeheat.com/,(541) 382-8483,sales@cascadeheat.com,"{""facebook"":""https://www.facebook.com/profile.php?id=61551864218122"",""instagram"":""https://www.instagram.com/cascade_heating/""}",https://www.facebook.com/profile.php?id=61551864218122,https://www.instagram.com/cascade_heating/,
ypid:YN23CB8DE5DAE2D805,Action Air Heating and Cooling LLC,"250 N Pine St, Sisters, OR 97759",https://www.bing.com/th?id=OLC.rSGRb8EP5j0+gw480x360&pid=Local,https://www.bing.com/maps?cp=44.292781829833984%7E-121.55363464355469&lvl=17.0&q=Action%20Air%20Heating%20and%20Cooling%20LLC%20%2C%20250%20N%20Pine%20St%2C%20Sisters%2C%20OR%2097759,44.292781829833984,-121.55363464355469,4.5,Yelp (9),HVAC services,Closed · Opens tomorrow 08:00,http://actionairheatingandcooling.com/,(541) 549-6464,,"{""yelp"":""https://www.yelp.com/biz/action-air-heating-and-cooling-sisters""}",,,
ypid:YNA1CEB4765D43C1F2,Advantage Heating & Air Conditioning,"1360 Tandem Ave NE, Salem, OR 97301",https://www.bing.com/th?id=OLC.aoJ7zVu5qSGDqw480x360&pid=Local,https://www.bing.com/maps?cp=44.972564697265625%7E-123.01449584960938&lvl=17.0&q=Advantage%20Heating%20%26%20Air%20Conditioning%20%2C%201360%20Tandem%20Ave%20NE%2C%20Salem%2C%20OR%2097301,44.972564697265625,-123.01449584960938,3.5,Yelp (67),HVAC services,Closed · Opens tomorrow 08:00,https://www.advantageheatingllc.com/,(503) 395-5663,"rachel@advantageheatingllc.com,affordableheatingsalem@yahoo.com,services@advantageheatingllc.com,info.tranethailand@trane.com","{""facebook"":""https://www.facebook.com/advantageheatingllc"",""twitter"":""https://twitter.com/advantageheatng"",""youtube"":""https://www.youtube.com/channel/ucjnqm5jfrbxkczn48qbugnq"",""instagram"":""https://www.instagram.com/advantageheating92/"",""tiktok"":""https://www.tiktok.com/@advantageheating""}",https://www.facebook.com/advantageheatingllc,https://www.instagram.com/advantageheating92/,https://twitter.com/advantageheatng
ypid:YND9A89C0286E7FCD9,Comfort Flow Heating,"1951 Don St, Springfield, OR 97477",https://www.bing.com/th?id=OLC.J1fd80Il/2JPEA480x360&pid=Local,https://www.bing.com/maps?cp=44.06361389160156%7E-123.03913879394531&lvl=17.0&q=Comfort%20Flow%20Heating%20%2C%201951%20Don%20St%2C%20Springfield%2C%20OR%2097477,44.06361389160156,-123.03913879394531,3.5,Yelp (54),HVAC services,Closed · Opens tomorrow 08:00,https://www.comfortflow.com/,(541) 717-1165,"pupshaw@comfortflow.com,JSmith@comfortflow.com,John@comfortflow.com","{""facebook"":""https://www.facebook.com/debra.fenzl.3/posts/8829733720382873"",""twitter"":""https://twitter.com/comfortflow"",""youtube"":""https://www.youtube.com/user/comfortflowheating"",""instagram"":""https://www.instagram.com/comfortflowheating/"",""yelp"":""https://www.yelp.com/biz/comfort-flow-heating-springfield""}",https://www.facebook.com/debra.fenzl.3/posts/8829733720382873,https://www.instagram.com/comfortflowheating/,https://twitter.com/comfortflow
ypid:YN242BCF702EA70801,Pyramid Heating & Cooling,"9409 NE Colfax St, Portland, OR 97220",https://www.bing.com/th?id=OLC.wScUfGtFHLpOyA480x360&pid=Local,https://www.bing.com/maps?cp=45.56809616088867%7E-122.56558227539062&lvl=17.0&q=Pyramid%20Heating%20%26%20Cooling%20%2C%209409%20NE%20Colfax%20St%2C%20Portland%2C%20OR%2097220,45.56809616088867,-122.56558227539062,3,Yelp (93),HVAC services,Open 24 hours,https://www.pyramidheating.com/,(503) 783-8488,,"{""facebook"":""https://www.facebook.com/randy.burress/posts/10230714479660953"",""instagram"":""https://www.instagram.com/pyramidheating/"",""linkedin"":""https://www.linkedin.com/company/3554157/admin/dashboard/"",""yelp"":""https://www.yelp.com/biz/pyramid-heating-and-cooling-portland"",""youtube"":""https://www.youtube.com/channel/uc39slxo_xjtagjxaju0u8ga"",""twitter"":""https://twitter.com/pyramidheating""}",https://www.facebook.com/randy.burress/posts/10230714479660953,https://www.instagram.com/pyramidheating/,https://twitter.com/pyramidheating
ypid:YNEEA71E49E356F41C,North Pacific Mechanical,"9735 SW Sunshine Ct #800, Beaverton, OR 97005",https://www.bing.com/th?id=OLC.zsN9OK7NpkT+/A480x360&pid=Local,https://www.bing.com/maps?cp=45.47688293457031%7E-122.77649688720703&lvl=17.0&q=North%20Pacific%20Mechanical%20%2C%209735%20SW%20Sunshine%20Ct%20%23800%2C%20Beaverton%2C%20OR%2097005,45.47688293457031,-122.77649688720703,4.5,Yelp (111),HVAC services,Closed · Opens tomorrow 07:30,https://npacificmechanical.com/,(503) 999-3383,,"{""facebook"":""https://www.facebook.com/amanda.ranit/posts/10159915448845785"",""yelp"":""https://www.yelp.com/biz/north-pacific-mechanical-beaverton-2?start=20"",""twitter"":""https://mobile.twitter.com/npmpdx"",""instagram"":""https://www.instagram.com/northpacificmechanical/"",""linkedin"":""https://www.linkedin.com/company/north-pacific-mechanical""}",https://www.facebook.com/amanda.ranit/posts/10159915448845785,https://www.instagram.com/northpacificmechanical/,https://mobile.twitter.com/npmpdx
ypid:YN7A8C734A57FD94EE,Sunset Heating & Cooling,"607 S Idaho St #100, Portland, OR 97239",https://www.bing.com/th?id=OLC.QneQ+oBVycJEdw480x360&pid=Local,https://www.bing.com/maps?cp=45.47681427001953%7E-122.67278289794922&lvl=17.0&q=Sunset%20Heating%20%26%20Cooling%20%2C%20607%20S%20Idaho%20St%20%23100%2C%20Portland%2C%20OR%2097239,45.47681427001953,-122.67278289794922,2.5,Yelp (224),HVAC services,Open 24 hours,https://www.sunsethc.com/?utm_source=bing-places&utm_medium=organic&utm_campaign=%2A197%2Asunset-heating-portland,(971) 264-0423,info@sunsetHC.com,"{""facebook"":""https://www.facebook.com/sunsethce/"",""twitter"":""https://x.com/sunsethc"",""youtube"":""https://www.youtube.com/@sunsethvac1"",""instagram"":""https://www.instagram.com/sunset_heating_cooling/""}",https://www.facebook.com/sunsethce/,https://www.instagram.com/sunset_heating_cooling/,https://x.com/sunsethc
ypid:YN274396382F9ADEAC,"Jacobs Heating & Air Conditioning, Inc.","4474 SE Milwaukie Ave, Portland, OR 97202",https://www.bing.com/th?id=OLC.TqfqnQj7RKKvGw480x360&pid=Local,https://www.bing.com/maps?cp=45.49052810668945%7E-122.65100860595703&lvl=17.0&q=Jacobs%20Heating%20%26%20Air%20Conditioning%2C%20Inc.%20%2C%204474%20SE%20Milwaukie%20Ave%2C%20Portland%2C%20OR%2097202,45.49052810668945,-122.65100860595703,3,Yelp (297),HVAC services,Open 24 hours,https://jacobsheating.com/,(503) 234-7331,"info@jacobsheating.com,mickd@jacobsheating.com,andreab@jacobsheating.com,mark.denyer@mfia-eng.com,gregm@jacobsheating.com","{""linkedin"":""https://www.linkedin.com/company/heatingcool""}",,,
ypid:YN4D36EBFAEC8792F4,Comfort Solutions Heating & Cooling,"211 SE Madison St Ste 12, Portland, OR 97214",https://www.bing.com/th?id=OLC.oaklT3RfpG+wzw480x360&pid=Local,https://www.bing.com/maps?cp=45.51317596435547%7E-122.66352081298828&lvl=17.0&q=Comfort%20Solutions%20Heating%20%26%20Cooling%20%2C%20211%20SE%20Madison%20St%20Ste%2012%2C%20Portland%2C%20OR%2097214,45.51317596435547,-122.66352081298828,3.5,Yelp (37),HVAC services,Open · Closes 22:00,https://comfortsolutionspdx.com/,(503) 262-9276,"catherine@comfortsolutionspdx.com,janet@drheating.com,downtwothestuds2024@outlook.com,mrcomfort@comfortsolutionspdx.com","{""facebook"":""https://www.facebook.com/comfortsolutionspdx/"",""youtube"":""https://www.youtube.com/channel/ucixiqa1nyjnae5hd2ywcpsa""}",https://www.facebook.com/comfortsolutionspdx/,,
ypid:YN229A870B29FA189F,AAA Heating & Cooling,"6040 N CUTTER CIR #303, Portland, OR 97217",https://www.bing.com/th?id=OLC.152Ack2jihIfJw480x360&pid=Local,https://www.bing.com/maps?cp=45.56626510620117%7E-122.70201110839844&lvl=17.0&q=AAA%20Heating%20%26%20Cooling%20%2C%206040%20N%20CUTTER%20CIR%20%23303%2C%20Portland%2C%20OR%2097217,45.56626510620117,-122.70201110839844,3.5,Yelp (108),HVAC services,Open 24 hours,https://aaaheatingandcoolinginc.com/,(503) 284-2173,"Sales@AAAIAQ.com,koreadaily525@gmail.com,John.Smith@aaalubbock.com,downtwothestuds2024@outlook.com,sales@AAAIAQ.com,contact@aaa.com.br","{""facebook"":""https://www.facebook.com/aaaheatingandcooling"",""twitter"":""https://x.com/aaaiaq"",""youtube"":""https://www.youtube.com/user/aaaheatingcooling""}",https://www.facebook.com/aaaheatingandcooling,,https://x.com/aaaiaq
ypid:YND8F4C71230DB75E2,"Central Air Heating, Cooling & Plumbing","9089 SE Jannsen Rd, Clackamas, OR 97015",https://www.bing.com/th?id=OLC.3FFb00x83U8dyQ480x360&pid=Local,https://www.bing.com/maps?cp=45.41465377807617%7E-122.5706787109375&lvl=17.0&q=Central%20Air%20Heating%2C%20Cooling%20%26%20Plumbing%20%2C%209089%20SE%20Jannsen%20Rd%2C%20Clackamas%2C%20OR%2097015,45.41465377807617,-122.5706787109375,3.5,Yelp (45),HVAC services,Open 24 hours,https://www.centralairpdx.com/,(503) 656-1908,"support@centralairpdx.com,dev@advantage-services.com","{""facebook"":""https://www.facebook.com/centralairheatingcooling/"",""instagram"":""https://www.instagram.com/centralairheatingcooling/""}",https://www.facebook.com/centralairheatingcooling/,https://www.instagram.com/centralairheatingcooling/,
ypid:YNF96A8DEBD1F24B5D,Orbit Heating and Cooling,"7243 NE Glisan St, Portland, OR 97213",https://www.bing.com/th?id=OLC.Rg51xZzNPXGJYg480x360&pid=Local,https://www.bing.com/maps?cp=45.52668380737305%7E-122.58794403076172&lvl=17.0&q=Orbit%20Heating%20and%20Cooling%20%2C%207243%20NE%20Glisan%20St%2C%20Portland%2C%20OR%2097213,45.52668380737305,-122.58794403076172,4.5,Yelp (26),HVAC services,Closed · Opens tomorrow 08:00,https://orbitheatingandcooling.com/,(503) 239-6904,hello@orbitheatingandcooling.com,"{""instagram"":""https://www.instagram.com/americanstandard_hvac/"",""facebook"":""https://www.facebook.com/americanstandardair"",""youtube"":""https://www.youtube.com/user/americanstandardair""}",https://www.facebook.com/americanstandardair,https://www.instagram.com/americanstandard_hvac/,
ypid:YN1094AA59A07D4AC1,The Earth Heating,"10117 SE Sunnyside Rd Ste F123, Clackamas, OR 97015",https://www.bing.com/th?id=OLC.zcp5nXgxR+Hp8Q480x360&pid=Local,https://www.bing.com/maps?cp=45.434051513671875%7E-122.56072235107422&lvl=17.0&q=The%20Earth%20Heating%20%2C%2010117%20SE%20Sunnyside%20Rd%20Ste%20F123%2C%20Clackamas%2C%20OR%2097015,45.434051513671875,-122.56072235107422,5,Yelp (22),HVAC services,Closed · Opens tomorrow 08:00,http://theearthheating.com/,(503) 788-7777,,"{""yelp"":""https://www.yelp.com/biz/the-earth-heating-clackamas-2?override_cta=get pricing & availability"",""facebook"":""https://facebook.com/tehllc"",""twitter"":""https://twitter.com/earth_heating""}",https://facebook.com/tehllc,,https://twitter.com/earth_heating
ypid:YNADF2F7ED81D9D2AE,Webster Heating & Air Conditioning LLC,"1020 SE 1st St, McMinnville, OR 97128",https://www.bing.com/th?id=OLC.3zqeA0qB1shftw480x360&pid=Local,https://www.bing.com/maps?cp=45.208377838134766%7E-123.18830108642578&lvl=17.0&q=Webster%20Heating%20%26%20Air%20Conditioning%20LLC%20%2C%201020%20SE%201st%20St%2C%20McMinnville%2C%20OR%2097128,45.208377838134766,-123.18830108642578,4,Yelp (8),Home service,Closed · Opens tomorrow 08:00,http://www.websterheatingandac.com/,(503) 472-6597,office@websterheatingandac.com,,,,
ypid:YND5A82D0C56EF7859,Caveman Heating & Air Conditioning,"1010 SE Milbank Rd, Grants Pass, OR 97526",https://www.bing.com/th?id=OLC.iAQVNltXXKnZHg480x360&pid=Local,https://www.bing.com/maps?cp=42.43201446533203%7E-123.31300354003906&lvl=17.0&q=Caveman%20Heating%20%26%20Air%20Conditioning%20%2C%201010%20SE%20Milbank%20Rd%2C%20Grants%20Pass%2C%20OR%2097526,42.43201446533203,-123.31300354003906,3.5,Yelp (31),HVAC services,Closed · Opens tomorrow 08:00,https://www.cavemanheating.com/,(541) 787-6961,"info@cavemanheating.com,becky@ex.comcavemanheating.com","{""facebook"":""https://www.facebook.com/profile.php?id=61567685571661"",""yelp"":""https://www.yelp.com/biz/caveman-heating-and-air-conditioning-grants-pass""}",https://www.facebook.com/profile.php?id=61567685571661,,
ypid:YND7706C90E959A32C,Crest Mechanical Services Inc,"41 Walnut St, Hartford, CT 06120",https://www.bing.com/th?id=OLC.kFBJPWV7UxNRZg480x360&pid=Local,https://www.bing.com/maps?cp=41.771881103515625%7E-72.6803207397461&lvl=17.0&q=Crest%20Mechanical%20Services%20Inc%20%2C%2041%20Walnut%20St%2C%20Hartford%2C%20CT%2006120,41.771881103515625,-72.6803207397461,,,HVAC services,Closed · Opens 07:30,https://www.crestmechanical.com/,(860) 724-3431,"Admin@crestmechanical.com,bids@crestmechanical.com,pbreglio@crestmechanical.com,jbreglio@crestmechanical.com","{""linkedin"":""https://www.linkedin.com/company/crest-mechanical-services/"",""facebook"":""https://www.facebook.com/crestmechanical/"",""yelp"":""https://www.yelp.com/biz/crest-mechanical-services-hartford-2""}",https://www.facebook.com/crestmechanical/,,
ypid:YN5E48B25980D23361,Saucier Mechanical Services,"148 Norton St, Plantsville, CT 06479",https://www.bing.com/th?id=OLC.e4yr9r1hIJxSQw480x360&pid=Local,https://www.bing.com/maps?cp=41.566978454589844%7E-72.89375305175781&lvl=17.0&q=Saucier%20Mechanical%20Services%20%2C%20148%20Norton%20St%2C%20Plantsville%2C%20CT%2006479,41.566978454589844,-72.89375305175781,3,Yelp (11),HVAC services,Open 24 hours,http://sauciermechanical.com/,(860) 628-9999,,"{""facebook"":""https://www.facebook.com/megan.ciarlelli/posts/10228473115877632"",""twitter"":""https://twitter.com/saucierassoc"",""instagram"":""https://www.instagram.com/sauciermechanicalservices"",""pinterest"":""https://www.pinterest.com/mechanicalsaucier/pins"",""linkedin"":""https://www.linkedin.com/in/saucier-mechanical-services-inc-534401150"",""yelp"":""https://www.yelp.com/biz/saucier-mechanical-services-plantsville-2""}",https://www.facebook.com/megan.ciarlelli/posts/10228473115877632,https://www.instagram.com/sauciermechanicalservices,https://twitter.com/saucierassoc
ypid:YNFE0AE1F9C1B8E557,Central Mechanical Services,"11 Progress Dr, Cromwell, CT 06416",,https://www.bing.com/maps?cp=41.61225891113281%7E-72.71157836914062&lvl=17.0&q=Central%20Mechanical%20Services%20%2C%2011%20Progress%20Dr%2C%20Cromwell%2C%20CT%2006416,41.61225891113281,-72.71157836914062,,,Contractor,Open 24 hours,https://centralmechct.com/,(860) 632-5500,"office@centralmechct.com,shari@centralmechct.com,info@gpmobility.co.th,billjr@centralmechCT.com,kbayha@skmechanical-llc.com,GLAPRISE@CENTRALMECHANICALSERVICESINC.COM","{""linkedin"":""https://www.linkedin.com/company/central-mechanical-services-inc-connecticut/"",""yelp"":""https://www.yelp.com/biz/central-mechanical-services-cromwell"",""facebook"":""https://www.facebook.com/pages/central-mechanical-services/143228602389353""}",https://www.facebook.com/pages/central-mechanical-services/143228602389353,,
ypid:YN50BF8FF51EAA2113,Nero Air Conditioning & Heating Inc.,"334 State St, North Haven, CT 06473",https://www.bing.com/th?id=OLC.19z3eoDhL9tRZA480x360&pid=Local,https://www.bing.com/maps?cp=41.37074279785156%7E-72.88675689697266&lvl=17.0&q=Nero%20Air%20Conditioning%20%26%20Heating%20Inc.%20%2C%20334%20State%20St%2C%20North%20Haven%2C%20CT%2006473,41.37074279785156,-72.88675689697266,3.5,Yelp (19),HVAC services,Closed · Opens 08:00,https://neroac.com/,(203) 248-8110,"office@neroac.com,office@bartolhvac.com,name@cpsymbol.com","{""facebook"":""https://www.facebook.com/neroac""}",https://www.facebook.com/neroac,,
ypid:YN6C339F567DB93C16,Degree Heating and Cooling,"160 Oak St #508, Glastonbury, CT 06033",https://www.bing.com/th?id=OLC.7OI2NIwPT+v1Jw480x360&pid=Local,https://www.bing.com/maps?cp=41.71049118041992%7E-72.59001159667969&lvl=17.0&q=Degree%20Heating%20and%20Cooling%20%2C%20160%20Oak%20St%20%23508%2C%20Glastonbury%2C%20CT%2006033,41.71049118041992,-72.59001159667969,2.5,Yelp (26),HVAC services,Open 24 hours,https://www.degreeheatingandcooling.com/,(860) 266-5957,"whdgns0422@cnu.ac.kr,patty@degreeheatingandcooling.com,service@degreeheatingandcooling.com,name@cpsymbol.com","{""yelp"":""https://www.yelp.com/biz/degree-heating-and-cooling-glastonbury?adjust_creative=microsoft&utm_campaign=yelp_feed&utm_medium=feed_v2&utm_source=microsoft""}",,,
ypid:YNC5139D325289A453,"Air Temp Mechanical Services, Inc.","63 Fuller Way, Berlin, CT 06037",https://www.bing.com/th?id=OLC.dFi4/qGiSKUR+Q480x360&pid=Local,https://www.bing.com/maps?cp=41.63327407836914%7E-72.74525451660156&lvl=17.0&q=Air%20Temp%20Mechanical%20Services%2C%20Inc.%20%2C%2063%20Fuller%20Way%2C%20Berlin%2C%20CT%2006037,41.63327407836914,-72.74525451660156,,,HVAC services,Closed · Opens 07:00,http://www.ctairtemp.com/,(860) 953-8888,"atmsinfo@ctairtemp.com,stevez@ctairtemp.com,mark@ctairtemp.com,josh@ajpelectricllc.com,sales@ktikorea.com,nischal.chovatiya@gmail.com","{""linkedin"":""https://www.linkedin.com/company/air-temp-mechanical-services-inc/"",""facebook"":""https://www.facebook.com/air-temp-mechanical-services-212754122078163/""}",https://www.facebook.com/air-temp-mechanical-services-212754122078163/,,
ypid:YN7116AF5ED6210675,"HARP Home Services - Air Conditioning, Heating, Plumbing, & Electrical","863 Marshall Phelps Rd, Windsor, CT 06095",https://www.bing.com/th?id=OLC.CWMtI6UqpI801A480x360&pid=Local,https://www.bing.com/maps?cp=41.86497497558594%7E-72.68449401855469&lvl=17.0&q=HARP%20Home%20Services%20-%20Air%20Conditioning%2C%20Heating%2C%20Plumbing%2C%20%26%20Electrical%20%2C%20863%20Marshall%20Phelps%20Rd%2C%20Windsor%2C%20CT%2006095,41.86497497558594,-72.68449401855469,2,Yelp (206),HVAC services,Open 24 hours,https://www.harpcanhelpyou.com/,(860) 421-9958,support@readygoservice.com,"{""facebook"":""https://www.facebook.com/harphomeservices/"",""twitter"":""https://twitter.com/harpcanhelp/"",""instagram"":""https://www.instagram.com/harphomeservices/"",""linkedin"":""https://www.linkedin.com/company/harphomeservices/""}",https://www.facebook.com/harphomeservices/,https://www.instagram.com/harphomeservices/,https://twitter.com/harpcanhelp/
ypid:YN51912B9F4030AA34,Total Mechanical Systems,"74 Northwest Dr, Plainville, CT 06062",https://www.bing.com/th?id=OLC.zLj5l1R9U0UeYw480x360&pid=Local,https://www.bing.com/maps?cp=41.69186782836914%7E-72.87372589111328&lvl=17.0&q=Total%20Mechanical%20Systems%20%2C%2074%20Northwest%20Dr%2C%20Plainville%2C%20CT%2006062,41.69186782836914,-72.87372589111328,2,Yelp (72),HVAC services,Open 24 hours,https://tmscomfort.com/?utm_source=bing-places&utm_medium=organic&utm_campaign=%2A401%2ATMS-Plainville,(860) 314-1518,"contact@tmscomfort.com,info@tmscomfort.com","{""facebook"":""https://www.facebook.com/pg/tmscomfort/reviews/"",""twitter"":""https://twitter.com/tmscomfort"",""youtube"":""https://www.youtube.com/channel/ucfn9rwinvbi7w_zgpvwarfq"",""instagram"":""https://www.instagram.com/tmsplainvilleclinton/"",""linkedin"":""https://www.linkedin.com/company/total-mechanical-systems-llc/""}",https://www.facebook.com/pg/tmscomfort/reviews/,https://www.instagram.com/tmsplainvilleclinton/,https://twitter.com/tmscomfort
ypid:YN972DC38A19D67538,Nutmeg Mechanical Services Inc.,"130 Utopia Rd Ste 3, Manchester, CT 06042",https://www.bing.com/th?id=OLC.ILWXRDnotnFgZg480x360&pid=Local,https://www.bing.com/maps?cp=41.80305862426758%7E-72.510498046875&lvl=17.0&q=Nutmeg%20Mechanical%20Services%20Inc.%20%2C%20130%20Utopia%20Rd%20Ste%203%2C%20Manchester%2C%20CT%2006042,41.80305862426758,-72.510498046875,4,Yelp (55),HVAC services,,http://nutmegmechanical.com/,(860) 643-2042,"sales@nutmegmechanical.com,matthew@nutmegmechanical.com,mouro_mt@yahoo.com.br,kim@nutmegmechanical.com","{""facebook"":""https://www.facebook.com/pages/nutmeg-mechanical-service/192161277487844"",""yelp"":""https://www.yelp.com/biz/nutmeg-mechanical-services-manchester""}",https://www.facebook.com/pages/nutmeg-mechanical-service/192161277487844,,
ypid:YN550255F90EA851D7,"Modern Heating and Air Conditioning, LLC","1015 Bridgeport Ave, Milford, CT 06460",https://www.bing.com/th?id=OLC.2koq4cYVVQvTTQ480x360&pid=Local,https://www.bing.com/maps?cp=41.215511322021484%7E-73.07119750976562&lvl=17.0&q=Modern%20Heating%20and%20Air%20Conditioning%2C%20LLC%20%2C%201015%20Bridgeport%20Ave%2C%20Milford%2C%20CT%2006460,41.215511322021484,-73.07119750976562,3,Yelp (21),HVAC services,Closed · Opens 08:00,http://www.modernhvacct.com/,(203) 295-7549,"marketing@ecrinternational.com,financeiro@novohabithat.com.br","{""facebook"":""https://www.facebook.com/scorpion.co/"",""yelp"":""https://www.yelp.com/biz/modern-heating-and-air-conditioning-milford"",""instagram"":""https://www.instagram.com/scorpion.co"",""twitter"":""https://x.com/scorpiondotco"",""youtube"":""https://www.youtube.com/@scorpiondesign"",""linkedin"":""https://www.linkedin.com/company/scorpion""}",https://www.facebook.com/scorpion.co/,https://www.instagram.com/scorpion.co,https://x.com/scorpiondotco
ypid:YN2B23CA46505355F2,"Air, Inc.","171 Short Beach Rd, Branford, CT 06405",https://www.bing.com/th?id=OLC.7tz9ey71BlAeFw480x360&pid=Local,https://www.bing.com/maps?cp=41.262474060058594%7E-72.83427429199219&lvl=17.0&q=Air%2C%20Inc.%20%2C%20171%20Short%20Beach%20Rd%2C%20Branford%2C%20CT%2006405,41.262474060058594,-72.83427429199219,2.5,Yelp (32),HVAC services,Open 24 hours,https://www.airinchvac.com/,(203) 315-0323,"katc6700@korea-airtech.co.kr,info@jiriair.com,alarmgesichert@t-online.de,alarmgesichert24@gmail.com",,,,
ypid:YNDEC433EB23DF7ADF,A & S Nathan Heating & Cooling LLC,"21 Clifton Ave, Ansonia, CT 06401",https://www.bing.com/th?id=OLC.jJZg7Wm5nicECg480x360&pid=Local,https://www.bing.com/maps?cp=41.33494567871094%7E-73.08573913574219&lvl=17.0&q=A%20%26%20S%20Nathan%20Heating%20%26%20Cooling%20LLC%20%2C%2021%20Clifton%20Ave%2C%20Ansonia%2C%20CT%2006401,41.33494567871094,-73.08573913574219,3.5,Yelp (33),HVAC services,Open 24 hours,https://www.nathanheating.com/,(203) 735-5332,"toni@nathanheating.com,holsen@aeolsen.com,admin@nathanheating.com,Sales-cal@nacal.co.th","{""facebook"":""https://www.facebook.com/asnathanheatingcoolingllc"",""youtube"":""https://www.youtube.com/feed/history?utm_source=pp""}",https://www.facebook.com/asnathanheatingcoolingllc,,
ypid:YN4BC73569C87424DE,Northern Comfort Services LLC,"Meriden, CT",https://www.bing.com/th?id=OLC.jfQwbpWWQ1a7pg480x360&pid=Local,https://www.bing.com/maps?cp=41.50072479248047%7E-72.75748443603516&lvl=17.0&q=Northern%20Comfort%20Services%20LLC%20%2C%20Meriden%2C%20CT,41.50072479248047,-72.75748443603516,,,HVAC services,Closed · Opens 08:00,http://www.ctncs.com/,(203) 439-7723,,"{""facebook"":""https://facebook.com/northerncomfortservices"",""instagram"":""https://instagram.com/northern_comfort_services""}",https://facebook.com/northerncomfortservices,https://instagram.com/northern_comfort_services,
ypid:YN515E3070DEF3A901,Charter Oak Mechanical Services,"878 Hartford Rd, Manchester, CT 06040",https://www.bing.com/th?id=OLC.kIm9m1NZPLlHtQ480x360&pid=Local,https://www.bing.com/maps?cp=41.76762390136719%7E-72.55956268310547&lvl=17.0&q=Charter%20Oak%20Mechanical%20Services%20%2C%20878%20Hartford%20Rd%2C%20Manchester%2C%20CT%2006040,41.76762390136719,-72.55956268310547,5,Yelp (7),HVAC services,Closed · Opens 07:30,https://www.charteroakmechanical.com/,(860) 432-8915,"admin@charteroakmechanical.com,nischal.chovatiya@gmail.com","{""facebook"":""https://www.facebook.com/hvacexperts/"",""yelp"":""https://www.yelp.com/biz/charter-oak-mechanical-services-manchester"",""twitter"":""https://twitter.com/charteroakct""}",https://www.facebook.com/hvacexperts/,,https://twitter.com/charteroakct
ypid:YN1251612A8975BE0F,"Edgerton, Inc.","786 Main St, Monroe, CT 06468",https://www.bing.com/th?id=OLC.b1OnqUgyv7hmfQ480x360&pid=Local,https://www.bing.com/maps?cp=41.345359802246094%7E-73.25823211669922&lvl=17.0&q=Edgerton%2C%20Inc.%20%2C%20786%20Main%20St%2C%20Monroe%2C%20CT%2006468,41.345359802246094,-73.25823211669922,3.5,Yelp (18),HVAC services,Open 24 hours,http://www.edgertonhvac.com/,(203) 268-6279,rstanley@edgertonhvac.com,,,,
ypid:YNAAF96A104694D31,"Douglas Mechanical Services, Inc","820 Four Rod Rd, Berlin, CT 06037",https://www.bing.com/th?id=OLC.ci0OzvfngFWgFw480x360&pid=Local,https://www.bing.com/maps?cp=41.609169006347656%7E-72.7655029296875&lvl=17.0&q=Douglas%20Mechanical%20Services%2C%20Inc%20%2C%20820%20Four%20Rod%20Rd%2C%20Berlin%2C%20CT%2006037,41.609169006347656,-72.7655029296875,3.5,Yelp (10),HVAC services,Closed · Opens 08:00,http://www.douglasmechanicalservices.com/,(860) 357-4952,"jill@douglasmechanicalservices.com,company@douglasmechanicalservices.com,doug@douglasmechanicalservices.com,oliver@douglasmechanicalservices.com,dmsdispatcher@douglasmechanicalservices.com,joann@douglasmechanicalservices.com,adminassistant@douglasmechanicalservices.com","{""facebook"":""https://www.facebook.com/weknowhvac"",""instagram"":""https://www.instagram.com/dmshvac/""}",https://www.facebook.com/weknowhvac,https://www.instagram.com/dmshvac/,
ypid:YN13E69C194D502ED,Neighbors Heating and Cooling,"2700 Graham St, Ames, IA 50010",https://www.bing.com/th?id=OLC.aNyPWVd0WHzWeA480x360&pid=Local,https://www.bing.com/maps?cp=42.019493103027344%7E-93.57701873779297&lvl=17.0&q=Neighbors%20Heating%20and%20Cooling%20%2C%202700%20Graham%20St%2C%20Ames%2C%20IA%2050010,42.019493103027344,-93.57701873779297,3.5,Yelp (6),HVAC services,Open 24 hours,http://www.neighborscomfort.com/,(515) 232-7787,mail@fabinteriors.com,,,,
ypid:YN65CE8BA5BC08EBC8,One Hour Heating & Air Conditioning® of Ames,"409 S Bell Ave, Ames, IA 50010",https://www.bing.com/th?id=OLC.kRezhC4LEyIvAA480x360&pid=Local,https://www.bing.com/maps?cp=42.01899337768555%7E-93.57610321044922&lvl=17.0&q=One%20Hour%20Heating%20%26%20Air%20Conditioning%C2%AE%20of%20Ames%20%2C%20409%20S%20Bell%20Ave%2C%20Ames%2C%20IA%2050010,42.01899337768555,-93.57610321044922,5,Yelp (2),HVAC services,Open 24 hours,https://www.onehourheatandair.com/ames/,(515) 303-3782,"privacy@authoritybrandsllc.com,CCPA@onehour.com,bgca.info@authoritybrandsllc.com,privacyofficer@AuthorityBrands.co","{""facebook"":""https://www.facebook.com/onehournwfl"",""yelp"":""https://www.yelp.com/biz/cullins-one-hour-heating-and-air-conditioning-lewis-center"",""twitter"":""https://twitter.com/onehourheatair"",""instagram"":""https://www.instagram.com/onehourheatair/?hl=en"",""pinterest"":""https://www.pinterest.com/onehourheatair/boards/"",""youtube"":""https://www.youtube.com/watch?v=kwriohgp4i0""}",https://www.facebook.com/onehournwfl,https://www.instagram.com/onehourheatair/?hl=en,https://twitter.com/onehourheatair
ypid:YNB30215D006649814,Modern Heating & Air,"675 NE 45th Pl, Des Moines, IA 50313",https://www.bing.com/th?id=OLC.FGfjVezMvJSKUA480x360&pid=Local,https://www.bing.com/maps?cp=41.6424446105957%7E-93.61048126220703&lvl=17.0&q=Modern%20Heating%20%26%20Air%20%2C%20675%20NE%2045th%20Pl%2C%20Des%20Moines%2C%20IA%2050313,41.6424446105957,-93.61048126220703,4,Yelp (14),HVAC services,Closed · Opens tomorrow 07:30,http://www.modernhvacservices.com/,(515) 500-6600,,"{""youtube"":""https://www.youtube.com/channel/ucfrtfnl82__je8_n4ujesha"",""twitter"":""https://twitter.com/modernsolution"",""instagram"":""https://instagram.com/modern_solution/"",""facebook"":""https://www.facebook.com/modernheatingandairconditioning"",""pinterest"":""https://www.pinterest.com/modern_solution/boards/"",""linkedin"":""https://br.linkedin.com/company/heatingcool""}",https://www.facebook.com/modernheatingandairconditioning,https://instagram.com/modern_solution/,https://twitter.com/modernsolution
ypid:YN8FD54655DF53FF8E,"Dalton Plumbing, Heating, Cooling, Electric and Fireplaces, Inc.","5536 Nordic Dr, Cedar Falls, IA 50613",https://www.bing.com/th?id=OLC.SmA1hnV1VRkM/w480x360&pid=Local,https://www.bing.com/maps?cp=42.48832321166992%7E-92.44928741455078&lvl=17.0&q=Dalton%20Plumbing%2C%20Heating%2C%20Cooling%2C%20Electric%20and%20Fireplaces%2C%20Inc.%20%2C%205536%20Nordic%20Dr%2C%20Cedar%20Falls%2C%20IA%2050613,42.48832321166992,-92.44928741455078,2,Yelp (25),HVAC services,Closed · Opens tomorrow 07:00,https://www.daltonphc.com/,(319) 432-7218,"CustomerService@DaltonPHC.com,customerservice@daltonphc.com,account-withdrawal@google.com,info@alderview.com","{""facebook"":""https://www.facebook.com/daltonphc"",""twitter"":""https://twitter.com/daltonphcinc"",""youtube"":""https://www.youtube.com/@daltonphcef"",""instagram"":""https://www.instagram.com/daltonphc/"",""linkedin"":""https://www.linkedin.com/company/dalton-plumbing-heating-cooling-electric-&-fireplaces-inc/"",""yelp"":""https://www.yelp.com/biz/dalton-cedar-falls-3""}",https://www.facebook.com/daltonphc,https://www.instagram.com/daltonphc/,https://twitter.com/daltonphcinc
ypid:YN57C501ACD1DFE725,Metro Heating & Cooling,"3517 Hubbell Ave, Des Moines, IA 50317",https://www.bing.com/th?id=OLC.sZg3NCnbt0qnAA480x360&pid=Local,https://www.bing.com/maps?cp=41.62767028808594%7E-93.54651641845703&lvl=17.0&q=Metro%20Heating%20%26%20Cooling%20%2C%203517%20Hubbell%20Ave%2C%20Des%20Moines%2C%20IA%2050317,41.62767028808594,-93.54651641845703,4.5,Yelp (6),HVAC services,Open 24 hours,https://metrohci.com/,(515) 585-1123,info@metrohci.com,"{""facebook"":""https://www.facebook.com/metrohci/"",""youtube"":""https://www.youtube.com/@metrohci/videos"",""instagram"":""https://www.instagram.com/metrohci/""}",https://www.facebook.com/metrohci/,https://www.instagram.com/metrohci/,
ypid:YN44F7579938904059,Lozier Heating & Cooling,"536 S 19th St, West Des Moines, IA 50265",https://www.bing.com/th?id=OLC.vOdyIFwcVSmM6w480x360&pid=Local,https://www.bing.com/maps?cp=41.55937957763672%7E-93.73250579833984&lvl=17.0&q=Lozier%20Heating%20%26%20Cooling%20%2C%20536%20S%2019th%20St%2C%20West%20Des%20Moines%2C%20IA%2050265,41.55937957763672,-93.73250579833984,3,Yelp (37),HVAC services,Open 24 hours,https://www.lozierheatingcooling.com/,(515) 267-1000,,"{""facebook"":""https://www.facebook.com/michael.filippelli.5/posts/10229438187233076"",""twitter"":""https://twitter.com/lozierhvac"",""linkedin"":""https://br.linkedin.com/company/heatingcool"",""yelp"":""https://www.yelp.com/biz/lozier-heating-and-cooling-west-des-moines""}",https://www.facebook.com/michael.filippelli.5/posts/10229438187233076,,https://twitter.com/lozierhvac
ypid:YN35CB32C58EDC4E05,Lenz Heating & Cooling,"7641 Douglas Ave, Urbandale, IA 50322",https://www.bing.com/th?id=OLC.tsqMbByQEcWPYA480x360&pid=Local,https://www.bing.com/maps?cp=41.62977600097656%7E-93.72376251220703&lvl=17.0&q=Lenz%20Heating%20%26%20Cooling%20%2C%207641%20Douglas%20Ave%2C%20Urbandale%2C%20IA%2050322,41.62977600097656,-93.72376251220703,4.5,Yelp (28),HVAC services,Open 24 hours,https://lenzmechanical.com/,(515) 225-6446,"last}@lenzmechanical.com,info.th@lensowheel.com",,,,
ypid:YN158034AB8464F960,"Honest Heating and Cooling, Inc","507 Player St, Marshalltown, IA 50158",https://www.bing.com/th?id=OLC.WCbGkppxMR7nvg480x360&pid=Local,https://www.bing.com/maps?cp=42.03935623168945%7E-92.9214859008789&lvl=17.0&q=Honest%20Heating%20and%20Cooling%2C%20Inc%20%2C%20507%20Player%20St%2C%20Marshalltown%2C%20IA%2050158,42.03935623168945,-92.9214859008789,5,Yelp (1),HVAC services,Closed · Opens tomorrow 08:00,https://www.honestheatingac.com/,(641) 753-3524,rachelu@honestheatingac.com,"{""facebook"":""https://www.facebook.com/people/honest-heating-and-cooling-inc/100083128580674/"",""yelp"":""https://www.yelp.com/biz/honest-heating-and-cooling-marshalltown?adjust_creative=microsoft&utm_campaign=yelp_feed&utm_medium=feed_v2&utm_source=microsoft""}",https://www.facebook.com/people/honest-heating-and-cooling-inc/100083128580674/,,
ypid:YN4ABC4E12FDCCC6C2,Central Iowa Mechanical,"1720 Fuller Rd, West Des Moines, IA 50265",https://www.bing.com/th?id=OLC.wZ5Nr/XhfsJthg480x360&pid=Local,https://www.bing.com/maps?cp=41.563785552978516%7E-93.72784423828125&lvl=17.0&q=Central%20Iowa%20Mechanical%20%2C%201720%20Fuller%20Rd%2C%20West%20Des%20Moines%2C%20IA%2050265,41.563785552978516,-93.72784423828125,2.5,Yelp (3),HVAC services,Closed · Opens tomorrow 07:30,http://www.cimech.com/,(515) 243-8126,"npage@cimech.com,ana.starbeck@trane.com,CIMinfo@cimech.com","{""yelp"":""https://www.yelp.com/biz/central-iowa-mechanical-west-des-moines-2"",""facebook"":""https://www.facebook.com/central-iowa-mechanical-105023239564460"",""twitter"":""https://twitter.com/centraliowame4""}",https://www.facebook.com/central-iowa-mechanical-105023239564460,,https://twitter.com/centraliowame4
ypid:YNEF67E7D6C9E846BB,"Holt Plumbing & Heating, Inc.","1202 Thomas Beck Rd Ste 101, Des Moines, IA 50315",https://www.bing.com/th?id=OLC.4WfVoST1bem66g480x360&pid=Local,https://www.bing.com/maps?cp=41.56747055053711%7E-93.6314697265625&lvl=17.0&q=Holt%20Plumbing%20%26%20Heating%2C%20Inc.%20%2C%201202%20Thomas%20Beck%20Rd%20Ste%20101%2C%20Des%20Moines%2C%20IA%2050315,41.56747055053711,-93.6314697265625,2,Yelp (56),HVAC services,Open 24 hours,https://holtplumbingandheating.com/,(515) 992-2250,"office@holtinc.com,info@alderview.com","{""facebook"":""https://www.facebook.com/holt-plumbing-heating-inc-248024328545958/""}",https://www.facebook.com/holt-plumbing-heating-inc-248024328545958/,,
ypid:YN5C426BCE2D9C89E4,City Wide Heating & Air Conditioning Inc.,"1300 73rd St, Windsor Heights, IA 50324",https://www.bing.com/th?id=OLC.2CgEQAlfEURt7A480x360&pid=Local,https://www.bing.com/maps?cp=41.602210998535156%7E-93.71863555908203&lvl=17.0&q=City%20Wide%20Heating%20%26%20Air%20Conditioning%20Inc.%20%2C%201300%2073rd%20St%2C%20Windsor%20Heights%2C%20IA%2050324,41.602210998535156,-93.71863555908203,2.5,Yelp (12),HVAC services,Open 24 hours,http://www.citywideheatingandair.com/,(515) 274-9361,,"{""facebook"":""https://www.facebook.com/citywideheatingandac""}",https://www.facebook.com/citywideheatingandac,,
ypid:YNA911A93DA0091F4D,Air-Con Mechanical Corporation / Air-Con Electric LLC,"1350 S Pleasant Hill Blvd, Pleasant Hill, IA",https://www.bing.com/th?id=OLC.6LX4iHSL3vqQWQ480x360&pid=Local,https://www.bing.com/maps?cp=41.57598876953125%7E-93.52127838134766&lvl=17.0&q=Air-Con%20Mechanical%20Corporation%20%2F%20Air-Con%20Electric%20LLC%20%2C%201350%20S%20Pleasant%20Hill%20Blvd%2C%20Pleasant%20Hill%2C%20IA,41.57598876953125,-93.52127838134766,,,Contractor,Closed · Opens tomorrow 08:00,https://www.airconmechanical.com/,(515) 243-5500,"service@airconmechanical.com,jshafferjr@airconmechanical.com,rmorris@airconmechanical.com","{""linkedin"":""https://www.linkedin.com/company/air-con-mechanical-corp."",""facebook"":""https://www.facebook.com/airconmechanicalelectric/""}",https://www.facebook.com/airconmechanicalelectric/,,
ypid:YNF4C7BCAD2FB68A25,"Hardon's Plumbing, Electrical, Heating and Air Conditioning","114 W 4th St, Tama, IA 52339",https://www.bing.com/th?id=OLC.M6WIMyY3JC0jUQ480x360&pid=Local,https://www.bing.com/maps?cp=41.96229934692383%7E-92.57701873779297&lvl=17.0&q=Hardon's%20Plumbing%2C%20Electrical%2C%20Heating%20and%20Air%20Conditioning%20%2C%20114%20W%204th%20St%2C%20Tama%2C%20IA%2052339,41.96229934692383,-92.57701873779297,2.5,Yelp (7),HVAC services,Open 24 hours,https://hardonservices.com/,(641) 484-3222,,"{""facebook"":""https://www.facebook.com/hardonsiowa"",""youtube"":""https://www.youtube.com/feed/history?utm_source=pp"",""yelp"":""https://www.yelp.com/biz/hardons-tama-2?adjust_creative=microsoft&utm_campaign=yelp_feed&utm_medium=feed_v2&utm_source=microsoft""}",https://www.facebook.com/hardonsiowa,,
ypid:YN11A3463846749142,Rube's Heating & Air,"5251 9th St, Great Bend, KS 67530",https://www.bing.com/th?id=OLC.p9fzm56z/q5yTA480x360&pid=Local,https://www.bing.com/maps?cp=38.36014175415039%7E-98.80443572998047&lvl=17.0&q=Rube's%20Heating%20%26%20Air%20%2C%205251%209th%20St%2C%20Great%20Bend%2C%20KS%2067530,38.36014175415039,-98.80443572998047,,,HVAC services,,https://www.rubesinc.com/,(620) 793-6769,"tranemen@rubesinc.com,info@robersgmbh.de",,,,
ypid:YN3115D3966E0A68C6,"Fahnestock Plumbing, HVAC & Electric","3532 N Comotara St, Wichita, KS 67226",https://www.bing.com/th?id=OLC.dMwkICXffNKRsw480x360&pid=Local,https://www.bing.com/maps?cp=37.74793243408203%7E-97.23634338378906&lvl=17.0&q=Fahnestock%20Plumbing%2C%20HVAC%20%26%20Electric%20%2C%203532%20N%20Comotara%20St%2C%20Wichita%2C%20KS%2067226,37.74793243408203,-97.23634338378906,3,Yelp (24),HVAC services,Closed · Opens tomorrow 08:00,https://fahnestockhvac.com/,(316) 943-4328,"employment@fahnestockhvac.com,info@fahnestockhvac.com","{""facebook"":""https://www.facebook.com/fahnestockhvac/?__tn__=%2cd%2cp-r&eid=ard5aqeyjneloinhaywybbno4ausutrgoqd3lmblgvtbk1oyl-m6bpxs93fv5ynfi4tifgj4k1uwaarc"",""instagram"":""https://www.instagram.com/fahnestockhvac/"",""youtube"":""https://www.youtube.com/feed/history?utm_source=pp"",""yelp"":""https://www.yelp.com/biz/fahnestock-plumbing-hvac-and-electric-wichita-7?adjust_creative=microsoft&utm_campaign=yelp_feed&utm_medium=feed_v2&utm_source=microsoft""}",https://www.facebook.com/fahnestockhvac/?__tn__=%2cd%2cp-r&eid=ard5aqeyjneloinhaywybbno4ausutrgoqd3lmblgvtbk1oyl-m6bpxs93fv5ynfi4tifgj4k1uwaarc,https://www.instagram.com/fahnestockhvac/,
ypid:YNCDAA30E0A0152389,Callabresi Heating & Cooling,"1655 Wall St, Salina, KS 67401",https://www.bing.com/th?id=OLC.6TV4a1t3wsTXXw480x360&pid=Local,https://www.bing.com/maps?cp=38.77394485473633%7E-97.63345336914062&lvl=17.0&q=Callabresi%20Heating%20%26%20Cooling%20%2C%201655%20Wall%20St%2C%20Salina%2C%20KS%2067401,38.77394485473633,-97.63345336914062,4.5,Angi (8),HVAC services,Open 24 hours,https://www.callabresi.com/,(785) 825-2599,"info@callabresi.com,glenrockgolf@live.com",,,,
ypid:YNF728499BFB5043AD,Dan's Heating and Cooling,"242 N New York Ave, Wichita, KS 67214",https://www.bing.com/th?id=OLC.+3pzl7KujWGT6w480x360&pid=Local,https://www.bing.com/maps?cp=37.68930435180664%7E-97.31916046142578&lvl=17.0&q=Dan's%20Heating%20and%20Cooling%20%2C%20242%20N%20New%20York%20Ave%2C%20Wichita%2C%20KS%2067214,37.68930435180664,-97.31916046142578,4.5,Yelp (16),HVAC services,Open 24 hours,https://danshc.com/,(316) 264-8951,"dans@danshc.com,marketing@ecrinternational.com","{""facebook"":""https://www.facebook.com/dansheatingandcooling/"",""youtube"":""https://www.youtube.com/c/danshc""}",https://www.facebook.com/dansheatingandcooling/,,
ypid:YNEE6BF449282680E5,Action Heating And Cooling and Plumbing,"Southwest Village, KS",https://www.bing.com/th?id=OLC.Z2jjdDus7xzSrA480x360&pid=Local,https://www.bing.com/maps?cp=37.65542984008789%7E-97.37760162353516&lvl=17.0&q=Action%20Heating%20And%20Cooling%20and%20Plumbing%20%2C%20Southwest%20Village%2C%20KS,37.65542984008789,-97.37760162353516,4.5,Yelp (12),HVAC services,Open 24 hours,https://www.action316hvac.com/,(316) 553-0319,jack@action316hvac.com,"{""linkedin"":""https://www.linkedin.com/company/action-heat-and-cooling/"",""instagram"":""https://www.instagram.com/action_hvac316?utm_source=qr"",""tiktok"":""https://www.tiktok.com/@action316.hvac.pl?_r=1&_t=zp-976qhp9qv4r""}",,https://www.instagram.com/action_hvac316?utm_source=qr,
ypid:YN3191821796CC6291,"CM3, Inc.","1831 S Anna St, Wichita, KS 67209",https://www.bing.com/th?id=OLC.yGZ3yUb5Q9vZHA480x360&pid=Local,https://www.bing.com/maps?cp=37.66122817993164%7E-97.39872741699219&lvl=17.0&q=CM3%2C%20Inc.%20%2C%201831%20S%20Anna%20St%2C%20Wichita%2C%20KS%2067209,37.66122817993164,-97.39872741699219,2.5,Indeed (4),HVAC services,Closed · Opens tomorrow 07:00,https://cm3mechanical.com/,(316) 262-1230,info@cm3mechanical.com,,,,
ypid:YNE987062267C6D779,"Standard Plumbing, Heating & Air Conditioning","609 PECAN CIR, Manhattan, KS 66502",https://www.bing.com/th?id=OLC.kKUM+aJzp69hiA480x360&pid=Local,https://www.bing.com/maps?cp=39.16847610473633%7E-96.59414672851562&lvl=17.0&q=Standard%20Plumbing%2C%20Heating%20%26%20Air%20Conditioning%20%2C%20609%20PECAN%20CIR%2C%20Manhattan%2C%20KS%2066502,39.16847610473633,-96.59414672851562,4,Yelp (8),HVAC services,Closed · Opens tomorrow 08:00,http://www.standardpha.com/,(785) 776-5012,,,,,
ypid:YN9348E4FE63C6B0B9,Midstate Mechanical Inc,"230 Levee Dr, Manhattan, KS 66502",https://www.bing.com/th?id=OLC.Co4uLcgsRqcjiQ480x360&pid=Local,https://www.bing.com/maps?cp=39.192012786865234%7E-96.5525894165039&lvl=17.0&q=Midstate%20Mechanical%20Inc%20%2C%20230%20Levee%20Dr%2C%20Manhattan%2C%20KS%2066502,39.192012786865234,-96.5525894165039,5,Yelp (1),HVAC services,Closed · Opens tomorrow 08:00,http://midstatemechanicalkansas.com/,(785) 537-4343,midstatemech@att.net,"{""facebook"":""https://www.facebook.com/profile.php?id=100049409714740&sk=reviews"",""twitter"":""https://twitter.com/midstatemech""}",https://www.facebook.com/profile.php?id=100049409714740&sk=reviews,,https://twitter.com/midstatemech
ypid:YNB7F8CC1BDBF5A560,Advantage Heating and A/C,"406 N 7th St, Lawrence, KS 66044",https://www.bing.com/th?id=OLC.H8pNCiomj2nvrg480x360&pid=Local,https://www.bing.com/maps?cp=38.97813415527344%7E-95.22392272949219&lvl=17.0&q=Advantage%20Heating%20and%20A%2FC%20%2C%20406%20N%207th%20St%2C%20Lawrence%2C%20KS%2066044,38.97813415527344,-95.22392272949219,4,Yelp (13),HVAC services,Open 24 hours,https://kansasadvantage.com/,(785) 842-6996,comfort@kansasadvantage.com,"{""yelp"":""https://www.yelp.com/biz/advantage-latta-whitlow-lawrence-2?adjust_creative=microsoft&utm_campaign=yelp_feed&utm_medium=feed_v2&utm_source=microsoft"",""facebook"":""https://www.facebook.com/advantage-heating-ac-inc-219599124776001/""}",https://www.facebook.com/advantage-heating-ac-inc-219599124776001/,,
ypid:YNBEA7575497E6B16B,American Services,"2408 S Pattie St, Wichita, KS 67216",https://www.bing.com/th?id=OLC.gXAmSKkjRot4zg480x360&pid=Local,https://www.bing.com/maps?cp=37.64957809448242%7E-97.32218933105469&lvl=17.0&q=American%20Services%20%2C%202408%20S%20Pattie%20St%2C%20Wichita%2C%20KS%2067216,37.64957809448242,-97.32218933105469,3,Yelp (6),HVAC services,Open 24 hours,http://www.americanservicesofks.com/,(316) 633-5866,"Brazil.ACS@gdit-gss.com,BrasiliaACS@state.gov","{""facebook"":""https://www.facebook.com/pamrober/posts/7884413961586103"",""yelp"":""https://www.yelp.com/biz/american-services-wichita"",""twitter"":""https://twitter.com/acrs_llc"",""instagram"":""https://instagram.com/american_residential/"",""youtube"":""https://youtube.com/channel/uc4_1xt7hzlc8rnnh4tkxzww""}",https://www.facebook.com/pamrober/posts/7884413961586103,https://instagram.com/american_residential/,https://twitter.com/acrs_llc
ypid:YN98D3855208FFD63C,Kruse Corporation,"3636 N Topeka St, Wichita, KS 67219",https://www.bing.com/th?id=OLC.GOnYSIQNeNCxew480x360&pid=Local,https://www.bing.com/maps?cp=37.74989318847656%7E-97.33393859863281&lvl=17.0&q=Kruse%20Corporation%20%2C%203636%20N%20Topeka%20St%2C%20Wichita%2C%20KS%2067219,37.74989318847656,-97.33393859863281,,,HVAC services,Closed · Opens tomorrow 07:00,http://www.krusecorp.com/,(316) 838-7885,"alumni@kps.edu.pk,kentk@krusecorp.com,micah@krusecorp.com,danlanzrath@cox.net,dan@krusecorp.com,scuriale@atindustriesinc.com,info@everbrightbd.com,ejafs@embarqmail.com,ryan@airtechkc.com","{""facebook"":""https://www.facebook.com/pages/kruse-corporation/111686418860330"",""twitter"":""https://twitter.com/krusecorp"",""youtube"":""https://www.youtube.com/user/krusecorporation"",""yelp"":""https://www.yelp.com/biz/kruse-corporation-wichita""}",https://www.facebook.com/pages/kruse-corporation/111686418860330,,https://twitter.com/krusecorp
ypid:YN834B964C9CB7C643,De Hart Plumbing Heating & Cooling,"706 Pecan Circle, Manhattan, KS 66502",https://www.bing.com/th?id=OLC.VqcDcUwJLwcXKA480x360&pid=Local,https://www.bing.com/maps?cp=39.16664123535156%7E-96.59490966796875&lvl=17.0&q=De%20Hart%20Plumbing%20Heating%20%26%20Cooling%20%2C%20706%20Pecan%20Circle%2C%20Manhattan%2C%20KS%2066502,39.16664123535156,-96.59490966796875,4,Yelp (25),HVAC services,Closed · Opens tomorrow 08:00,http://www.dehartplumbing.com/,(785) 341-4193,,"{""facebook"":""https://www.facebook.com/dehartplumbingheatingandcooling"",""yelp"":""https://www.yelp.com/biz/de-hart-plumbing-heating-and-cooling-manhattan-3"",""instagram"":""https://www.instagram.com/dehartplumbing/"",""tiktok"":""https://www.tiktok.com/@dehartphc"",""youtube"":""https://www.youtube.com/channel/ucmha38wj0dtesa49dn6lswq""}",https://www.facebook.com/dehartplumbingheatingandcooling,https://www.instagram.com/dehartplumbing/,
ypid:YNCAD1DB9F60A11CA3,Total Comfort Heating & Cooling Inc,"5847 Merriam Dr, Merriam, KS 66203",https://www.bing.com/th?id=OLC.okEoaVa5RJ9/Kg480x360&pid=Local,https://www.bing.com/maps?cp=39.02275085449219%7E-94.6939926147461&lvl=17.0&q=Total%20Comfort%20Heating%20%26%20Cooling%20Inc%20%2C%205847%20Merriam%20Dr%2C%20Merriam%2C%20KS%2066203,39.02275085449219,-94.6939926147461,2,Yelp (8),HVAC services,Closed · Opens tomorrow 08:00,https://www.tccoolman.com/contact.html,(913) 722-1168,,"{""facebook"":""https://www.facebook.com/totalcomfortheatingandcoolinginc/""}",https://www.facebook.com/totalcomfortheatingandcoolinginc/,,
ypid:YN4AFE34D0880CF730,"Mission Plumbing, Heating & Cooling","15550 W 109th St, Lenexa, KS 66219",https://www.bing.com/th?id=OLC.2dmwCvvXFiWKZg480x360&pid=Local,https://www.bing.com/maps?cp=38.93177795410156%7E-94.76676940917969&lvl=17.0&q=Mission%20Plumbing%2C%20Heating%20%26%20Cooling%20%2C%2015550%20W%20109th%20St%2C%20Lenexa%2C%20KS%2066219,38.93177795410156,-94.76676940917969,3,Yelp (91),HVAC services,Open 24 hours,https://www.missionphc.com/,(913) 347-5425,info@missionphc.com,"{""facebook"":""https://www.facebook.com/scorpion.co/"",""instagram"":""https://www.instagram.com/scorpion.co"",""linkedin"":""https://www.linkedin.com/company/scorpion"",""twitter"":""https://x.com/scorpiondotco"",""youtube"":""https://www.youtube.com/@scorpiondesign""}",https://www.facebook.com/scorpion.co/,https://www.instagram.com/scorpion.co,https://x.com/scorpiondotco
ypid:YN195F6D4AB7B7C68,DeBacker's Inc.,"1520 SE 10th Ave, Topeka, KS 66607",https://www.bing.com/th?id=OLC.MgPwgqYwQSiRYA480x360&pid=Local,https://www.bing.com/maps?cp=39.04461669921875%7E-95.65583038330078&lvl=17.0&q=DeBacker's%20Inc.%20%2C%201520%20SE%2010th%20Ave%2C%20Topeka%2C%20KS%2066607,39.04461669921875,-95.65583038330078,4.5,Yelp (7),HVAC services,Closed · Opens tomorrow 07:00,http://www.debackersinc.com/,(785) 232-2916,,,,,
ypid:YN7D0FB8D2E3BBAF43,"Blue Dot Heating, Air, Plumbing & Electrical","3365 SW Gage Blvd, Topeka, KS 66614",https://www.bing.com/th?id=OLC.tmM15PXQm+IciQ480x360&pid=Local,https://www.bing.com/maps?cp=39.00637435913086%7E-95.73128509521484&lvl=17.0&q=Blue%20Dot%20Heating%2C%20Air%2C%20Plumbing%20%26%20Electrical%20%2C%203365%20SW%20Gage%20Blvd%2C%20Topeka%2C%20KS%2066614,39.00637435913086,-95.73128509521484,2.5,Yelp (32),HVAC services,Open 24 hours,https://www.bluedotkansas.com/,(785) 260-8976,info@bluedotkansas.com,"{""facebook"":""https://www.facebook.com/scorpion.co/"",""linkedin"":""https://www.linkedin.com/company/scorpion"",""youtube"":""https://www.youtube.com/@scorpiondesign"",""twitter"":""https://x.com/scorpiondotco"",""instagram"":""https://www.instagram.com/scorpion.co""}",https://www.facebook.com/scorpion.co/,https://www.instagram.com/scorpion.co,https://x.com/scorpiondotco
ypid:YNA36E7B8302A4F8A8,Bright HVAC of Central Arkansas,"4100 E Kiehl Ave, Sherwood, AR 72120",https://www.bing.com/th?id=OLC.i5rFvi3KlX5exA480x360&pid=Local,https://www.bing.com/maps?cp=34.83156204223633%7E-92.18685150146484&lvl=17.0&q=Bright%20HVAC%20of%20Central%20Arkansas%20%2C%204100%20E%20Kiehl%20Ave%2C%20Sherwood%2C%20AR%2072120,34.83156204223633,-92.18685150146484,5,Yelp (1),HVAC services,Closed · Opens tomorrow 08:00,https://www.brighthvacllc.com/,(501) 451-3131,Customerservice@brighthvacllc.com,"{""facebook"":""https://www.facebook.com/472864082573311"",""instagram"":""https://www.instagram.com/brighthvac/"",""yelp"":""https://www.yelp.com/biz/bright-hvac-sherwood?adjust_creative=microsoft&utm_campaign=yelp_feed&utm_medium=feed_v2&utm_source=microsoft"",""youtube"":""https://www.youtube.com/feed/history?utm_source=pp""}",https://www.facebook.com/472864082573311,https://www.instagram.com/brighthvac/,
ypid:YNB0CB18D8C90E929D,Barnhart Heat & Air,"4905 James Rd, North Little Rock, AR 72118",https://www.bing.com/th?id=OLC.1w13zyCsxd2cbw480x360&pid=Local,https://www.bing.com/maps?cp=34.870384216308594%7E-92.32083892822266&lvl=17.0&q=Barnhart%20Heat%20%26%20Air%20%2C%204905%20James%20Rd%2C%20North%20Little%20Rock%2C%20AR%2072118,34.870384216308594,-92.32083892822266,3.5,Yelp (4),HVAC services,Open 24 hours,http://www.barnhartair.com/,(501) 851-4388,"service@barnhartair.com,barnhartair@yahoo.com,jculpepper@bathfittersouth.com,ben.coxworth@gizmag.com","{""facebook"":""https://www.facebook.com/barnhart-heat-air-349198921766339/?fref=ts"",""twitter"":""https://twitter.com/barnhartheatair""}",https://www.facebook.com/barnhart-heat-air-349198921766339/?fref=ts,,https://twitter.com/barnhartheatair
ypid:YN2D839221976324D7,Yates Maintenance,"6900 Morgan Cemetery Rd, Little Rock, AR 72223",https://www.bing.com/th?id=OLC.QhOOrMekB/wlFA480x360&pid=Local,https://www.bing.com/maps?cp=34.81702423095703%7E-92.50779724121094&lvl=17.0&q=Yates%20Maintenance%20%2C%206900%20Morgan%20Cemetery%20Rd%2C%20Little%20Rock%2C%20AR%2072223,34.81702423095703,-92.50779724121094,4.5,Yelp (6),HVAC services,Closed · Opens tomorrow 08:00,https://www.yatesmaintenance.com/,(501) 960-8971,"projects@yatesmaintenance.com,yatesmaintenance@gmail.com","{""facebook"":""https://www.facebook.com/permalink.php?story_fbid=549358078027467&id=100088598392202"",""yelp"":""https://www.yelp.com/biz/yates-maintenance-little-rock-2""}",https://www.facebook.com/permalink.php?story_fbid=549358078027467&id=100088598392202,,
ypid:YN626A647211EE3C51,Central Arkansas Service Company,"8010 Counts Massie Rd, North Little Rock, AR 72113",https://www.bing.com/th?id=OLC.OdSrA4RWnqa1mg480x360&pid=Local,https://www.bing.com/maps?cp=34.83573532104492%7E-92.3820571899414&lvl=17.0&q=Central%20Arkansas%20Service%20Company%20%2C%208010%20Counts%20Massie%20Rd%2C%20North%20Little%20Rock%2C%20AR%2072113,34.83573532104492,-92.3820571899414,,,HVAC services,Closed · Opens tomorrow 07:00,https://centralarservice.com/,(501) 307-1310,brandon@centralarservice.com,"{""facebook"":""https://www.facebook.com/p/central-arkansas-service-company-61566035020618/"",""instagram"":""https://www.instagram.com/centralarkansasservicecompany/""}",https://www.facebook.com/p/central-arkansas-service-company-61566035020618/,https://www.instagram.com/centralarkansasservicecompany/,
ypid:YNF37D70AC0A98C8DC,Stat Heat & Air,"Hill, Arkansas",https://www.bing.com/th?id=OLC.633AShPG4OS1yQ480x360&pid=Local,https://www.bing.com/maps?cp=34.886070251464844%7E-92.34258270263672&lvl=17.0&q=Stat%20Heat%20%26%20Air%20%2C%20Hill%2C%20Arkansas,34.886070251464844,-92.34258270263672,,,HVAC services,Open 24 hours,https://www.statheatandair.com/,(501) 291-0888,,,,,
ypid:YNE34042EE6AF34767,Airco Service,"9300 Maumelle Blvd, North Little Rock, AR 72113",https://www.bing.com/th?id=OLC.uGIcvzt6ZcSEGg480x360&pid=Local,https://www.bing.com/maps?cp=34.81610107421875%7E-92.36442565917969&lvl=17.0&q=Airco%20Service%20%2C%209300%20Maumelle%20Blvd%2C%20North%20Little%20Rock%2C%20AR%2072113,34.81610107421875,-92.36442565917969,1.5,Yelp (10),HVAC services,Open 24 hours,https://www.aircoservice.com/little-rock/,(501) 557-3860,"info@cdautoservice.be,info@aircoservice.com,jdoe@aircoservice.com,jane@aircoservice.com,Adecco.Korea@adecco.com,privacy@hometownservices.com,Smith@aircoservice.com,charlesalanglenn@gmail.com,cglenn@aircoservice.com,jxxxk@aircoservice.com,xx@aircoservice.com,JohDoe@aircoservice.com,athomas@aircoservice.com,FLast@aircoservice.com","{""facebook"":""https://www.facebook.com/heather.goldenclay/posts/10168435914745371"",""instagram"":""https://www.instagram.com/aircoservice/"",""youtube"":""https://www.youtube.com/channel/ucilbvrhwjnbcpsucfpz5itg/videos"",""twitter"":""https://twitter.com/aircoservice/""}",https://www.facebook.com/heather.goldenclay/posts/10168435914745371,https://www.instagram.com/aircoservice/,https://twitter.com/aircoservice/
ypid:YN1E3C337D0795B492,Bert Black - AC Heating Plumbing Electric,"1400 Westpark Dr, Little Rock, AR 72204",https://www.bing.com/th?id=OLC.+9MxJvHnYqbvLA480x360&pid=Local,https://www.bing.com/maps?cp=34.73965835571289%7E-92.353271484375&lvl=17.0&q=Bert%20Black%20-%20AC%20Heating%20Plumbing%20Electric%20%2C%201400%20Westpark%20Dr%2C%20Little%20Rock%2C%20AR%2072204,34.73965835571289,-92.353271484375,2.5,Yelp (25),HVAC services,Open 24 hours,https://www.bertblack.com/little-rock,(501) 902-4566,"JSmith@bertblack.com,site.sac@epocacosmeticos.com.br,info@bertblack.com","{""instagram"":""https://www.instagram.com/bertblack_hcpe/"",""facebook"":""https://www.facebook.com/bertblack.lr"",""linkedin"":""https://www.linkedin.com/company/bert-black-service-company""}",https://www.facebook.com/bertblack.lr,https://www.instagram.com/bertblack_hcpe/,
ypid:YNFAFB92DB42CB6C68,"All American Heat & Air, Inc.","28 Jackson Oaks Dr, North Little Rock, AR 72120",,https://www.bing.com/maps?cp=34.888675689697266%7E-92.24271392822266&lvl=17.0&q=All%20American%20Heat%20%26%20Air%2C%20Inc.%20%2C%2028%20Jackson%20Oaks%20Dr%2C%20North%20Little%20Rock%2C%20AR%2072120,34.888675689697266,-92.24271392822266,,,HVAC services,Open 24 hours,http://www.allamericanheatandair.net/,(501) 920-2494,"Justin@AllAmericanHeatandAir.net,Danielle@AllAmericanHeatandAir.net","{""facebook"":""https://www.facebook.com/allamericanheatandair.inc/reviews""}",https://www.facebook.com/allamericanheatandair.inc/reviews,,
ypid:YND62B975EE5CEA1D7,Powers of Arkansas,"5440 Northshore Dr, North Little Rock, AR 72118",https://www.bing.com/th?id=OLC.8xT+44b4i25XkA480x360&pid=Local,https://www.bing.com/maps?cp=34.801334381103516%7E-92.3424301147461&lvl=17.0&q=Powers%20of%20Arkansas%20%2C%205440%20Northshore%20Dr%2C%20North%20Little%20Rock%2C%20AR%2072118,34.801334381103516,-92.3424301147461,,,HVAC services,Closed · Opens tomorrow 08:00,https://www.powers-hvac.com/,(877) 274-7127,"sales@powers-hvac.com,Randy.jacks@powers-hvac.com,Ron.mccarty@powers-hvac.com,pr@union.rpi.edu,showtechs@rpi.edu,lancar2@rpi.edu,palazd@rpi.edu,weinkl@rpi.edu,olivia.hope@powers-hvac.com,clayton.kinley@trane.com,scott.smith@powers-hvac.com,jimj@dvmindustries.us,april.kesterson@powers-hvac.com,keith.clement@powers-hvac.com,Justin@dbamericas.com","{""facebook"":""https://www.facebook.com/powersbuildinghvaccontrolsservice"",""instagram"":""https://www.instagram.com/powers.hvac/"",""linkedin"":""https://www.linkedin.com/company/powers-of-arkansas/"",""youtube"":""https://www.youtube.com/channel/uc5wgf46-scyctpvsqlp5r2w""}",https://www.facebook.com/powersbuildinghvaccontrolsservice,https://www.instagram.com/powers.hvac/,
ypid:YN9C27613EA57E57CF,Bob & Ed's Heating & Air Conditioning,"14807 MacArthur Dr, North Little Rock, AR 72118",https://www.bing.com/th?id=OLC.Mgnwd1CIRq6OBw480x360&pid=Local,https://www.bing.com/maps?cp=34.872920989990234%7E-92.34618377685547&lvl=17.0&q=Bob%20%26%20Ed's%20Heating%20%26%20Air%20Conditioning%20%2C%2014807%20MacArthur%20Dr%2C%20North%20Little%20Rock%2C%20AR%2072118,34.872920989990234,-92.34618377685547,4.5,Yelp (9),HVAC services,,https://bobandeds.com/?utm_source=bing-places&utm_medium=organic&utm_campaign=%2A611%2Abob-north-little-rock,(501) 222-8835,,,,,
ypid:YND806FEFA88B486B9,Advantage Service Company HVAC,"1797 N Cypress St, North Little Rock, AR 72114",https://www.bing.com/th?id=OLC.jEeESAmWHAfRtg480x360&pid=Local,https://www.bing.com/maps?cp=34.77076721191406%7E-92.26268005371094&lvl=17.0&q=Advantage%20Service%20Company%20HVAC%20%2C%201797%20N%20Cypress%20St%2C%20North%20Little%20Rock%2C%20AR%2072114,34.77076721191406,-92.26268005371094,2.5,Yelp (18),HVAC services,Open 24 hours,https://www.advantageserviceco.com/,(501) 663-2255,customerservice@advantageserviceco.com,"{""facebook"":""https://www.facebook.com/advantageserviceco/"",""twitter"":""https://twitter.com/advntgservice""}",https://www.facebook.com/advantageserviceco/,,https://twitter.com/advntgservice
ypid:YN6CB7822E09F27846,Sanders Plumbing HVAC,"4721 Hillard Rd, North Little Rock, AR 72118",https://www.bing.com/th?id=OLC.dVomuzFe9ZE+EA480x360&pid=Local,https://www.bing.com/maps?cp=34.81325149536133%7E-92.32070922851562&lvl=17.0&q=Sanders%20Plumbing%20HVAC%20%2C%204721%20Hillard%20Rd%2C%20North%20Little%20Rock%2C%20AR%2072118,34.81325149536133,-92.32070922851562,3.5,Yelp (15),HVAC services,Open 24 hours,https://www.sandersplumbinghvac.com/,(501) 374-0117,"dispatch@sandersplumbinghvac.com,dispatch@sanders-plumbing.com,cdwa9493@gmail.com","{""instagram"":""https://www.instagram.com/p/dujd4eeki9x/"",""facebook"":""https://www.facebook.com/sandersplumbco/"",""linkedin"":""https://www.linkedin.com/company/sanders-plumbing-hvac/"",""yelp"":""https://www.yelp.com/biz/sanders-plumbing-hvac-north-little-rock-3?start=10""}",https://www.facebook.com/sandersplumbco/,https://www.instagram.com/p/dujd4eeki9x/,
ypid:YN69C4BCF97DE40ED9,Seaton Heat N' Air & Electric,"2000 Lantrip Rd, Sherwood, AR 72120",https://www.bing.com/th?id=OLC.4m3xLOsB/0rVlw480x360&pid=Local,https://www.bing.com/maps?cp=34.8233528137207%7E-92.1971435546875&lvl=17.0&q=Seaton%20Heat%20N'%20Air%20%26%20Electric%20%2C%202000%20Lantrip%20Rd%2C%20Sherwood%2C%20AR%2072120,34.8233528137207,-92.1971435546875,3,Yelp (6),HVAC services,Open 24 hours,https://seatonheatnair.com/,(501) 834-2610,office@seatonheatnair.com,"{""facebook"":""https://www.facebook.com/seatonheatnair"",""instagram"":""https://www.instagram.com/seaton.heat.n.air""}",https://www.facebook.com/seatonheatnair,https://www.instagram.com/seaton.heat.n.air,
ypid:YNF38A34CABBC5D92B,Middleton Heat & Air,"22039 I 30 N, Bryant, AR 72022",https://www.bing.com/th?id=OLC.3QBo/ET91c3BHQ480x360&pid=Local,https://www.bing.com/maps?cp=34.611968994140625%7E-92.51142120361328&lvl=17.0&q=Middleton%20Heat%20%26%20Air%20%2C%2022039%20I%2030%20N%2C%20Bryant%2C%20AR%2072022,34.611968994140625,-92.51142120361328,2,Yelp (22),HVAC services,Open 24 hours,https://middletoninc.com/locations/bryant/,(501) 847-0371,"profiles@birdeye.com,erwin@paragonarchitecture.com,jdoe@middletoninc.com,thrasher@theaaea.org,aflynn@middletoninc.com,hapc@midsouthparts.com,midsouthfilter@att.net,jwhitney@midwestgmax.com,estimating@mps-team.com,Miller@mmmech.com,lbrooks@middletoninc.com",,,,
ypid:YNC4B49F3AE3F22B56,Bain Heat and Air,"Benton, AR",https://www.bing.com/th?id=OLC.pYDNVElO8ZEgUA480x360&pid=Local,https://www.bing.com/maps?cp=34.74652862548828%7E-92.73628234863281&lvl=17.0&q=Bain%20Heat%20and%20Air%20%2C%20Benton%2C%20AR,34.74652862548828,-92.73628234863281,,,HVAC services,Closed · Opens tomorrow 06:00,https://bainheatandair.com/,(501) 590-5351,bainheatandair@gmail.com,"{""facebook"":""https://www.facebook.com/people/bain-heat-and-air/100047791219890/#""}",https://www.facebook.com/people/bain-heat-and-air/100047791219890/#,,
ypid:YN105EE14F856B1D9E,Super Tech Heat and Air,"11 Landon Ln, Greenbrier, AR 72058",https://www.bing.com/th?id=OLC.xUuho0bHfvPZEA480x360&pid=Local,https://www.bing.com/maps?cp=35.176246643066406%7E-92.39653015136719&lvl=17.0&q=Super%20Tech%20Heat%20and%20Air%20%2C%2011%20Landon%20Ln%2C%20Greenbrier%2C%20AR%2072058,35.176246643066406,-92.39653015136719,,,HVAC services,Closed · Opens tomorrow 08:00,https://supertechheatandair.com/,(501) 327-8808,superthai.business@gmail.com,,,,
ypid:YNB13BDEBD9BCC7980,"Hillenburg Heat & Air, LLC","125 Arena Rd, Cabot, AR 72023",https://www.bing.com/th?id=OLC.T2iu6pD83d6jMg480x360&pid=Local,https://www.bing.com/maps?cp=34.98065185546875%7E-92.04124450683594&lvl=17.0&q=Hillenburg%20Heat%20%26%20Air%2C%20LLC%20%2C%20125%20Arena%20Rd%2C%20Cabot%2C%20AR%2072023,34.98065185546875,-92.04124450683594,4.5,Yelp (13),HVAC services,Closed · Opens tomorrow 07:00,https://hillenburghvac.com/,(501) 843-4328,hillenburgheatandair@yahoo.com,"{""facebook"":""https://www.facebook.com/hillenburgheatandairllc"",""twitter"":""https://twitter.com/hillenburgair"",""yelp"":""https://www.yelp.com/biz/hillenburg-heat-and-air-cabot-4""}",https://www.facebook.com/hillenburgheatandairllc,,https://twitter.com/hillenburgair
ypid:YN35F098B8F414E65B,Smart Comfort Inc.,"15124 Arch Street Pike, Little Rock, AR 72206",https://www.bing.com/th?id=OLC.Tyr2PIEPDhlbrw480x360&pid=Local,https://www.bing.com/maps?cp=34.61372375488281%7E-92.31777954101562&lvl=17.0&q=Smart%20Comfort%20Inc.%20%2C%2015124%20Arch%20Street%20Pike%2C%20Little%20Rock%2C%20AR%2072206,34.61372375488281,-92.31777954101562,4.5,Yelp (7),Building contractor,Open 24 hours,https://www.smartcomfortinc.com/,(501) 326-3965,,"{""facebook"":""https://www.facebook.com/smartcomfortlr/"",""instagram"":""https://www.instagram.com/smartcomfortinc/"",""linkedin"":""https://www.linkedin.com/company/smart-comfort-inc""}",https://www.facebook.com/smartcomfortlr/,https://www.instagram.com/smartcomfortinc/,
ypid:YN7626C6074114BAED,Dickerson Air Conditioning & Refrigeration Service,"167 Pershing St, Austin, AR 72007",,https://www.bing.com/maps?cp=34.990570068359375%7E-91.98053741455078&lvl=17.0&q=Dickerson%20Air%20Conditioning%20%26%20Refrigeration%20Service%20%2C%20167%20Pershing%20St%2C%20Austin%2C%20AR%2072007,34.990570068359375,-91.98053741455078,,,HVAC services,Closed · Opens tomorrow 08:00,https://dickersonacandrefrigerationservice.com/,(501) 920-8227,,"{""yelp"":""https://www.yelp.com/biz/dickerson-a-c-and-refrigeration-service-austin""}",,,
ypid:YNC4CBC7F02D28C97C,"BR McGinty Plumbing, Heating & Air","500 S University Ave Suite 305A, Little Rock, AR 72205",https://www.bing.com/th?id=OLC.i+Spzm9CvVCJ4A480x360&pid=Local,https://www.bing.com/maps?cp=34.747581481933594%7E-92.34278869628906&lvl=17.0&q=BR%20McGinty%20Plumbing%2C%20Heating%20%26%20Air%20%2C%20500%20S%20University%20Ave%20Suite%20305A%2C%20Little%20Rock%2C%20AR%2072205,34.747581481933594,-92.34278869628906,2,Yelp (6),HVAC services,Closed · Opens tomorrow 07:30,https://www.brmcginty.com/,(501) 847-6800,matt@brmcginty.com,,,,
ypid:YN72D10EE1B9ED4A0,Leonard's Heat & Air,"Little Rock, AR",,https://www.bing.com/maps?cp=34.75904083251953%7E-92.5205307006836&lvl=17.0&q=Leonard's%20Heat%20%26%20Air%20%2C%20Little%20Rock%2C%20AR,34.75904083251953,-92.5205307006836,,,HVAC services,Open 24 hours,https://www.leonardsheatandair.com/,(501) 400-4467,,"{""facebook"":""https://www.facebook.com/leonardsheatandair/reviews/?ref=page_internal"",""instagram"":""https://www.instagram.com/leonardsheatandair/"",""yelp"":""https://www.yelp.com/writeareview/biz/fawpd07kpo3hdwjw1gvgwq?return_url=%2fbiz%2ffawpd07kpo3hdwjw1gvgwq&source=biz_details_war_button""}",https://www.facebook.com/leonardsheatandair/reviews/?ref=page_internal,https://www.instagram.com/leonardsheatandair/,
ypid:YNF4FE33D72592B14C,Dewees HVAC,"1155 Parkway St, Conway, AR 72034",,https://www.bing.com/maps?cp=35.09400177001953%7E-92.44354248046875&lvl=17.0&q=Dewees%20HVAC%20%2C%201155%20Parkway%20St%2C%20Conway%2C%20AR%2072034,35.09400177001953,-92.44354248046875,2.5,Yelp (3),HVAC services,Closed · Opens tomorrow 08:00,https://www.dewees-hvac.com/,(501) 449-3072,deweeshvac@outlook.com,"{""facebook"":""https://www.facebook.com/deweeshvac/about/"",""yelp"":""https://www.yelp.com/biz/dewees-hvac-conway""}",https://www.facebook.com/deweeshvac/about/,,
ypid:YND1F7D812060AEB4,Middleton Heat & Air,"55 Nabco Dr, Conway, AR 72032",https://www.bing.com/th?id=OLC.XNmKyJALz1TITg480x360&pid=Local,https://www.bing.com/maps?cp=35.07019805908203%7E-92.41793823242188&lvl=17.0&q=Middleton%20Heat%20%26%20Air%20%2C%2055%20Nabco%20Dr%2C%20Conway%2C%20AR%2072032,35.07019805908203,-92.41793823242188,5,Yelp (1),HVAC services,Open 24 hours,https://middletoninc.com/locations/conway/,(501) 327-4555,"profiles@birdeye.com,erwin@paragonarchitecture.com,jdoe@middletoninc.com,thrasher@theaaea.org,aflynn@middletoninc.com,hapc@midsouthparts.com,midsouthfilter@att.net,jwhitney@midwestgmax.com,estimating@mps-team.com,Miller@mmmech.com,lbrooks@middletoninc.com",,,,
ypid:YND2F42A75DEDE42E8,"BR McGinty Plumbing, Heating & Air","24320 Interstate-30 W, Bryant, AR 72022",https://www.bing.com/th?id=OLC.WpJyseGrxXOa9g480x360&pid=Local,https://www.bing.com/maps?cp=34.62904739379883%7E-92.47715759277344&lvl=17.0&q=BR%20McGinty%20Plumbing%2C%20Heating%20%26%20Air%20%2C%2024320%20Interstate-30%20W%2C%20Bryant%2C%20AR%2072022,34.62904739379883,-92.47715759277344,,,HVAC services,Closed · Opens tomorrow 07:30,https://www.brmcginty.com/,(501) 847-6800,,,,,
ypid:YNCCCA34346B6E431A,Freyaldenhoven Heating and Cooling,"1101 Front St, Conway, AR 72032",https://www.bing.com/th?id=OLC.fgMqEZF3YoR+nw480x360&pid=Local,https://www.bing.com/maps?cp=35.09348678588867%7E-92.4425277709961&lvl=17.0&q=Freyaldenhoven%20Heating%20and%20Cooling%20%2C%201101%20Front%20St%2C%20Conway%2C%20AR%2072032,35.09348678588867,-92.4425277709961,4,Yelp (4),HVAC services,Open 24 hours,https://www.freyaldenhoven.com/,(501) 764-9077,"info@freyaldenhoven.com,john@freyaldenhoven.com,jane@freyaldenhoven.com","{""facebook"":""https://www.facebook.com/pages/freyco/1636855676561859/"",""yelp"":""https://www.yelp.com/biz/freyaldenhoven-heating-and-cooling-conway"",""twitter"":""https://twitter.com/freyhvac""}",https://www.facebook.com/pages/freyco/1636855676561859/,,https://twitter.com/freyhvac
ypid:YN6879A36B157AC5B4,AirBoss Heating & Air,AR,,https://www.bing.com/maps?cp=34.75204086303711%7E-92.12942504882812&lvl=17.0&q=AirBoss%20Heating%20%26%20Air%20%2C%20AR,34.75204086303711,-92.12942504882812,,,HVAC services,Open 24 hours,https://www.airbosshvac.us/,(501) 902-5772,royprice@airbossair.com,"{""instagram"":""https://www.bing.com/images/search?view=detailv2&ccid=7ujkzscs&id=0b56b9c9abada988bbd3aa39be78ddfbf235afb7&thid=oip.7ujkzscsg6qukdwkbyn_kwhank&mediaurl=https%3a%2f%2flookaside.instagram.com%2fseo%2fgoogle_widget%2fcrawler%2f%3fmedia_id%3d3609182626267745446&cdnurl=https%3a%2f%2fth.bing.com%2fth%2fid%2fr.ed48e4cec7121ba42e29dc0a6f237f2b%3frik%3dt6818vvdel45qg%26pid%3dimgraw%26r%3d0&exph=2080&expw=1170&q=airboss+heating+&mode=overlay&form=iqfrba&ck=5da314a0cec785eb4123b17020f38c82&selectedindex=0&idpp=serp""}",,https://www.bing.com/images/search?view=detailv2&ccid=7ujkzscs&id=0b56b9c9abada988bbd3aa39be78ddfbf235afb7&thid=oip.7ujkzscsg6qukdwkbyn_kwhank&mediaurl=https%3a%2f%2flookaside.instagram.com%2fseo%2fgoogle_widget%2fcrawler%2f%3fmedia_id%3d3609182626267745446&cdnurl=https%3a%2f%2fth.bing.com%2fth%2fid%2fr.ed48e4cec7121ba42e29dc0a6f237f2b%3frik%3dt6818vvdel45qg%26pid%3dimgraw%26r%3d0&exph=2080&expw=1170&q=airboss+heating+&mode=overlay&form=iqfrba&ck=5da314a0cec785eb4123b17020f38c82&selectedindex=0&idpp=serp,
ypid:YN5F9FE3E292781ECA,Moore Heating and Air,"10 Commercial Dr, Cabot, AR 72023",https://www.bing.com/th?id=OLC.MOGqTjqwqQX4Rw480x360&pid=Local,https://www.bing.com/maps?cp=34.947174072265625%7E-92.05624389648438&lvl=17.0&q=Moore%20Heating%20and%20Air%20%2C%2010%20Commercial%20Dr%2C%20Cabot%2C%20AR%2072023,34.947174072265625,-92.05624389648438,3,Yelp (6),HVAC services,Closed · Opens tomorrow 08:00,https://www.sandersplumbinghvac.com/,(501) 843-6173,"dispatch@sandersplumbinghvac.com,dispatch@sanders-plumbing.com,cdwa9493@gmail.com","{""instagram"":""https://www.instagram.com/p/dujd4eeki9x/"",""facebook"":""https://www.facebook.com/sandersplumbinghvac"",""linkedin"":""https://www.linkedin.com/company/sanders-plumbing-hvac/""}",https://www.facebook.com/sandersplumbinghvac,https://www.instagram.com/p/dujd4eeki9x/,
ypid:YN524801C1607DBC0E,Four Seasons Service Company,"850 Simon St, Conway, AR 72032",https://www.bing.com/th?id=OLC.6nl7TzaG9ko+hw480x360&pid=Local,https://www.bing.com/maps?cp=35.0899543762207%7E-92.40674591064453&lvl=17.0&q=Four%20Seasons%20Service%20Company%20%2C%20850%20Simon%20St%2C%20Conway%2C%20AR%2072032,35.0899543762207,-92.40674591064453,3,Yelp (2),HVAC services,Closed · Opens tomorrow 08:00,http://fourseasonsserviceco.com/,(501) 329-8329,cleanburn@conwaycorp.net,"{""facebook"":""https://www.facebook.com/cleanburn"",""twitter"":""https://support.twitter.com/articles/20170405"",""youtube"":""https://www.youtube.com/user/cleanburnfurnaces"",""linkedin"":""https://www.linkedin.com/company/clean-burn-inc."",""instagram"":""https://www.instagram.com/cleanburn/""}",https://www.facebook.com/cleanburn,https://www.instagram.com/cleanburn/,https://support.twitter.com/articles/20170405
ypid:YN8AD6BBF1D6FBA77D,"Arnold Heating and Air, Inc.","Cadron, Arkansas",,https://www.bing.com/maps?cp=35.16080093383789%7E-92.47157287597656&lvl=17.0&q=Arnold%20Heating%20and%20Air%2C%20Inc.%20%2C%20Cadron%2C%20Arkansas,35.16080093383789,-92.47157287597656,,,HVAC services,Closed · Opens tomorrow 07:00,https://arnoldheatandair.com/,(501) 733-6063,,,,,
ypid:YN7EF7D4E256661DC6,SleepRite Heating & Cooling,"676 Rocky Point Rd, Conway, AR 72032",https://www.bing.com/th?id=OLC.QqLJ+gLfxUNuiQ480x360&pid=Local,https://www.bing.com/maps?cp=35.06142807006836%7E-92.29246520996094&lvl=17.0&q=SleepRite%20Heating%20%26%20Cooling%20%2C%20676%20Rocky%20Point%20Rd%2C%20Conway%2C%20AR%2072032,35.06142807006836,-92.29246520996094,,,HVAC supplier,Closed · Opens tomorrow 07:30,https://www.sleepritehvac.com/,(501) 940-4283,,"{""facebook"":""https://www.bing.com/images/search?view=detailv2&ccid=r619w7gd&id=41aad6610faf5cec38604797a5b8941c119ecb97&thid=oip.r619w7gdzylfjog8bowxjghad4&mediaurl=https://www.guiaavacr.com.br/wp-content/themes/avac/images/thumbnail-facebook.jpg&q=sleeprite+heating+&ck=aab47bbf764909079f6110d2d826837c&idpp=rc&expw=1200&exph=630&form=rc2idp""}",https://www.bing.com/images/search?view=detailv2&ccid=r619w7gd&id=41aad6610faf5cec38604797a5b8941c119ecb97&thid=oip.r619w7gdzylfjog8bowxjghad4&mediaurl=https://www.guiaavacr.com.br/wp-content/themes/avac/images/thumbnail-facebook.jpg&q=sleeprite+heating+&ck=aab47bbf764909079f6110d2d826837c&idpp=rc&expw=1200&exph=630&form=rc2idp,,
ypid:YN242710E945C87B2B,Noland Heat and Air,"291 E Lincoln Ave, Searcy, AR 72143",https://www.bing.com/th?id=OLC.gZN43olhwdKCHg480x360&pid=Local,https://www.bing.com/maps?cp=35.23973846435547%7E-91.73411560058594&lvl=17.0&q=Noland%20Heat%20and%20Air%20%2C%20291%20E%20Lincoln%20Ave%2C%20Searcy%2C%20AR%2072143,35.23973846435547,-91.73411560058594,,,HVAC services,Closed · Opens tomorrow 08:00,https://nolandheatandair.com/,(501) 365-8455,rwnoland@gmail.com,"{""facebook"":""https://www.facebook.com/nhasearcy/?ref=py_c&__xts__""}",https://www.facebook.com/nhasearcy/?ref=py_c&__xts__,,
ypid:YN4697352996C318CB,Julian Heat & Air,"123 E Main St, Heber Springs, AR 72543",https://www.bing.com/th?id=OLC.dwd+dUX3vhzeHQ480x360&pid=Local,https://www.bing.com/maps?cp=35.49117660522461%7E-92.02799987792969&lvl=17.0&q=Julian%20Heat%20%26%20Air%20%2C%20123%20E%20Main%20St%2C%20Heber%20Springs%2C%20AR%2072543,35.49117660522461,-92.02799987792969,5,Yelp (2),HVAC services,Open 24 hours,https://julianheatandair.com/,(501) 290-7366,,"{""facebook"":""https://www.facebook.com/julianheatandair"",""youtube"":""https://www.youtube.com/channel/ucqurkh0avewl8gch8s5qsog""}",https://www.facebook.com/julianheatandair,,
ypid:YNB08331D018B8CA93,Sub Zero Heating and Air,"404 Manson Rd Ste 160, Sherwood, AR 72120",https://www.bing.com/th?id=OLC.dEVXJbM9CVTrOg480x360&pid=Local,https://www.bing.com/maps?cp=34.83005905151367%7E-92.18812561035156&lvl=17.0&q=Sub%20Zero%20Heating%20and%20Air%20%2C%20404%20Manson%20Rd%20Ste%20160%2C%20Sherwood%2C%20AR%2072120,34.83005905151367,-92.18812561035156,4.5,Yelp (6),HVAC services,Closed · Opens tomorrow 00:00,https://www.subzeroarkansas.com/,(501) 349-6358,,"{""yelp"":""https://www.yelp.com/biz/sub-zero-heating-and-air-sherwood?adjust_creative=microsoft&utm_campaign=yelp_feed&utm_medium=feed_v2&utm_source=microsoft""}",,,
ypid:YND3365AC700A98BDB,Sears Heating and Air Conditioning,"500 W Markham St, Little Rock, AR 72201",https://www.bing.com/th?id=OLC.cOO8IWegWfnxWA480x360&pid=Local,https://www.bing.com/maps?cp=34.74919128417969%7E-92.2755126953125&lvl=17.0&q=Sears%20Heating%20and%20Air%20Conditioning%20%2C%20500%20W%20Markham%20St%2C%20Little%20Rock%2C%20AR%2072201,34.74919128417969,-92.2755126953125,5,Angi (7),HVAC services,Closed · Opens tomorrow 06:00,https://www.searshomeservices.com/repair/hvac-repair-service?SID=1035591&phone=7014044711,(701) 404-4711,"sywsolutions@syw.com,ShineTheLightCA@transformco.com,shmcdmca@transformco.com,support@searshomeservices.com,apptservices@searshomepro.com,shs@em.searshomeservices.com,commercialservice@homesite.com","{""facebook"":""https://www.facebook.com/searshomeservices"",""twitter"":""https://twitter.com/searshomeexpert"",""youtube"":""https://www.youtube.com/user/searshomeservice"",""pinterest"":""https://www.pinterest.com/searshomeexpert/""}",https://www.facebook.com/searshomeservices,,https://twitter.com/searshomeexpert
ypid:YN74648912AA3551A0,Sears Heating and Air Conditioning,"209 Skyline Dr, Conway, AR 72032",https://www.bing.com/th?id=OLC.cOO8IWegWfnxWA480x360&pid=Local,https://www.bing.com/maps?cp=35.111568450927734%7E-92.4283676147461&lvl=17.0&q=Sears%20Heating%20and%20Air%20Conditioning%20%2C%20209%20Skyline%20Dr%2C%20Conway%2C%20AR%2072032,35.111568450927734,-92.4283676147461,,,HVAC services,Closed · Opens tomorrow 06:00,https://www.searshomeservices.com/repair/hvac-repair-service?SID=3217&phone=7013685506,(701) 368-5506,,,,,
ypid:YN3554555BA4C9B3A6,Commercial Air Inc,"9811 I 30, Little Rock, AR 72209",https://www.bing.com/th?id=OLC.EOhdLM0e+LmZug480x360&pid=Local,https://www.bing.com/maps?cp=34.671966552734375%7E-92.37323760986328&lvl=17.0&q=Commercial%20Air%20Inc%20%2C%209811%20I%2030%2C%20Little%20Rock%2C%20AR%2072209,34.671966552734375,-92.37323760986328,,,HVAC services,Open 24 hours,http://www.commercialairinc.com/,(501) 562-6982,comair@comair-inc.com,,,,
ypid:YN9593C7D95E6D0F9F,Airmasters Inc,"8107 I 30, Little Rock, AR 72209",https://www.bing.com/th?id=OLC.pjjlWwdEfprfzw480x360&pid=Local,https://www.bing.com/maps?cp=34.678348541259766%7E-92.33638000488281&lvl=17.0&q=Airmasters%20Inc%20%2C%208107%20I%2030%2C%20Little%20Rock%2C%20AR%2072209,34.678348541259766,-92.33638000488281,2.5,Yelp (30),HVAC services,Open 24 hours,https://www.airmasters-ar.com/,(501) 758-6363,"airmastersar@gmail.com,contact@airmasters-ar.com,airparts@airparts.com.br,dholliman@airmasters-ar.com,holliman@airmasters-ar.com,janed@airmasters-ar.com","{""facebook"":""https://www.facebook.com/airmastersar"",""instagram"":""https://www.instagram.com/airmastersar/""}",https://www.facebook.com/airmastersar,https://www.instagram.com/airmastersar/,
ypid:YNEC4DD44EBA03E492,United Rentals - Power & HVAC,"8007 Counts Massie Rd, Maumelle, AR 72113",https://www.bing.com/th?id=OLC.qqWFfYb4wURhNg480x360&pid=Local,https://www.bing.com/maps?cp=34.83481979370117%7E-92.38356018066406&lvl=17.0&q=United%20Rentals%20-%20Power%20%26%20HVAC%20%2C%208007%20Counts%20Massie%20Rd%2C%20Maumelle%2C%20AR%2072113,34.83481979370117,-92.38356018066406,,,HVAC services,Closed · Opens tomorrow 07:00,https://www.unitedrentals.com/locations/ar/maumelle/power-hvac-rentals/aax?utm_source=bing&utm_medium=distrib&utm_campaign=yext,(501) 263-3635,"investors@unitedrentals.com,jdoe@unitedrentals.com,jane@unitedrentals.com,jane_doe@unitedrentals.com,JSmith@ur.com,JSmith@unitedrentals.com,JSmith@bakercorp.com,John_Smith@unitedrentals.com,John.L.Smith@unitedrentals.com,John.Smith@unitedrentals.com,John@unitedrentals.com,investors@ur.com,WEBJohn_Smith@unitedrentals.com,John.Smith@ur.com",,,,
ypid:YN4453F23956568E2B,Doug's Heating and Air,AR,,https://www.bing.com/maps?cp=34.75203323364258%7E-92.12945556640625&lvl=17.0&q=Doug's%20Heating%20and%20Air%20%2C%20AR,34.75203323364258,-92.12945556640625,,,Home service,Closed · Opens tomorrow 08:00,http://www.dougsheatingandairllc.com/,(501) 412-8222,,,,,
ypid:YNC3567636D12FE7DC,Sunbelt Rentals Power & HVAC,"1705 Whitten Rd, Conway, AR 72032",https://www.bing.com/th?id=OLC.GUVGLN/G4nkm8A480x360&pid=Local,https://www.bing.com/maps?cp=35.05255126953125%7E-92.40636444091797&lvl=17.0&q=Sunbelt%20Rentals%20Power%20%26%20HVAC%20%2C%201705%20Whitten%20Rd%2C%20Conway%2C%20AR%2072032,35.05255126953125,-92.40636444091797,,,HVAC services,Closed · Opens tomorrow 07:00,https://www.sunbeltrentals.com/location/ar/conway/power-hvac-equipment-rentals/1071/,(501) 585-6136,"veterans@sunbeltrentals.com,John.Smith@sunbeltrentals.com,SBR4gov@sunbeltrentals.com,pcm338@sunbeltrentals.com,customerservice@sunbeltrentals.com,privacy@sunbeltrentals.com,insurancecertificates@sunbeltrentals.com,HRRecruitment@sunbeltrentals.com,canadahr@sunbeltrentals.com,careers@sunbeltrentals.co.uk,pcm216@sunbeltrentals.com,humanresources@sunbeltrentals.com,Nicholas.charles@sunbeltrentals.com,apinvoices@sunbeltrentals.com,pcm1121@sunbeltrentals.com,pcm502@sunbeltrentals.com,pcm1017@sunbeltrentals.com,pcm397@sunbeltrentals.com","{""facebook"":""https://www.facebook.com/sunbeltrentals"",""twitter"":""https://twitter.com/sunbeltrentals"",""youtube"":""https://www.youtube.com/watch?v=mtb7mj5nzb4"",""linkedin"":""https://www.linkedin.com/company/sunbelt-rentals/"",""instagram"":""https://www.instagram.com/sunbeltrentals/""}",https://www.facebook.com/sunbeltrentals,https://www.instagram.com/sunbeltrentals/,https://twitter.com/sunbeltrentals
ypid:YN24AC22C3FFE2A69F,Airetech Corporation,"7631 Northshore Pl, North Little Rock, AR 72118",https://www.bing.com/th?id=OLC.HUbsG43mnZvE1g480x360&pid=Local,https://www.bing.com/maps?cp=34.8050537109375%7E-92.34638214111328&lvl=17.0&q=Airetech%20Corporation%20%2C%207631%20Northshore%20Pl%2C%20North%20Little%20Rock%2C%20AR%2072118,34.8050537109375,-92.34638214111328,,,HVAC supplier,Closed · Opens tomorrow 07:30,https://www.airetechcorp.com/,(501) 280-0404,"info@airetechcorp.com,andy@airetechcorp.com,andy.lyons@airetechcorp.com,forrest@airetechcorp.com,greenheckquotesSP@airetechcorp.com,ch@airetechcorp.com,john@airetechcorp.com","{""facebook"":""https://www.facebook.com/airetechcorp/about/"",""twitter"":""https://twitter.com/airetech"",""linkedin"":""https://www.linkedin.com/company/airetech-corporation""}",https://www.facebook.com/airetechcorp/about/,,https://twitter.com/airetech
ypid:YN3515C7D7425B14C9,"AirSouth Cooling, Heating, Plumbing, and Electrical","2860 Simpson Highway 49, Mendenhall, MS 39114",https://www.bing.com/th?id=OLC.S4VwLq+7OXWG7A480x360&pid=Local,https://www.bing.com/maps?cp=31.926191329956055%7E-89.81643676757812&lvl=17.0&q=AirSouth%20Cooling%2C%20Heating%2C%20Plumbing%2C%20and%20Electrical%20%2C%202860%20Simpson%20Highway%2049%2C%20Mendenhall%2C%20MS%2039114,31.926191329956055,-89.81643676757812,2,Yelp (30),HVAC services,Closes in 15 mins,https://www.airsouthnow.com/,(601) 847-9941,,"{""twitter"":""https://twitter.com/airsouthnow"",""facebook"":""https://www.facebook.com/airsouthnow/"",""youtube"":""https://www.youtube.com/feed/history?utm_source=pp""}",https://www.facebook.com/airsouthnow/,,https://twitter.com/airsouthnow
ypid:YNDF0B445B09FAC60C,"Springfield Heating and Air, LLC","261 N Taylor Ln, Gluckstadt, MS 39110",https://www.bing.com/th?id=OLC.qWYcjkezCPJ7nA480x360&pid=Local,https://www.bing.com/maps?cp=32.543025970458984%7E-90.0746841430664&lvl=17.0&q=Springfield%20Heating%20and%20Air%2C%20LLC%20%2C%20261%20N%20Taylor%20Ln%2C%20Gluckstadt%2C%20MS%2039110,32.543025970458984,-90.0746841430664,3.5,Yelp (6),HVAC services,Closed · Opens tomorrow 08:00,https://www.springfieldheatandair.com/,(601) 898-6013,,"{""facebook"":""https://www.facebook.com/policies/cookies""}",https://www.facebook.com/policies/cookies,,
ypid:YNCDC70F1880D31E9F,AD & D Air Heat And Electrical LLC,Mississippi,https://www.bing.com/th?id=OLC.Mr7QDQjeJKldOQ480x360&pid=Local,https://www.bing.com/maps?cp=32.567962646484375%7E-89.87648010253906&lvl=17.0&q=AD%20%26%20D%20Air%20Heat%20And%20Electrical%20LLC%20%2C%20Mississippi,32.567962646484375,-89.87648010253906,,,HVAC services,Open 24 hours,http://airheatandelectrical.com/,(601) 488-4540,auzy.moore@yahoo.com,,,,
ypid:YN79FE126FFACE3F2A,Dent Air Conditioning,"250 Highpoint Dr, Ridgeland, MS 39157",https://www.bing.com/th?id=OLC.7bUV2vfpqKDVKQ480x360&pid=Local,https://www.bing.com/maps?cp=32.40457534790039%7E-90.1764907836914&lvl=17.0&q=Dent%20Air%20Conditioning%20%2C%20250%20Highpoint%20Dr%2C%20Ridgeland%2C%20MS%2039157,32.40457534790039,-90.1764907836914,1,Yelp (10),HVAC services,Open 24 hours,https://dentairconditioning.com/,(601) 362-7222,service@dentairconditioning.com,"{""facebook"":""https://www.facebook.com/dentairconditioning/"",""instagram"":""https://www.instagram.com/dentairconditioning""}",https://www.facebook.com/dentairconditioning/,https://www.instagram.com/dentairconditioning,
ypid:YN2738A7BA9FB3411D,Triangle Air & Electric Inc.,"113 Amon St, Columbus, MS 39702",https://www.bing.com/th?id=OLC.Po03emLswLS8Kg480x360&pid=Local,https://www.bing.com/maps?cp=33.51701736450195%7E-88.38867950439453&lvl=17.0&q=Triangle%20Air%20%26%20Electric%20Inc.%20%2C%20113%20Amon%20St%2C%20Columbus%2C%20MS%2039702,33.51701736450195,-88.38867950439453,5,Angi (3),HVAC services,Closed · Opens tomorrow 07:00,https://www.triangleairandelectricinc.com/,(662) 327-8675,"webmaster@taecgroup.com,enquiry@tri-wall.com,enquiries-eu@tri-wall.com",,,,
ypid:YNE35CAD9FAB1F32CF,AC Remedies LLC,"2084 Dunbarton Dr, Jackson, MS 39216",https://www.bing.com/th?id=OLC.yLSoofPtaR6Plg480x360&pid=Local,https://www.bing.com/maps?cp=32.33126449584961%7E-90.13311767578125&lvl=17.0&q=AC%20Remedies%20LLC%20%2C%202084%20Dunbarton%20Dr%2C%20Jackson%2C%20MS%2039216,32.33126449584961,-90.13311767578125,,,HVAC services,Closed · Opens tomorrow 07:00,http://www.acremedies.com/,(601) 238-2509,info@acremedies.com,"{""facebook"":""https://www.facebook.com/acremedies/"",""twitter"":""https://twitter.com/acremediesllc"",""pinterest"":""https://www.pinterest.com/acremediesllc/"",""youtube"":""https://www.youtube.com/c/acremedies""}",https://www.facebook.com/acremedies/,,https://twitter.com/acremediesllc
ypid:YN92238FCA9FEB0CC,Southern Air Services LLC.,"110 Longridge Dr, Florence, MS 39073",https://www.bing.com/th?id=OLC.6XAh8QLFUbSgyg480x360&pid=Local,https://www.bing.com/maps?cp=32.12303161621094%7E-90.15452575683594&lvl=17.0&q=Southern%20Air%20Services%20LLC.%20%2C%20110%20Longridge%20Dr%2C%20Florence%2C%20MS%2039073,32.12303161621094,-90.15452575683594,,,HVAC services,Open 24 hours,http://southernairservicesllc.com/,(601) 624-8517,"southernairservicesllc@gmail.com,Southernairservicesllc@gmail.com","{""facebook"":""https://www.facebook.com/jimmy.lewis.31/posts/5158918124215509""}",https://www.facebook.com/jimmy.lewis.31/posts/5158918124215509,,
ypid:YN49E5988A60799FA0,Modern Air,"5243 Greenway Dr, Jackson, MS 39204",https://www.bing.com/th?id=OLC.00WelwMVLTgOWw480x360&pid=Local,https://www.bing.com/maps?cp=32.29115295410156%7E-90.28094482421875&lvl=17.0&q=Modern%20Air%20%2C%205243%20Greenway%20Dr%2C%20Jackson%2C%20MS%2039204,32.29115295410156,-90.28094482421875,5,Yelp (1),HVAC services,Closed · Opens tomorrow 08:00,https://www.mymodernair.com/,(601) 202-5968,,"{""facebook"":""https://www.facebook.com/mymodernair/""}",https://www.facebook.com/mymodernair/,,
ypid:YN6E135A6A929896F4,Cerami AC & Heating,"506 Grants Ferry Rd, Brandon, MS 39047",https://www.bing.com/th?id=OLC.tRD0Crza17/Ojw480x360&pid=Local,https://www.bing.com/maps?cp=32.364341735839844%7E-90.01693725585938&lvl=17.0&q=Cerami%20AC%20%26%20Heating%20%2C%20506%20Grants%20Ferry%20Rd%2C%20Brandon%2C%20MS%2039047,32.364341735839844,-90.01693725585938,5,Yelp (6),HVAC services,Closed · Opens tomorrow 08:00,https://ceramihvac.com/,(601) 317-0729,info@ceramihvac.com,,,,
ypid:YN2C81FF7B1A029431,Heblon Heating & Air Conditioning,"3202 Highway 45 N, Meridian, MS 39301",https://www.bing.com/th?id=OLC.6BHt4m7dDkIZCg480x360&pid=Local,https://www.bing.com/maps?cp=32.391204833984375%7E-88.67182922363281&lvl=17.0&q=Heblon%20Heating%20%26%20Air%20Conditioning%20%2C%203202%20Highway%2045%20N%2C%20Meridian%2C%20MS%2039301,32.391204833984375,-88.67182922363281,4,Yelp (2),HVAC services,Open 24 hours,https://heblonheatingandcooling.com/,(601) 203-3482,service@heblonheatingandcooling.com,"{""facebook"":""https://www.facebook.com/heblon-heating-air-conditioning-404218010415025/"",""youtube"":""https://www.youtube.com/channel/uc4tatg1xtbwvwrdkcramjuw"",""instagram"":""https://www.instagram.com/heblonheatingandcooling""}",https://www.facebook.com/heblon-heating-air-conditioning-404218010415025/,https://www.instagram.com/heblonheatingandcooling,
ypid:YN52DC723F2A844543,Bowlin Air Conditioning & Heating,"1511 Highland Ave, Greenwood, MS 38930",,https://www.bing.com/maps?cp=33.524757385253906%7E-90.17115783691406&lvl=17.0&q=Bowlin%20Air%20Conditioning%20%26%20Heating%20%2C%201511%20Highland%20Ave%2C%20Greenwood%2C%20MS%2038930,33.524757385253906,-90.17115783691406,,,HVAC services,Closed · Opens tomorrow 01:00,http://www.bowlinacandheat.com/,(662) 455-3426,travis@bowlinacandheat.com,"{""yelp"":""https://www.yelp.com/biz/bowlin-air-conditioning-and-heating-greenwood-2""}",,,
ypid:YNE4AED5D05B4BC963,Environment Masters,"168 E Porter St, Jackson, MS 39201",https://www.bing.com/th?id=OLC.WYY4iNKKnQa6xw480x360&pid=Local,https://www.bing.com/maps?cp=32.28850555419922%7E-90.1923599243164&lvl=17.0&q=Environment%20Masters%20%2C%20168%20E%20Porter%20St%2C%20Jackson%2C%20MS%2039201,32.28850555419922,-90.1923599243164,4,Yelp (40),HVAC services,Open 24 hours,https://environmentmasters.com/ac-heating-services/air-conditioning,(601) 921-7636,"reinshagen@reinshagen-coaching.de,info@environmentmasters.com","{""facebook"":""https://www.facebook.com/pg/environmentmasters"",""yelp"":""https://www.yelp.com/biz/environment-masters-jackson-5"",""instagram"":""https://www.instagram.com/environmentmastersac/"",""youtube"":""https://www.youtube.com/@environmentmastersjackson"",""linkedin"":""https://www.linkedin.com/company/environmentmasters/""}",https://www.facebook.com/pg/environmentmasters,https://www.instagram.com/environmentmastersac/,
ypid:YN3FA1105EF37DDBB4,"AirSouth Cooling, Heating, Plumbing, and Electrical (Greenville, MS)","233 MS-1, Greenville, MS 38701",,https://www.bing.com/maps?cp=33.40748977661133%7E-91.03756713867188&lvl=17.0&q=AirSouth%20Cooling%2C%20Heating%2C%20Plumbing%2C%20and%20Electrical%20(Greenville%2C%20MS)%20%2C%20233%20MS-1%2C%20Greenville%2C%20MS%2038701,33.40748977661133,-91.03756713867188,,,HVAC services,Open 24 hours,https://www.airsouthnow.com/,(662) 332-8164,,"{""twitter"":""https://twitter.com/airsouthnow"",""facebook"":""https://www.facebook.com/airsouthnow/"",""youtube"":""https://www.youtube.com/feed/history?utm_source=pp""}",https://www.facebook.com/airsouthnow/,,https://twitter.com/airsouthnow
ypid:YN300DB6D061A3C24,"American Air Specialists of Mississippi, Inc.","199 Sullivan Kilrain Rd, Hattiesburg, MS 39402",https://www.bing.com/th?id=OLC.v9ac0Kj2rjj0ww480x360&pid=Local,https://www.bing.com/maps?cp=31.2559871673584%7E-89.33908081054688&lvl=17.0&q=American%20Air%20Specialists%20of%20Mississippi%2C%20Inc.%20%2C%20199%20Sullivan%20Kilrain%20Rd%2C%20Hattiesburg%2C%20MS%2039402,31.2559871673584,-89.33908081054688,2.5,Yelp (3),HVAC services,Open 24 hours,http://www.aasofms.com/,(601) 583-2575,"info@aasofms.com,vwalley@aasofms.com","{""facebook"":""https://www.facebook.com/americanairspecialistsofmsinc"",""twitter"":""https://twitter.com/americanairspec"",""yelp"":""https://www.yelp.com/biz/american-air-specialists-of-mississippi-hattiesburg?adjust_creative=microsoft&utm_campaign=yelp_feed&utm_medium=feed_v2&utm_source=microsoft""}",https://www.facebook.com/americanairspecialistsofmsinc,,https://twitter.com/americanairspec
ypid:YN5510D2A2E1DB0504,"Southern Air Heating, Cooling & Plumbing","4178 Highway 51 MM, McComb, MS 39648",https://www.bing.com/th?id=OLC.HL4h5YCPk6uIzA480x360&pid=Local,https://www.bing.com/maps?cp=31.228548049926758%7E-90.45329284667969&lvl=17.0&q=Southern%20Air%20Heating%2C%20Cooling%20%26%20Plumbing%20%2C%204178%20Highway%2051%20MM%2C%20McComb%2C%20MS%2039648,31.228548049926758,-90.45329284667969,1.5,Yelp (7),HVAC services,Open 24 hours,https://www.southernairms.com/?utm_source=bing-places&utm_medium=organic&utm_campaign=%2A190%2Asouthern-air-mccomb,(601) 680-9598,"sales@snd.com.hk,sales@kaems.com,usuario@email.com.br","{""facebook"":""https://www.facebook.com/southernairheatingcooling/"",""youtube"":""https://www.youtube.com/watch?v=py5gllpogcy""}",https://www.facebook.com/southernairheatingcooling/,,
ypid:YN2639C69BF9275582,Sierra Air Cooling Heating & Plumbing Reno,"520 S Rock Blvd Ste 100, Reno, NV 89502",https://www.bing.com/th?id=OLC.VdQtstJ2FNCjZQ480x360&pid=Local,https://www.bing.com/maps?cp=39.50597381591797%7E-119.76322174072266&lvl=17.0&q=Sierra%20Air%20Cooling%20Heating%20%26%20Plumbing%20Reno%20%2C%20520%20S%20Rock%20Blvd%20Ste%20100%2C%20Reno%2C%20NV%2089502,39.50597381591797,-119.76322174072266,3.5,Yelp (416),HVAC services,Closed · Opens tomorrow 07:30,https://sierraair.com/,(775) 446-6621,"customerservice@sierraair.com,info@sierraair.com,tony_kasper@sierraair.com,contato@sierra.com.br","{""yelp"":""https://www.yelp.com/biz/sierra-air-reno"",""facebook"":""https://www.facebook.com/sierraairheatingandcooling/"",""instagram"":""https://www.instagram.com/p/dpo1z1geyrb/""}",https://www.facebook.com/sierraairheatingandcooling/,https://www.instagram.com/p/dpo1z1geyrb/,
ypid:YNBF0FAA3B9FF2AFAC,"Elite Plumbing, Heating & Air Conditioning","3085 E Post Rd, Las Vegas, NV 89120",https://www.bing.com/th?id=OLC.jDb9ajwcjmxBAw480x360&pid=Local,https://www.bing.com/maps?cp=36.074920654296875%7E-115.10792541503906&lvl=17.0&q=Elite%20Plumbing%2C%20Heating%20%26%20Air%20Conditioning%20%2C%203085%20E%20Post%20Rd%2C%20Las%20Vegas%2C%20NV%2089120,36.074920654296875,-115.10792541503906,3,Yelp (231),HVAC services,Open 24 hours,https://www.eliteheatingandacrepair.com/,(702) 263-2665,"info@eliteheatingandac.com,elite.gas@hotmail.com,contato@hidroelite.com.br","{""facebook"":""https://www.facebook.com/aquecedoreselite/"",""youtube"":""https://www.youtube.com/@eliteacrepairlv"",""yelp"":""https://www.yelp.com/biz/elite-heating-cooling-and-plumbing-las-vegas-2"",""instagram"":""https://www.instagram.com/hidroelitte/""}",https://www.facebook.com/aquecedoreselite/,https://www.instagram.com/hidroelitte/,
ypid:YN1BBCD1185AED20AE,"Super Service Cooling, Heating & Plumbing","6625 S Valley View Blvd, Las Vegas, NV 89118",https://www.bing.com/th?id=OLC.8OwnYhkHvSKyWA480x360&pid=Local,https://www.bing.com/maps?cp=36.06915283203125%7E-115.1910171508789&lvl=17.0&q=Super%20Service%20Cooling%2C%20Heating%20%26%20Plumbing%20%2C%206625%20S%20Valley%20View%20Blvd%2C%20Las%20Vegas%2C%20NV%2089118,36.06915283203125,-115.1910171508789,4.5,Yelp (578),HVAC services,Closed · Opens tomorrow 07:00,https://www.mysuperservice.com/,(702) 297-7462,"Helpdesk@inisis.co.th,support@mysuperservice.com,servicer@terra.com.br,msmuffet@tuffet.org","{""yelp"":""https://www.yelp.com/biz/super-service-cooling-and-heating-las-vegas"",""facebook"":""https://www.facebook.com/superservicecoolingandheating/"",""instagram"":""https://www.instagram.com/superservicelv/?hl=en"",""youtube"":""https://www.youtube.com/channel/uc9n6rjpfp8ss2e4qosyfp1w""}",https://www.facebook.com/superservicecoolingandheating/,https://www.instagram.com/superservicelv/?hl=en,
ypid:YN7C756001FE8E3A89,Nevada Residential Services Air Conditioning & Heating,"4620 Arville St, Las Vegas, NV 89103",https://www.bing.com/th?id=OLC./YTSwjCWDdYLTg480x360&pid=Local,https://www.bing.com/maps?cp=36.106163024902344%7E-115.19802856445312&lvl=17.0&q=Nevada%20Residential%20Services%20Air%20Conditioning%20%26%20Heating%20%2C%204620%20Arville%20St%2C%20Las%20Vegas%2C%20NV%2089103,36.106163024902344,-115.19802856445312,5,Yelp (491),HVAC services,Open 24 hours,https://nrs.vegas/,(702) 899-3249,"taxicomplaints@taxi.state.nv.us,nsacinfo@boxing.nv.gov,info@nrs.vegas,nvrscareers@gmail.com,GOEDFiscal@goed.nv.gov,mldinfo@mld.nv.gov,info@nrs.vegaswww.nrs.vegas","{""yelp"":""https://www.yelp.com/biz/nevada-residential-services-las-vegas-2"",""facebook"":""https://www.facebook.com/nevadaresidentialservices"",""instagram"":""https://www.instagram.com/nevadaresidentialservices/"",""twitter"":""https://twitter.com/nrshvacservices"",""youtube"":""https://www.youtube.com/@nevadaresidentialservices""}",https://www.facebook.com/nevadaresidentialservices,https://www.instagram.com/nevadaresidentialservices/,https://twitter.com/nrshvacservices
ypid:YN1150F8359415E522,Pure Plumbing & Air,"2950 E Sunset Rd #110, Las Vegas, NV 89120",https://www.bing.com/th?id=OLC.VxQO4qXw4Vpvsg480x360&pid=Local,https://www.bing.com/maps?cp=36.0720329284668%7E-115.1104736328125&lvl=17.0&q=Pure%20Plumbing%20%26%20Air%20%2C%202950%20E%20Sunset%20Rd%20%23110%2C%20Las%20Vegas%2C%20NV%2089120,36.0720329284668,-115.1104736328125,4.5,Yelp (1191),Plumbing,Open 24 hours,https://www.pureplumbinglv.com/,(702) 534-1910,"servicerequest@pureplumbinglv.com,support@hssservices.com,hr@pureplumbinglv.com,HR@pureplumbinglv.com,Servicerequest@pureplumbinglv.com","{""facebook"":""https://www.facebook.com/pureplumbinglasvegas/"",""yelp"":""https://www.yelp.com/biz/pure-plumbing-and-air-las-vegas"",""instagram"":""https://www.instagram.com/pureplumbingandair/"",""youtube"":""https://www.youtube.com/user/pureplumbinglv"",""twitter"":""https://twitter.com/pureplumbinglv"",""tiktok"":""https://www.tiktok.com/@pureplumbingandair?_t=8cgglgrwffq&_r=1""}",https://www.facebook.com/pureplumbinglasvegas/,https://www.instagram.com/pureplumbingandair/,https://twitter.com/pureplumbinglv
ypid:YNCEC83ECDC9CC72B9,Semper Fi Heating and Cooling,"1111 Grier Dr, Las Vegas, NV 89119",https://www.bing.com/th?id=OLC.zi7Mp9Lfp0Itdw480x360&pid=Local,https://www.bing.com/maps?cp=36.067970275878906%7E-115.13936614990234&lvl=17.0&q=Semper%20Fi%20Heating%20and%20Cooling%20%2C%201111%20Grier%20Dr%2C%20Las%20Vegas%2C%20NV%2089119,36.067970275878906,-115.13936614990234,,,HVAC services,Open 24 hours,https://www.semperfiheatingcooling.com/heating-cooling-las-vegas/,(702) 602-6623,"customercare@semperfiheatingcooling.com,semperficooling@yahoo.com,customerservice@semperfiheatingcooling.com,careers@semperfiheatingcooling.com,financeiro@servtherm.com.br","{""facebook"":""https://www.facebook.com/summitaclv/"",""youtube"":""https://www.youtube.com/channel/ucibivrsodrau8ia9mbvc6iw"",""yelp"":""https://www.ro.yelp.com/biz/summit-air-conditioning-las-vegas-2?hrid=rzuclf-gjajo8ccgv5phcq&osq=hvac"",""instagram"":""https://www.instagram.com/semperfi_heatingandcooling""}",https://www.facebook.com/summitaclv/,https://www.instagram.com/semperfi_heatingandcooling,
ypid:YNCF7B163A1BBB61A9,Air Pro Master Air Conditioning Repair & Installation,"2139 Industrial Rd, Las Vegas, NV 89102",https://www.bing.com/th?id=OLC.9manMpwMFprKIw480x360&pid=Local,https://www.bing.com/maps?cp=36.14637756347656%7E-115.16288757324219&lvl=17.0&q=Air%20Pro%20Master%20Air%20Conditioning%20Repair%20%26%20Installation%20%2C%202139%20Industrial%20Rd%2C%20Las%20Vegas%2C%20NV%2089102,36.14637756347656,-115.16288757324219,3,Yelp (753),HVAC services,Open 24 hours,https://airpromaster.com/,(702) 935-1540,kristina@airpromaster.com,,,,
ypid:YN2537ED19C5EBA59E,Sierra Air Conditioning & Plumbing,"4050 W Sunset Rd, Las Vegas, NV 89118",https://www.bing.com/th?id=OLC.6XoKElFH0jy4Kg480x360&pid=Local,https://www.bing.com/maps?cp=36.073307037353516%7E-115.19381713867188&lvl=17.0&q=Sierra%20Air%20Conditioning%20%26%20Plumbing%20%2C%204050%20W%20Sunset%20Rd%2C%20Las%20Vegas%2C%20NV%2089118,36.073307037353516,-115.19381713867188,4,Yelp (768),HVAC services,Open 24 hours,https://sierracoolslv.com/,(702) 344-0932,,"{""facebook"":""https://www.facebook.com/sierracoolslv/reviews"",""twitter"":""https://x.com/sierracoolslv"",""youtube"":""https://www.youtube.com/@sierracoolsvegas"",""linkedin"":""https://www.linkedin.com/company/sierra-llc"",""instagram"":""https://www.instagram.com/lvbearsywc/"",""yelp"":""https://www.yelp.com/biz/sierra-llc-air-conditioning-and-heating-las-vegas-5""}",https://www.facebook.com/sierracoolslv/reviews,https://www.instagram.com/lvbearsywc/,https://x.com/sierracoolslv
ypid:YN797B6CFCD8E52E5E,Goettl Air Conditioning and Plumbing - Las Vegas NV,"6521 W Post Rd Ste 1, Las Vegas, NV 89118",https://www.bing.com/th?id=OLC.ZiMc+51gjsPz0Q480x360&pid=Local,https://www.bing.com/maps?cp=36.07423782348633%7E-115.23399353027344&lvl=17.0&q=Goettl%20Air%20Conditioning%20and%20Plumbing%20-%20Las%20Vegas%20NV%20%2C%206521%20W%20Post%20Rd%20Ste%201%2C%20Las%20Vegas%2C%20NV%2089118,36.07423782348633,-115.23399353027344,2.5,Yelp (988),HVAC services,Open 24 hours,https://www.goettl.com/location/las-vegas-nevada/,(725) 234-0840,"compliance@goettl.com,procon@procon.co.kr,HR@Goettl.com,natalie.dapolito@acca.org,John.Smith@goettl.com,yslee@kbs.co.kr,mollie.toland@goettl.com,egreen523@aol.com,jane.doe@goettl.com,amber.mckee@goettl.com","{""facebook"":""https://www.facebook.com/goettl/"",""twitter"":""https://twitter.com/goettlair"",""instagram"":""https://www.instagram.com/goettlair/"",""youtube"":""https://www.youtube.com/channel/ucbgzj2yove0renm4spvj_qw"",""tiktok"":""https://www.tiktok.com/@goettlair"",""yelp"":""https://www.yelp.com/biz/goettl-air-conditioning-and-plumbing-las-vegas-las-vegas-3?start=100""}",https://www.facebook.com/goettl/,https://www.instagram.com/goettlair/,https://twitter.com/goettlair
ypid:YN53D488D18EAB293A,Legacy Air Conditioning and Heating,"4858 Cecile Ave, Las Vegas, NV 89115",https://www.bing.com/th?id=OLC.mN8lq3K8raJGUQ480x360&pid=Local,https://www.bing.com/maps?cp=36.21476745605469%7E-115.0675048828125&lvl=17.0&q=Legacy%20Air%20Conditioning%20and%20Heating%20%2C%204858%20Cecile%20Ave%2C%20Las%20Vegas%2C%20NV%2089115,36.21476745605469,-115.0675048828125,4.5,Yelp (946),HVAC services,Open 24 hours,https://legacyac.com/service-area/las-vegas-nevada/?utm_source=bing-places&utm_medium=organic&utm_campaign=%2A141%2Alegacy-air-las-vegas,(725) 245-1483,"info@legacyac.com,everythingcoolinc@yahoo.com","{""facebook"":""https://www.facebook.com/legacyair"",""twitter"":""https://twitter.com/legacyairlasveg"",""linkedin"":""https://www.linkedin.com/company/legacy-air-las-vegas/"",""yelp"":""https://www.yelp.com/biz/legacy-air-conditioning-and-heating-las-vegas-2"",""instagram"":""https://www.instagram.com/legacy_air/"",""youtube"":""https://www.youtube.com/@legacyac-nv""}",https://www.facebook.com/legacyair,https://www.instagram.com/legacy_air/,https://twitter.com/legacyairlasveg
ypid:YN33803755D5B32A3D,"Nevada Heating, Cooling, Plumbing","140 Icon Ct, Sparks, NV 89441",https://www.bing.com/th?id=OLC.Gc+6ICIgtPezCQ480x360&pid=Local,https://www.bing.com/maps?cp=39.67508316040039%7E-119.7085189819336&lvl=17.0&q=Nevada%20Heating%2C%20Cooling%2C%20Plumbing%20%2C%20140%20Icon%20Ct%2C%20Sparks%2C%20NV%2089441,39.67508316040039,-119.7085189819336,3.5,Yelp (146),HVAC services,Closed · Opens tomorrow 08:00,https://nevadaheating.com/,(775) 235-2135,"ysna@nktek.co.kr,rn2service@nevadaheating.com","{""facebook"":""https://www.facebook.com/nevadaheatingreno/"",""youtube"":""https://www.youtube.com/channel/ucmbukxi4nomrg95ld42eqda"",""yelp"":""https://www.yelp.com/biz/nevada-heating-spanish-springs?adjust_creative=microsoft&utm_campaign=yelp_feed&utm_medium=feed_v2&utm_source=microsoft""}",https://www.facebook.com/nevadaheatingreno/,,
ypid:YN52ECA6677656356B,Fast Affordable Air,"3867 S Valley View Blvd Ste 14, Las Vegas, NV 89103",https://www.bing.com/th?id=OLC.mSHfeH/sUjRfPw480x360&pid=Local,https://www.bing.com/maps?cp=36.12028503417969%7E-115.19134521484375&lvl=17.0&q=Fast%20Affordable%20Air%20%2C%203867%20S%20Valley%20View%20Blvd%20Ste%2014%2C%20Las%20Vegas%2C%20NV%2089103,36.12028503417969,-115.19134521484375,4.5,Yelp (446),HVAC services,Open 24 hours,https://www.fastaffordableair.com/,(702) 602-6022,"info@fastaffordableair.com,service@fastaffordableair.com,admin@fastaffordableair.com",,,,
ypid:YN45F39102F1E0C50,Martin Heating & Air LLC,Utah,https://www.bing.com/th?id=OLC.+8kDeGKc/rvstA480x360&pid=Local,https://www.bing.com/maps?cp=39.42272186279297%7E-111.63166809082031&lvl=17.0&q=Martin%20Heating%20%26%20Air%20LLC%20%2C%20Utah,39.42272186279297,-111.63166809082031,,,HVAC services,Closed · Opens tomorrow 08:00,https://martinheatingandairut.com/,(435) 262-7395,"martinheating16@yahoo.com,vendas@martinbianco.com.br","{""facebook"":""https://www.facebook.com/martinheatingandair""}",https://www.facebook.com/martinheatingandair,,
ypid:YN5CB127E991C10215,Infinity and Mechanical Services,Utah,https://www.bing.com/th?id=OLC.I2paO4wkrCEMBA480x360&pid=Local,https://www.bing.com/maps?cp=39.499698638916016%7E-111.5472183227539&lvl=17.0&q=Infinity%20and%20Mechanical%20Services%20%2C%20Utah,39.499698638916016,-111.5472183227539,,,HVAC services,Open 24 hours,https://infinity-hvac-and-mechanical-services-of-provo.ueniweb.com/,(385) 349-5300,"sebastian@sellthesound.com,legal@ueni.com,abuse@ueni.com,help@ueni.com,help@ueni.om","{""linkedin"":""https://www.linkedin.com/company/ueni-ltd/"",""youtube"":""https://www.youtube.com/feed/history?utm_source=pp"",""twitter"":""https://twitter.com/ueniltd"",""facebook"":""https://www.facebook.com/ueniltd"",""instagram"":""https://www.instagram.com/ueni.ltd/"",""tiktok"":""https://www.tiktok.com/@ueni.com""}",https://www.facebook.com/ueniltd,https://www.instagram.com/ueni.ltd/,https://twitter.com/ueniltd
ypid:YNFC1986D3DA34D7DC,Honest Heating & Cooling LLC,"Dimple Dell Oaks, UT",,https://www.bing.com/maps?cp=40.52143478393555%7E-111.76455688476562&lvl=17.0&q=Honest%20Heating%20%26%20Cooling%20LLC%20%2C%20Dimple%20Dell%20Oaks%2C%20UT,40.52143478393555,-111.76455688476562,,,HVAC services,Closed · Opens tomorrow 08:00,https://honesthvacutah.com/,(385) 977-4757,honestheatingandcoolingllc@gmail.com,"{""facebook"":""https://www.facebook.com/settings?tab=ads""}",https://www.facebook.com/settings?tab=ads,,
ypid:YNBD4868F3F07C0F1,"YES! Air Conditioning, Heating, Plumbing and Electric","2819 S 5600 W #124, West Valley City, UT 84120",https://www.bing.com/th?id=OLC.ulAVWfL1qjS+ig480x360&pid=Local,https://www.bing.com/maps?cp=40.70881271362305%7E-112.02377319335938&lvl=17.0&q=YES!%20Air%20Conditioning%2C%20Heating%2C%20Plumbing%20and%20Electric%20%2C%202819%20S%205600%20W%20%23124%2C%20West%20Valley%20City%2C%20UT%2084120,40.70881271362305,-112.02377319335938,2,Yelp (103),HVAC services,Open 24 hours,https://www.theyesmancan.com/locations/utah/west-valley-city/,(801) 683-9955,ccparequest@ars.com,"{""facebook"":""https://www.facebook.com/arsrescuerooter"",""twitter"":""https://twitter.com/arsrescuerooter"",""instagram"":""https://www.instagram.com/ars_rescuerooter/?hl=en"",""pinterest"":""https://ro.pinterest.com/arsrr/"",""youtube"":""https://www.youtube.com/channel/ucwcibajqbeidgfav7ssblpa"",""linkedin"":""https://www.linkedin.com/company/american-residential-services""}",https://www.facebook.com/arsrescuerooter,https://www.instagram.com/ars_rescuerooter/?hl=en,https://twitter.com/arsrescuerooter
ypid:YNA869C0258534A1F4,Utah Heating and Cooling,"Sandy, UT",https://www.bing.com/th?id=OLC.6EBG1jYFIJ+GiA480x360&pid=Local,https://www.bing.com/maps?cp=40.55377960205078%7E-111.84812927246094&lvl=17.0&q=Utah%20Heating%20and%20Cooling%20%2C%20Sandy%2C%20UT,40.55377960205078,-111.84812927246094,,,HVAC services,Closed · Opens tomorrow 08:00,https://utah-heatingcooling.com/,(801) 948-0663,,,,,
ypid:YN28A4D2FE3EF5771,HRC Climate Services Heating and Cooling,"1825 N Main St #4, Spanish Fork, UT 84660",https://www.bing.com/th?id=OLC.7N/1EQhxDS3oJg480x360&pid=Local,https://www.bing.com/maps?cp=40.1329231262207%7E-111.65531158447266&lvl=17.0&q=HRC%20Climate%20Services%20Heating%20and%20Cooling%20%2C%201825%20N%20Main%20St%20%234%2C%20Spanish%20Fork%2C%20UT%2084660,40.1329231262207,-111.65531158447266,5,Yelp (2),HVAC services,Closed · Opens tomorrow 07:30,https://hrcclimateservices.com/,(385) 332-3293,hrcclimateservices@gmail.com,,,,
ypid:YN7E035CE515770A02,"S.O.S. Plumbing, Heating & Cooling","45 E Columbia Ave, Millcreek, UT 84107",https://www.bing.com/th?id=OLC.jTxJAJWVkYyS0w480x360&pid=Local,https://www.bing.com/maps?cp=40.68144607543945%7E-111.88984680175781&lvl=17.0&q=S.O.S.%20Plumbing%2C%20Heating%20%26%20Cooling%20%2C%2045%20E%20Columbia%20Ave%2C%20Millcreek%2C%20UT%2084107,40.68144607543945,-111.88984680175781,5,Yelp (47),HVAC services,Open 24 hours,https://www.sosairutah.com/,(801) 890-3577,"Bryson@sosairutahstg.wpengine.com,Jake@sosairutahstg.wpengine.com,office@sosairutah.com","{""facebook"":""https://www.facebook.com/sosheatingandcooling/"",""twitter"":""https://x.com/sosairutah"",""youtube"":""https://www.youtube.com/channel/uczka419jxrs4eayjkqpginq"",""instagram"":""https://www.instagram.com/sosairutah/"",""yelp"":""https://www.yelp.com/biz/s-o-s-heating-and-cooling-salt-lake-city""}",https://www.facebook.com/sosheatingandcooling/,https://www.instagram.com/sosairutah/,https://x.com/sosairutah
ypid:YN399DC8A3B12EEFA7,Air Design Heating & Cooling,"325 Erickson Ln, Murray, UT 84107",https://www.bing.com/th?id=OLC.eZIMfUMW/zFIsg480x360&pid=Local,https://www.bing.com/maps?cp=40.662620544433594%7E-111.9001693725586&lvl=17.0&q=Air%20Design%20Heating%20%26%20Cooling%20%2C%20325%20Erickson%20Ln%2C%20Murray%2C%20UT%2084107,40.662620544433594,-111.9001693725586,4,Yelp (14),HVAC services,Closed · Opens tomorrow 08:00,http://www.airdesignheating.com/,(385) 332-8200,office@airdesignheating.com,"{""facebook"":""https://www.facebook.com/airdesignheating/""}",https://www.facebook.com/airdesignheating/,,
ypid:YN6A1157EE1817A941,"Any Hour Services - Electric, Plumbing, Heating & Air","1374 W 130 S, Orem, UT 84058",https://www.bing.com/th?id=OLC.0Rpo3hxCRg0N7w480x360&pid=Local,https://www.bing.com/maps?cp=40.29595184326172%7E-111.72779083251953&lvl=17.0&q=Any%20Hour%20Services%20-%20Electric%2C%20Plumbing%2C%20Heating%20%26%20Air%20%2C%201374%20W%20130%20S%2C%20Orem%2C%20UT%2084058,40.29595184326172,-111.72779083251953,2,Yelp (342),HVAC services,Open 24 hours,https://anyhourservices.com/,(801) 383-2292,"CCR@anyhourservices.com,ccr@anyhourservices.com,jane@anyhourservices.com","{""youtube"":""https://www.youtube.com/embed/jgypy91upny"",""facebook"":""https://www.facebook.com/patty.c.smit/posts/10229724730295986"",""instagram"":""https://www.instagram.com/anyhourservices"",""yelp"":""https://www.yelp.com/biz/any-hour-services-electric-plumbing-heating-and-air-orem-6"",""linkedin"":""https://www.linkedin.com/company/any-hour-services"",""twitter"":""https://www.twitter.com/anyhourrepair""}",https://www.facebook.com/patty.c.smit/posts/10229724730295986,https://www.instagram.com/anyhourservices,https://www.twitter.com/anyhourrepair
ypid:YN6127387E4E7BACB1,Utah's Best Home Pros,"2854 W 4700 S Ste C3, West Valley City, UT 84129",https://www.bing.com/th?id=OLC.2CAW5v3EbhREqA480x360&pid=Local,https://www.bing.com/maps?cp=40.668426513671875%7E-111.96061706542969&lvl=17.0&q=Utah's%20Best%20Home%20Pros%20%2C%202854%20W%204700%20S%20Ste%20C3%2C%20West%20Valley%20City%2C%20UT%2084129,40.668426513671875,-111.96061706542969,,,HVAC services,Open 24 hours,https://utahsbesthomepros.com/,(385) 324-1211,,,,,
ypid:YN1A6AE3C46BFC1E3F,Utah Climate Pros,"2772 West 14000 South, Bluffdale (Sl Co), UT 84065",https://www.bing.com/th?id=OLC.qJlZVizA/5QLqA480x360&pid=Local,https://www.bing.com/maps?cp=40.497318267822266%7E-111.95923614501953&lvl=17.0&q=Utah%20Climate%20Pros%20%2C%202772%20West%2014000%20South%2C%20Bluffdale%20(Sl%20Co)%2C%20UT%2084065,40.497318267822266,-111.95923614501953,,,HVAC services,Closed · Opens tomorrow 08:00,https://utahclimatepros.com/,(801) 804-5050,service@utahclimatepros.com,,,,
ypid:YN3F1FFEB02A3D633F,Salmon HVAC,"1265 W 1275 N #7, Centerville, UT 84014",https://www.bing.com/th?id=OLC.UxpS4vc7GBY8Dg480x360&pid=Local,https://www.bing.com/maps?cp=40.9323616027832%7E-111.8955307006836&lvl=17.0&q=Salmon%20HVAC%20%2C%201265%20W%201275%20N%20%237%2C%20Centerville%2C%20UT%2084014,40.9323616027832,-111.8955307006836,4.5,Yelp (16),HVAC services,Closed · Opens tomorrow 08:00,https://salmonhvac.com/,(801) 397-0030,"office@salmonhvac.com,tsalmon@salmonhvac.com,ell06008@byui.edu","{""instagram"":""https://www.instagram.com/salmonhvac"",""facebook"":""https://www.facebook.com/salmonhvac"",""twitter"":""https://twitter.com/wix"",""linkedin"":""https://www.linkedin.com/company/wix-com"",""youtube"":""https://www.youtube.com/@salmonhvaccenterville"",""tiktok"":""https://www.tiktok.com/@wix"",""yelp"":""https://www.yelp.com/biz/salmon-hvac-centerville?adjust_creative=microsoft&utm_campaign=yelp_feed&utm_medium=feed_v2&utm_source=microsoft""}",https://www.facebook.com/salmonhvac,https://www.instagram.com/salmonhvac,https://twitter.com/wix
ypid:YND3920AC5AFE829BE,"HVAC Construction, Inc.","624 W 900 N, North Salt Lake, UT 84054",https://www.bing.com/th?id=OLC.XrWIN1zJUHLMUQ480x360&pid=Local,https://www.bing.com/maps?cp=40.85871505737305%7E-111.92635345458984&lvl=17.0&q=HVAC%20Construction%2C%20Inc.%20%2C%20624%20W%20900%20N%2C%20North%20Salt%20Lake%2C%20UT%2084054,40.85871505737305,-111.92635345458984,4.5,Yelp (7),HVAC services,Closed · Opens tomorrow 08:00,https://hvacinutah.com/,(801) 298-4822,,"{""facebook"":""https://www.facebook.com/hvacconstruction"",""twitter"":""https://twitter.com/hvacconstruct/""}",https://www.facebook.com/hvacconstruction,,https://twitter.com/hvacconstruct/
ypid:YN26A94CE57212BAD0,Absolute Heating And Air,"5165 W Liberator Dr, Kearns, UT 84118",https://www.bing.com/th?id=OLC.peurkvgm+hQQgQ480x360&pid=Local,https://www.bing.com/maps?cp=40.66447448730469%7E-112.01445007324219&lvl=17.0&q=Absolute%20Heating%20And%20Air%20%2C%205165%20W%20Liberator%20Dr%2C%20Kearns%2C%20UT%2084118,40.66447448730469,-112.01445007324219,3.5,Yelp (8),HVAC services,Closed · Opens tomorrow 08:00,https://www.absolutehvacut.com/,(801) 982-0334,dave.absolutehvac@yahoo.com,"{""facebook"":""https://www.facebook.com/comfortbyabsolute"",""yelp"":""https://www.yelp.com/biz/absolute-heating-and-air-kearns-3?adjust_creative=microsoft&utm_campaign=yelp_feed&utm_medium=feed_v2&utm_source=microsoft""}",https://www.facebook.com/comfortbyabsolute,,
ypid:YN6BA9F346D6F7031A,Ascend HVAC,"Cobble Creek, UT",https://www.bing.com/th?id=OLC.pmyRPG3ssYs01Q480x360&pid=Local,https://www.bing.com/maps?cp=40.60506820678711%7E-112.02387237548828&lvl=17.0&q=Ascend%20HVAC%20%2C%20Cobble%20Creek%2C%20UT,40.60506820678711,-112.02387237548828,,,HVAC services,Open 24 hours,https://www.ascendhvac.com/,(801) 906-0925,marcus@ascendhvac.com,,,,
ypid:YNFA1539DD046C94D6,"MJ Mechanical, Heating & Air","900 N 400 W, North Salt Lake, UT 84054",https://www.bing.com/th?id=OLC.TS3HbeWSQru2JA480x360&pid=Local,https://www.bing.com/maps?cp=40.859073638916016%7E-111.92219543457031&lvl=17.0&q=MJ%20Mechanical%2C%20Heating%20%26%20Air%20%2C%20900%20N%20400%20W%2C%20North%20Salt%20Lake%2C%20UT%2084054,40.859073638916016,-111.92219543457031,,,HVAC services,Closed · Opens tomorrow 06:00,http://www.mjmutah.com/,(801) 292-8844,"info@mjmutah.com,info@lheureuxinc.com,joey@mjmutah.com","{""twitter"":""https://www.twitter.com/wix"",""linkedin"":""https://www.linkedin.com/company/mjmechanical""}",,,https://www.twitter.com/wix
ypid:YNC58E8E9FE44A9E9,"Triple T Heating, Cooling, Plumbing and Electrical","1550 N Main St, Spanish Fork, UT 84660",https://www.bing.com/th?id=OLC.IBcsDIHT5zcw1A480x360&pid=Local,https://www.bing.com/maps?cp=40.12965393066406%7E-111.65424346923828&lvl=17.0&q=Triple%20T%20Heating%2C%20Cooling%2C%20Plumbing%20and%20Electrical%20%2C%201550%20N%20Main%20St%2C%20Spanish%20Fork%2C%20UT%2084660,40.12965393066406,-111.65424346923828,4.5,Yelp (27),HVAC services,Open 24 hours,https://www.tripletheating.com/,(385) 437-1735,"bbohr@tttcool.com,jtanner@tripletheating.com,stephanie.peralez@Clarionhsg.com,centralregioncsc@clarionhsg.com,dataprivacy@clarionhsg.com,jessica@northridge-valley.com,customers@daisome.com","{""facebook"":""https://www.facebook.com/tripletheat/"",""spotify"":""https://open.spotify.com/show/0zlbbsijqtkzumws2ohdy9?si=ef4f96b12f254ccb""}",https://www.facebook.com/tripletheat/,,
ypid:YN67E0778BABADB293,CSA Heating & Air,"1460 W Business Park Dr, Orem, UT 84058",https://www.bing.com/th?id=OLC.TVBXlNjrMfEc5g480x360&pid=Local,https://www.bing.com/maps?cp=40.274658203125%7E-111.73007202148438&lvl=17.0&q=CSA%20Heating%20%26%20Air%20%2C%201460%20W%20Business%20Park%20Dr%2C%20Orem%2C%20UT%2084058,40.274658203125,-111.73007202148438,1,Yelp (2),HVAC services,Closed · Opens tomorrow 08:00,http://www.csaheating.com/,(801) 770-0774,"bidding@csaheating.com,dawsonbl@msu.edu,dickdan1@msu.edu,filicepa@msu.edu","{""yelp"":""https://www.yelp.com/biz/csa-heating-and-air-orem?adjust_creative=microsoft&utm_campaign=yelp_feed&utm_medium=feed_v2&utm_source=microsoft""}",,,
ypid:YN62881126D4530F89,Wright's Systems Inc,"1111 S State St, Provo, UT 84606",https://www.bing.com/th?id=OLC.oqGs0rFDU0FcLg480x360&pid=Local,https://www.bing.com/maps?cp=40.21910095214844%7E-111.63803100585938&lvl=17.0&q=Wright's%20Systems%20Inc%20%2C%201111%20S%20State%20St%2C%20Provo%2C%20UT%2084606,40.21910095214844,-111.63803100585938,4,Yelp (9),HVAC services,Closed · Opens tomorrow 08:00,http://www.wrightsairsystems.com/,(801) 377-4822,,"{""yelp"":""https://www.yelp.com/biz/wrights-air-systems-provo-3?adjust_creative=microsoft&utm_campaign=yelp_feed&utm_medium=feed_v2&utm_source=microsoft""}",,,
ypid:YN6F5AE7B09DAC270A,Bergmann Heating & Air Conditioning,"250 S Mountain Way Dr, Orem, UT 84058",https://www.bing.com/th?id=OLC.mWWV0EB5vISavA480x360&pid=Local,https://www.bing.com/maps?cp=40.292396545410156%7E-111.72735595703125&lvl=17.0&q=Bergmann%20Heating%20%26%20Air%20Conditioning%20%2C%20250%20S%20Mountain%20Way%20Dr%2C%20Orem%2C%20UT%2084058,40.292396545410156,-111.72735595703125,4.5,Angi (7),HVAC services,Closed · Opens tomorrow 08:00,http://www.bergmannhvac.com/,(801) 225-4622,,,,,
ypid:YN905455EEE30C2EE1,Paradise Heating & Air,"5760 Lindon St, Murray, UT 84107",,https://www.bing.com/maps?cp=40.6469841003418%7E-111.88724517822266&lvl=17.0&q=Paradise%20Heating%20%26%20Air%20%2C%205760%20Lindon%20St%2C%20Murray%2C%20UT%2084107,40.6469841003418,-111.88724517822266,,,HVAC services,Open 24 hours,https://getparadisehvac.com/,(385) 232-3929,"info@getparadisehvac.com,danmusicwork@gmail.com","{""facebook"":""https://www.facebook.com/people/paradise-heating-and-air/100064105477466/?sk=reviews"",""instagram"":""https://www.instagram.com/getparadisehvac/"",""yelp"":""https://www.yelp.com/biz/paradise-heating-and-air-bluffdale-2""}",https://www.facebook.com/people/paradise-heating-and-air/100064105477466/?sk=reviews,https://www.instagram.com/getparadisehvac/,
ypid:YN5BD906C1C0BBEC17,"Grunwald Plumbing, Heating & Air","11111 E Cir, Omaha, NE 68137",https://www.bing.com/th?id=OLC.bh71jaocIraYlg480x360&pid=Local,https://www.bing.com/maps?cp=41.2203369140625%7E-96.08760833740234&lvl=17.0&q=Grunwald%20Plumbing%2C%20Heating%20%26%20Air%20%2C%2011111%20E%20Cir%2C%20Omaha%2C%20NE%2068137,41.2203369140625,-96.08760833740234,,,HVAC services,Open 24 hours,http://www.grunwaldmech.com/,(402) 342-1911,"sbena@grunwald1.com,mike@airtechomaha.com,shoponline@hardwarehouse.co.th","{""facebook"":""https://www.grunwaldmech.com/\\\""https://www.facebook.com\\\"""",""instagram"":""https://www.grunwaldmech.com/\\\""http://instagram.com/grunwaldcontractorhvac/\\\""""}","https://www.grunwaldmech.com/\""https://www.facebook.com\""","https://www.grunwaldmech.com/\""http://instagram.com/grunwaldcontractorhvac/\""",
ypid:YNC845C5DB9836708C,"A-1 United Heating, Air & Electrical","4972 F St, Omaha, NE 68117",https://www.bing.com/th?id=OLC.rWi+jg+dq7cjWw480x360&pid=Local,https://www.bing.com/maps?cp=41.220436096191406%7E-95.98963165283203&lvl=17.0&q=A-1%20United%20Heating%2C%20Air%20%26%20Electrical%20%2C%204972%20F%20St%2C%20Omaha%2C%20NE%2068117,41.220436096191406,-95.98963165283203,3,Yelp (31),HVAC services,Open 24 hours,https://www.a1united.net/,(402) 593-7500,"support@a-1united.com,info@strategicamerica.com,willcohsd9@embarqmail.com,contato@portalcidadao.com,recursoshumanos@aointl.com,anna@tricomechanical.net,admin@uan-noi-soi-nueng.com","{""facebook"":""https://www.facebook.com/a1united""}",https://www.facebook.com/a1united,,
ypid:YN11E8EA56A69A9859,Knobel Refrigeration Inc.,"2420 W Front St, North Platte, NE 69101",https://www.bing.com/th?id=OLC.iF61TrpjmFNQUQ480x360&pid=Local,https://www.bing.com/maps?cp=41.1429443359375%7E-100.79096984863281&lvl=17.0&q=Knobel%20Refrigeration%20Inc.%20%2C%202420%20W%20Front%20St%2C%20North%20Platte%2C%20NE%2069101,41.1429443359375,-100.79096984863281,3,Yelp (2),HVAC services,Open 24 hours,http://www.knobelpro.com/,(308) 532-2993,"States3085322993Jess@knobelpro.com,Jess@knobelpro.com,Nancy@knobelpro.com","{""facebook"":""https://www.facebook.com/knobel-refrigeration-inc-253980557960878""}",https://www.facebook.com/knobel-refrigeration-inc-253980557960878,,
ypid:YN1847FB62D1513A2,Xtreme Heating and Cooling,"2720 N 84th St, Omaha, NE 68134",https://www.bing.com/th?id=OLC.tKQvXRB7OMooZQ480x360&pid=Local,https://www.bing.com/maps?cp=41.284000396728516%7E-96.04376220703125&lvl=17.0&q=Xtreme%20Heating%20and%20Cooling%20%2C%202720%20N%2084th%20St%2C%20Omaha%2C%20NE%2068134,41.284000396728516,-96.04376220703125,4.5,Yelp (10),HVAC services,Open 24 hours,https://xtremeheatingandcooling.com/,(402) 932-2656,,"{""facebook"":""https://www.facebook.com/xtremeheatingcooling/"",""youtube"":""https://www.youtube.com/feed/history?utm_source=pp"",""yelp"":""https://www.yelp.com/biz/xtreme-heating-and-cooling-omaha-2?adjust_creative=microsoft&utm_campaign=yelp_feed&utm_medium=feed_v2&utm_source=microsoft""}",https://www.facebook.com/xtremeheatingcooling/,,
ypid:YN6BDC94F5C43F3C61,Burton AC Heating Plumbing And More,"5010 F St, Omaha, NE 68117",https://www.bing.com/th?id=OLC.A9EsjTFbxPuIEQ480x360&pid=Local,https://www.bing.com/maps?cp=41.22012710571289%7E-95.99071502685547&lvl=17.0&q=Burton%20AC%20Heating%20Plumbing%20And%20More%20%2C%205010%20F%20St%2C%20Omaha%2C%20NE%2068117,41.22012710571289,-95.99071502685547,1.5,Yelp (189),HVAC services,Open 24 hours,https://www.justcallburton.com/,(402) 200-4032,"nfcenter2021@daum.net,customerservice@justcallburton.com,centralregioncsc@clarionhsg.com,dataprivacy@clarionhsg.com","{""facebook"":""https://www.facebook.com/scorpion.co/"",""youtube"":""https://www.youtube.com/@scorpiondesign"",""twitter"":""https://x.com/scorpiondotco"",""linkedin"":""https://www.linkedin.com/company/scorpion"",""instagram"":""https://www.instagram.com/scorpion.co""}",https://www.facebook.com/scorpion.co/,https://www.instagram.com/scorpion.co,https://x.com/scorpiondotco
ypid:YN966DD53412D81C89,The Waldinger Corporation,"1719 Rodeo Rd, North Platte, NE 69101",https://www.bing.com/th?id=OLC.I4knVcTc2AE5Ag480x360&pid=Local,https://www.bing.com/maps?cp=41.14840316772461%7E-100.78121185302734&lvl=17.0&q=The%20Waldinger%20Corporation%20%2C%201719%20Rodeo%20Rd%2C%20North%20Platte%2C%20NE%2069101,41.14840316772461,-100.78121185302734,,,HVAC services,Open 24 hours,http://waldinger.com/,(308) 534-7309,"jane.doe@waldinger.com,jdoe@waldinger.com,doe@waldinger.com,First.Last@waldinger.com,webmaster@waldinger.com,info@waldinger.com,ia@winnergy.co.th,chad.westphalen@waldinger.com,terry.tew@waldinger.com,bxxx@waldinger.com,name@waldinger.com","{""facebook"":""https://www.bing.com/images/search?view=detailv2&mediaurl=https%3a%2f%2fwww.waldinger.com%2ffilesimages%2fwaldinger-logo-facebook.jpg&expw=1200&exph=627&cbid=olc.i4knvctc2ae5ag480x360&cbn=local&idpp=local&thid=olc.i4knvctc2ae5ag480x360&ypid=yn873x14288891276744633934&usebfpr=0&eeptype=photogroups&datagroup=local:datagroup.photos&photogroupname=allphotos&pagetag=allphotos&selectedindex=0&id=olc.i4knvctc2ae5ag480x360&q=the waldinger corporation 1719 rodeo rd, north platte, ne 69101&pseg=homeandprofessionalservices&noidpclose=0&form=locimg"",""twitter"":""https://twitter.com/waldingercorp"",""linkedin"":""https://www.linkedin.com/company/the-waldinger-corporation"",""youtube"":""https://www.youtube.com/channel/uc0caojjvdd-cjcdb1ild6nq""}","https://www.bing.com/images/search?view=detailv2&mediaurl=https%3a%2f%2fwww.waldinger.com%2ffilesimages%2fwaldinger-logo-facebook.jpg&expw=1200&exph=627&cbid=olc.i4knvctc2ae5ag480x360&cbn=local&idpp=local&thid=olc.i4knvctc2ae5ag480x360&ypid=yn873x14288891276744633934&usebfpr=0&eeptype=photogroups&datagroup=local:datagroup.photos&photogroupname=allphotos&pagetag=allphotos&selectedindex=0&id=olc.i4knvctc2ae5ag480x360&q=the waldinger corporation 1719 rodeo rd, north platte, ne 69101&pseg=homeandprofessionalservices&noidpclose=0&form=locimg",,https://twitter.com/waldingercorp
ypid:YN35649A6D97BFF570,Complete Comfort,"6235 S 90th St, Omaha, NE 68127",https://www.bing.com/th?id=OLC.eUb2tvsJfcp/Vg480x360&pid=Local,https://www.bing.com/maps?cp=41.195945739746094%7E-96.05196380615234&lvl=17.0&q=Complete%20Comfort%20%2C%206235%20S%2090th%20St%2C%20Omaha%2C%20NE%2068127,41.195945739746094,-96.05196380615234,4.5,Yelp (75),HVAC services,Closed · Opens tomorrow 07:30,https://www.completecomfortomaha.com/,(402) 827-1827,office@completecomfortomaha.com,"{""twitter"":""https://twitter.com/heatingncooling"",""facebook"":""https://www.facebook.com/completecomfortomaha/"",""linkedin"":""https://www.linkedin.com/company/complete-comfort-heating-&-cooling/""}",https://www.facebook.com/completecomfortomaha/,,https://twitter.com/heatingncooling
ypid:YN1E34F7F44128AE37,Grunwald Mechanical Contractors & Engineers,"11111 E Cir, Omaha, NE 68137",https://www.bing.com/th?id=OLC.yFnzq6ejFpPlaA480x360&pid=Local,https://www.bing.com/maps?cp=41.2203369140625%7E-96.08760833740234&lvl=17.0&q=Grunwald%20Mechanical%20Contractors%20%26%20Engineers%20%2C%2011111%20E%20Cir%2C%20Omaha%2C%20NE%2068137,41.2203369140625,-96.08760833740234,5,Yelp (6),HVAC services,Open 24 hours,http://grunwaldmech.com/,(402) 545-0019,"sbena@grunwald1.com,mike@airtechomaha.com,shoponline@hardwarehouse.co.th","{""facebook"":""https://www.grunwaldmech.com/\\\""https://www.facebook.com\\\"""",""instagram"":""https://www.grunwaldmech.com/\\\""http://instagram.com/grunwaldcontractorhvac/\\\""""}","https://www.grunwaldmech.com/\""https://www.facebook.com\""","https://www.grunwaldmech.com/\""http://instagram.com/grunwaldcontractorhvac/\""",
ypid:YN4B0F34892A4CD5FF,Critel Enterprises LLC,"1103 Road 9, York, NE 68467",https://www.bing.com/th?id=OLC.PUMIVEws6wCPJg480x360&pid=Local,https://www.bing.com/maps?cp=40.81394577026367%7E-97.63300323486328&lvl=17.0&q=Critel%20Enterprises%20LLC%20%2C%201103%20Road%209%2C%20York%2C%20NE%2068467,40.81394577026367,-97.63300323486328,,,HVAC services,Closed · Opens tomorrow 07:30,https://www.critelenterprises.com/,(402) 362-2500,info@critelenterprises.com,"{""facebook"":""https://www.facebook.com/283579334846169/"",""yelp"":""https://www.yelp.com/biz/critel-enterprises-york""}",https://www.facebook.com/283579334846169/,,
ypid:YN71E8BEF13625249,"Anderson Bros Electric, Plumbing & Heating, Inc. - Holdrege","313 W 4th Ave, Holdrege, NE 68949",https://www.bing.com/th?id=OLC.iJB3R1uDjSWlWQ480x360&pid=Local,https://www.bing.com/maps?cp=40.43760681152344%7E-99.3846435546875&lvl=17.0&q=Anderson%20Bros%20Electric%2C%20Plumbing%20%26%20Heating%2C%20Inc.%20-%20Holdrege%20%2C%20313%20W%204th%20Ave%2C%20Holdrege%2C%20NE%2068949,40.43760681152344,-99.3846435546875,,,HVAC services,Open 24 hours,https://www.andersonbros.com/,(308) 252-5328,"sales@andersonbros.com,info@andersonbros.com,wash@ejkrause.com,adm@igarashicontabil.com.br,anderson.pedroso@ig.com.br,anderson.pedroso@martinbrower.com.br","{""facebook"":""https://www.facebook.com/greg.youngren/posts/10231718512132946"",""twitter"":""https://twitter.com/abroskearney"",""yelp"":""https://www.yelp.com/biz/anderson-bros-electric-plumbing-and-heating-kearney?osq=anderson+bros.""}",https://www.facebook.com/greg.youngren/posts/10231718512132946,,https://twitter.com/abroskearney
ypid:YN613F31361B8B6056,"Phil's Comfort Zone, Inc","1471 Indian Hills Rd, Council Bluffs, IA 51503",https://www.bing.com/th?id=OLC.kdWOf+Gr2eU1Ww480x360&pid=Local,https://www.bing.com/maps?cp=41.26602554321289%7E-95.81583404541016&lvl=17.0&q=Phil's%20Comfort%20Zone%2C%20Inc%20%2C%201471%20Indian%20Hills%20Rd%2C%20Council%20Bluffs%2C%20IA%2051503,41.26602554321289,-95.81583404541016,5,Yelp (4),HVAC services,Open 24 hours,https://www.philscomfortzone.com/,(712) 256-9686,,,,,
ypid:YN917D5368A2C34FE0,Apollo Heating & Air Conditioning,"114 W Mission Ave, Bellevue, NE 68005",https://www.bing.com/th?id=OLC.vNBhnzd7TJC3PA480x360&pid=Local,https://www.bing.com/maps?cp=41.136905670166016%7E-95.89451599121094&lvl=17.0&q=Apollo%20Heating%20%26%20Air%20Conditioning%20%2C%20114%20W%20Mission%20Ave%2C%20Bellevue%2C%20NE%2068005,41.136905670166016,-95.89451599121094,4,Yelp (13),HVAC services,Closed · Opens tomorrow 07:30,https://apollohtg.com/,(402) 291-5808,,,,,
ypid:YNE3D2C63576AB74A5,Bill's Heating & Air Conditioning,"526 Garfield St, Lincoln, NE 68502",https://www.bing.com/th?id=OLC.Z/4yPH5sDRrDkw480x360&pid=Local,https://www.bing.com/maps?cp=40.797298431396484%7E-96.71369171142578&lvl=17.0&q=Bill's%20Heating%20%26%20Air%20Conditioning%20%2C%20526%20Garfield%20St%2C%20Lincoln%2C%20NE%2068502,40.797298431396484,-96.71369171142578,3.5,Yelp (7),HVAC services,Closed · Opens tomorrow 00:00,https://billscooling.com/air-conditioning-repair-lincoln-ne/,(402) 477-1371,,"{""facebook"":""https://www.facebook.com/billsheatingairconditioning"",""twitter"":""https://twitter.com/billsheatingair"",""linkedin"":""https://www.linkedin.com/company/7931873?trk=tyah&trkinfo=clickedverticalcompanyclickedentityid7931873idx3-2-4tarid1484065606506tasbillsheating""}",https://www.facebook.com/billsheatingairconditioning,,https://twitter.com/billsheatingair
ypid:YN1F55624983090C9E,"Aztec Mechanical, Inc.","2509 Comanche Rd NE, Albuquerque, NM 87107",https://www.bing.com/th?id=OLC.FfaGpxI4idFzYg480x360&pid=Local,https://www.bing.com/maps?cp=35.12504959106445%7E-106.61616516113281&lvl=17.0&q=Aztec%20Mechanical%2C%20Inc.%20%2C%202509%20Comanche%20Rd%20NE%2C%20Albuquerque%2C%20NM%2087107,35.12504959106445,-106.61616516113281,4,Yellowpages (5),HVAC services,Open 24 hours,https://www.aztecmechanical.com/,(505) 884-2770,"aztecappliancecompany@yahoo.com,capodaca@aztecmechanical.com","{""facebook"":""https://www.facebook.com/sandiamxmoriarty/"",""instagram"":""https://www.instagram.com/aztecmech/"",""linkedin"":""https://www.linkedin.com/company/aztec-mechanical-inc./""}",https://www.facebook.com/sandiamxmoriarty/,https://www.instagram.com/aztecmech/,
ypid:YNB07E0599847D73BE,Hessinger's Plumbing Heating and Air Conditioning,"30 Los Cangrejos, Belen, NM",https://www.bing.com/th?id=OLC.LmEH4wjUtDFVfQ480x360&pid=Local,https://www.bing.com/maps?cp=34.67181396484375%7E-106.75475311279297&lvl=17.0&q=Hessinger's%20Plumbing%20Heating%20and%20Air%20Conditioning%20%2C%2030%20Los%20Cangrejos%2C%20Belen%2C%20NM,34.67181396484375,-106.75475311279297,,,Plumbing,Closed · Opens tomorrow 08:00,http://hessingerplb.com/,(505) 864-3149,"happy@happylnb.com,SalesDept@heisener.com,service@hessplb.com",,,,
ypid:YN85657C1306E9BC21,Western Mechanical,"3301 Girard Blvd NE, Albuquerque, NM 87107",,https://www.bing.com/maps?cp=35.1175651550293%7E-106.61439514160156&lvl=17.0&q=Western%20Mechanical%20%2C%203301%20Girard%20Blvd%20NE%2C%20Albuquerque%2C%20NM%2087107,35.1175651550293,-106.61439514160156,3.5,Yelp (8),HVAC services,Closed · Opens tomorrow 08:00,http://www.western-mech.com/,(505) 341-4458,info@western-mech.com,,,,
ypid:YN4F78AAD6B7C34A88,"Albuquerque Plumbing, Heating & Cooling","4300 2nd St NW, Albuquerque, NM 87107",https://www.bing.com/th?id=OLC.uBu8p0WccrhHKw480x360&pid=Local,https://www.bing.com/maps?cp=35.12610626220703%7E-106.63958740234375&lvl=17.0&q=Albuquerque%20Plumbing%2C%20Heating%20%26%20Cooling%20%2C%204300%202nd%20St%20NW%2C%20Albuquerque%2C%20NM%2087107,35.12610626220703,-106.63958740234375,2.5,Yelp (136),Plumbing,Open 24 hours,https://www.abqplumb.com/,(505) 508-3808,"info@abqplumbing.com,willby@abqplumbing.com,Marketing@abqplumbing.com","{""facebook"":""https://www.facebook.com/mica.comstock/posts/10163453937747355"",""instagram"":""https://www.instagram.com/number1plumbernm/"",""linkedin"":""https://www.linkedin.com/company/albuquerque-plumbing-heating-cooling-inc"",""twitter"":""https://twitter.com/abqplumbing"",""youtube"":""https://www.youtube.com/watch?v=jgoabca5xr4"",""yelp"":""https://www.yelp.com/biz/albuquerque-plumbing-heating-and-cooling-albuquerque-2"",""pinterest"":""https://www.pinterest.com/abqplumbing/""}",https://www.facebook.com/mica.comstock/posts/10163453937747355,https://www.instagram.com/number1plumbernm/,https://twitter.com/abqplumbing
ypid:YN549806734F2BE03D,Thompson Heating & Air Conditioning,"3418 Girard Blvd NE, Albuquerque, NM 87107",https://www.bing.com/th?id=OLC.xMcmmKnpanucag480x360&pid=Local,https://www.bing.com/maps?cp=35.11907196044922%7E-106.61338806152344&lvl=17.0&q=Thompson%20Heating%20%26%20Air%20Conditioning%20%2C%203418%20Girard%20Blvd%20NE%2C%20Albuquerque%2C%20NM%2087107,35.11907196044922,-106.61338806152344,4,Yelp (29),HVAC services,Closed · Opens tomorrow 07:00,https://thompsonnm.com/,(505) 884-2675,info@thompsonnm.com,"{""yelp"":""https://www.yelp.com/biz/thompson-heating-and-air-conditioning-albuquerque"",""linkedin"":""https://br.linkedin.com/company/heatingcool""}",,,
ypid:YN834A348390ABA2F,Pearl Mechanical LLC,"3219 Claremont Ave NE, Albuquerque, NM 87107",https://www.bing.com/th?id=OLC.j585yVwyzVVdig480x360&pid=Local,https://www.bing.com/maps?cp=35.113182067871094%7E-106.60922241210938&lvl=17.0&q=Pearl%20Mechanical%20LLC%20%2C%203219%20Claremont%20Ave%20NE%2C%20Albuquerque%2C%20NM%2087107,35.113182067871094,-106.60922241210938,5,Angi (41),HVAC services,Closed · Opens tomorrow 08:00,http://pearlmechanical.com/,(505) 867-0292,ChicagoSauna@gmail.com,,,,
ypid:YN54C214826E3973B9,Redline Mechanical LLC,"7936 Ranchitos Loop NE, Albuquerque, NM 87113",https://www.bing.com/th?id=OLC.hSvZxf6ccAsd4w480x360&pid=Local,https://www.bing.com/maps?cp=35.16989517211914%7E-106.61348724365234&lvl=17.0&q=Redline%20Mechanical%20LLC%20%2C%207936%20Ranchitos%20Loop%20NE%2C%20Albuquerque%2C%20NM%2087113,35.16989517211914,-106.61348724365234,1.5,Yelp (8),HVAC services,Closed · Opens tomorrow 07:00,http://www.redlinemechanical.com/,(505) 508-4089,customerservice@redlinemechanical.com,"{""facebook"":""https://www.facebook.com/redlinemechanicalllc/"",""yelp"":""https://www.yelp.com/biz/redline-mechanical-albuquerque""}",https://www.facebook.com/redlinemechanicalllc/,,
ypid:YN7A5817709FD3C2D0,"B. Carlson Heating, Cooling & Plumbing, Inc.","8625 Paseo Alameda NE, Albuquerque, NM 87113",https://www.bing.com/th?id=OLC.QsehJx2DGbuf/A480x360&pid=Local,https://www.bing.com/maps?cp=35.183570861816406%7E-106.60794067382812&lvl=17.0&q=B.%20Carlson%20Heating%2C%20Cooling%20%26%20Plumbing%2C%20Inc.%20%2C%208625%20Paseo%20Alameda%20NE%2C%20Albuquerque%2C%20NM%2087113,35.183570861816406,-106.60794067382812,3,Yelp (73),HVAC services,Open 24 hours,https://bcarlson.com/,(505) 437-4934,"customerservice@bcarlson.com,bso@ufscar.br,bcarlson@carlsonasset.com,bcarlson@linmac.com,bcarlson@cuervo.com.mx,valdamad@cuervo.com.mx,ir@cuervo.com.mx","{""facebook"":""https://www.facebook.com/bcarlsonhvac/"",""instagram"":""https://www.instagram.com/bcarlsonhvac/"",""twitter"":""https://twitter.com/carlsoncooling""}",https://www.facebook.com/bcarlsonhvac/,https://www.instagram.com/bcarlsonhvac/,https://twitter.com/carlsoncooling
ypid:YN17298D34D2352236,NCB Mechanical,"328 Ranchitos Rd NW, Albuquerque, NM 87114",https://www.bing.com/th?id=OLC.IezV1ajegR7OEg480x360&pid=Local,https://www.bing.com/maps?cp=35.17197036743164%7E-106.63343811035156&lvl=17.0&q=NCB%20Mechanical%20%2C%20328%20Ranchitos%20Rd%20NW%2C%20Albuquerque%2C%20NM%2087114,35.17197036743164,-106.63343811035156,,,HVAC services,Closed · Opens tomorrow 05:00,https://www.ncbmechanical.com/,(505) 657-4479,"admin@ncbmechanical.com,bsaiz@ncbmechanical.com","{""facebook"":""https://www.facebook.com/ncbmechanical/""}",https://www.facebook.com/ncbmechanical/,,
ypid:YND2D51CCC0B6CC440,A&D Heating And Air Conditioning LLC,"135 Jackson St SE, Albuquerque, NM 87108",https://www.bing.com/th?id=OLC.OYODjfw0Jowx2Q480x360&pid=Local,https://www.bing.com/maps?cp=35.077728271484375%7E-106.58919525146484&lvl=17.0&q=A%26D%20Heating%20And%20Air%20Conditioning%20LLC%20%2C%20135%20Jackson%20St%20SE%2C%20Albuquerque%2C%20NM%2087108,35.077728271484375,-106.58919525146484,,,HVAC services,Open 24 hours,http://www.addhvac.com/,(505) 308-1311,Winslow518-654-9552brad@winslowrealty.com,,,,
ypid:YNE8FB5B1383BF1CCA,"Wagner Air Conditioning, Heating, Plumbing, & Electrical","7900 Jacs Ln NE, Albuquerque, NM 87113",https://www.bing.com/th?id=OLC.VCjaq3Gj/dZc8Q480x360&pid=Local,https://www.bing.com/maps?cp=35.17112731933594%7E-106.60616302490234&lvl=17.0&q=Wagner%20Air%20Conditioning%2C%20Heating%2C%20Plumbing%2C%20%26%20Electrical%20%2C%207900%20Jacs%20Ln%20NE%2C%20Albuquerque%2C%20NM%2087113,35.17112731933594,-106.60616302490234,3,Yelp (177),HVAC services,Open 24 hours,https://www.wagnermechanical.com/,(505) 439-8139,dgraham@wagnermechanical.com,"{""facebook"":""https://www.facebook.com/wagnermechanical/"",""instagram"":""https://www.instagram.com/wagnermechanical/"",""tiktok"":""https://www.tiktok.com/@wagnermechanical"",""youtube"":""https://www.youtube.com/channel/ucpoba733amy-h_h5z6k4f3g/videos"",""twitter"":""https://x.com/wagnermech"",""yelp"":""https://www.yelp.com/biz/wagner-albuquerque?adjust_creative=microsoft&utm_campaign=yelp_feed&utm_medium=feed_v2&utm_source=microsoft""}",https://www.facebook.com/wagnermechanical/,https://www.instagram.com/wagnermechanical/,https://x.com/wagnermech
ypid:YN603C0ED50A0AEF00,Anderson Air Corps Heating & Cooling,"8524 Paseo Alameda NE, Albuquerque, NM 87113",https://www.bing.com/th?id=OLC.WK8zcJIz0Lw3Qw480x360&pid=Local,https://www.bing.com/maps?cp=35.18104934692383%7E-106.60929107666016&lvl=17.0&q=Anderson%20Air%20Corps%20Heating%20%26%20Cooling%20%2C%208524%20Paseo%20Alameda%20NE%2C%20Albuquerque%2C%20NM%2087113,35.18104934692383,-106.60929107666016,4,Yelp (21),HVAC services,Open 24 hours,http://andersonaircorps.com/,(505) 884-2121,service@aac-nm.com,"{""facebook"":""https://www.facebook.com/andersonaircorps"",""twitter"":""https://x.com/andersonaircorp"",""yelp"":""https://www.yelp.com/writeareview/biz/m7cblgf22xbcfpxrb-e3qg?return_url=%2fbiz%2fm7cblgf22xbcfpxrb-e3qg""}",https://www.facebook.com/andersonaircorps,,https://x.com/andersonaircorp
ypid:YN715283DEC397A072,Roadrunner Air Conditioning Heating & Plumbing,"27482 I 25 East Frontage Rd, Santa Fe, NM 87508",https://www.bing.com/th?id=OLC.Eid4zKVQe7pjZw480x360&pid=Local,https://www.bing.com/maps?cp=35.58180236816406%7E-106.07352447509766&lvl=17.0&q=Roadrunner%20Air%20Conditioning%20Heating%20%26%20Plumbing%20%2C%2027482%20I%2025%20East%20Frontage%20Rd%2C%20Santa%20Fe%2C%20NM%2087508,35.58180236816406,-106.07352447509766,3.5,Yelp (48),HVAC services,Open 24 hours,https://www.roadrunnerairconditioning.com/,(505) 473-9000,office@roadrunnerair.com,"{""facebook"":""https://www.facebook.com/roadrunnerhvac/"",""twitter"":""https://x.com/roadrunner_hvac"",""youtube"":""https://www.youtube.com/@roadrunnerairconditioning""}",https://www.facebook.com/roadrunnerhvac/,,https://x.com/roadrunner_hvac
ypid:YN552703B7622CC15F,Bonito River Services Inc.,"127 Vision Dr, Ruidoso, NM 88345",https://www.bing.com/th?id=OLC.U76WPdi5TU0sYg480x360&pid=Local,https://www.bing.com/maps?cp=33.33331298828125%7E-105.68743133544922&lvl=17.0&q=Bonito%20River%20Services%20Inc.%20%2C%20127%20Vision%20Dr%2C%20Ruidoso%2C%20NM%2088345,33.33331298828125,-105.68743133544922,3.5,Yelp (17),HVAC services,Closed · Opens tomorrow 08:00,http://www.bonitoriverservicesinc.com/,(575) 630-1915,accounts@bonitoriver.com,"{""yelp"":""https://www.yelp.com/biz/bonito-river-services-ruidoso-3""}",,,
ypid:YNFA5EABCACB2A0D2C,Peppy Heating and Cooling Boise,"590 N Maple Grove Rd Ste 7, Boise, ID 83704",https://www.bing.com/th?id=OLC.8anBdNj4cN7nvA480x360&pid=Local,https://www.bing.com/maps?cp=43.608985900878906%7E-116.29389190673828&lvl=17.0&q=Peppy%20Heating%20and%20Cooling%20Boise%20%2C%20590%20N%20Maple%20Grove%20Rd%20Ste%207%2C%20Boise%2C%20ID%2083704,43.608985900878906,-116.29389190673828,4.5,Yelp (16),HVAC services,Open 24 hours,https://callpeppy.com/,(208) 906-6928,schedule@callpeppy.com,"{""facebook"":""https://www.facebook.com/peppyheatingcooling"",""instagram"":""https://www.instagram.com/peppyheatingcooling/"",""linkedin"":""https://www.linkedin.com/in/brett-shannon-227816132/"",""youtube"":""https://www.youtube.com/channel/uc1bclkv_u7yco9hyt2-5voa"",""yelp"":""https://www.yelp.com/biz/peppy-heating-and-cooling-nampa-3""}",https://www.facebook.com/peppyheatingcooling,https://www.instagram.com/peppyheatingcooling/,
ypid:YN6DCC37BB59147D1B,IDAHO HVAC DESIGN LLC,"917 S Rockcress Ct, Nampa, ID 83686",,https://www.bing.com/maps?cp=43.5600471496582%7E-116.6025619506836&lvl=17.0&q=IDAHO%20HVAC%20DESIGN%20LLC%20%2C%20917%20S%20Rockcress%20Ct%2C%20Nampa%2C%20ID%2083686,43.5600471496582,-116.6025619506836,,,Home service,Closed · Opens tomorrow 08:00,https://idahohvac.com/,(208) 989-0098,"geoff@idahohvac.com,austinmiller@idahohvac.com","{""youtube"":""https://www.youtube.com/feed/history?utm_source=pp"",""yelp"":""https://www.yelp.com/biz/idaho-hvac-design-nampa""}",,,
ypid:YNFC18E1BC0229D0FB,Capital City Heating & Cooling,"420 N Curtis Rd, Boise, ID 83706",https://www.bing.com/th?id=OLC.+6N96uSQzyx5yA480x360&pid=Local,https://www.bing.com/maps?cp=43.60856246948242%7E-116.2531967163086&lvl=17.0&q=Capital%20City%20Heating%20%26%20Cooling%20%2C%20420%20N%20Curtis%20Rd%2C%20Boise%2C%20ID%2083706,43.60856246948242,-116.2531967163086,5,Yelp (92),HVAC services,Open 24 hours,http://www.capitalcityheating.com/,(208) 345-4115,,"{""facebook"":""https://www.facebook.com/capitalcityheating"",""instagram"":""https://www.instagram.com/capitalcityheatingcooling/"",""yelp"":""https://www.yelp.com/biz/capital-city-heating-and-cooling-boise""}",https://www.facebook.com/capitalcityheating,https://www.instagram.com/capitalcityheatingcooling/,
ypid:YN2C39E06497FCA731,Everything Air Heating and Cooling LLC,"218 E 50th St, Garden City, ID 83714",,https://www.bing.com/maps?cp=43.64451217651367%7E-116.26524353027344&lvl=17.0&q=Everything%20Air%20Heating%20and%20Cooling%20LLC%20%2C%20218%20E%2050th%20St%2C%20Garden%20City%2C%20ID%2083714,43.64451217651367,-116.26524353027344,,,HVAC services,Closed · Opens tomorrow 08:00,https://www.everythingairidaho.com/,(208) 957-3079,everythingairidaho@gmail.com,"{""facebook"":""https://www.facebook.com/everythingairidaho""}",https://www.facebook.com/everythingairidaho,,
ypid:YN9137C44B7D47A3CB,YMC Inc.,"2975 E Lanark St, Meridian, ID 83642",https://www.bing.com/th?id=OLC.nz3woDESm9Wj0A480x360&pid=Local,https://www.bing.com/maps?cp=43.60674285888672%7E-116.35722351074219&lvl=17.0&q=YMC%20Inc.%20%2C%202975%20E%20Lanark%20St%2C%20Meridian%2C%20ID%2083642,43.60674285888672,-116.35722351074219,2,Yelp (14),HVAC services,Closed · Opens tomorrow 08:00,http://ymcinc.com/,,"information@ymcinc.com,rodmarcum@ymcinc.com,jrf@smw55.org,rod@ymcinc.com,bwilson@elarbeethompson.com,aavato@nage.org,cristiyacinski@windstream.net,boteam13@gmail.com,gkitchens@jwemc.org,tquillen@ibew558.org,erlie.munguia@sully-miller.com,eddie@ymcinc.com,service@ymcinc.com","{""facebook"":""https://www.facebook.com/ymcinc"",""instagram"":""https://www.instagram.com/ymcmechanical/?hl=en""}",https://www.facebook.com/ymcinc,https://www.instagram.com/ymcmechanical/?hl=en,
ypid:YNF808F7366DA0B08F,Right Now Heating and Air Conditioning,"5100 W Emerald St, Boise, ID 83706",https://www.bing.com/th?id=OLC.HFqVpo7VAVx7NA480x360&pid=Local,https://www.bing.com/maps?cp=43.612281799316406%7E-116.24481964111328&lvl=17.0&q=Right%20Now%20Heating%20and%20Air%20Conditioning%20%2C%205100%20W%20Emerald%20St%2C%20Boise%2C%20ID%2083706,43.612281799316406,-116.24481964111328,1.5,Yelp (212),HVAC services,Open 24 hours,https://rightnowheatcool.com/?utm_source=bing-places&utm_medium=organic&utm_campaign=%2A169%2Aright-now-heating-boise,(208) 939-4475,"satisfaction@rightnowheatcool.com,mail@rightnowheatcool.com,carly.csm@rightnowheatcool.com,Smith@rightnowheatcool.com,customercare@rightnowheatcool.com","{""facebook"":""https://www.facebook.com/rightnowheatcool/"",""instagram"":""https://www.instagram.com/rightnowheatair/"",""youtube"":""https://www.youtube.com/watch?v=i-okq5pyuua&ab_channel=rightnowheatingandairconditioning"",""yelp"":""https://www.yelp.com/biz/right-now-heating-and-air-conditioning-boise-2"",""twitter"":""https://twitter.com/rightnowheating"",""linkedin"":""https://www.linkedin.com/company/right-now-heating-and-air-conditioning/""}",https://www.facebook.com/rightnowheatcool/,https://www.instagram.com/rightnowheatair/,https://twitter.com/rightnowheating
ypid:YN88A56C5B349233DB,Casper Heating & Cooling Llc,"3954 S Middlesex Pl, Boise, ID 83706",,https://www.bing.com/maps?cp=43.56673812866211%7E-116.16598510742188&lvl=17.0&q=Casper%20Heating%20%26%20Cooling%20Llc%20%2C%203954%20S%20Middlesex%20Pl%2C%20Boise%2C%20ID%2083706,43.56673812866211,-116.16598510742188,,,HVAC services,Closed · Opens tomorrow 08:00,http://www.casperheatcool.com/,(208) 969-0476,casperheatcool@gmail.com,"{""facebook"":""https://www.facebook.com/casperelectricthailand""}",https://www.facebook.com/casperelectricthailand,,
ypid:YNB8036934F8EA1078,"A-1 Heating, Air Conditioning & Electric","327 N Linder Rd, Meridian, ID 83642",https://www.bing.com/th?id=OLC.ZLqDCihxd+lStQ480x360&pid=Local,https://www.bing.com/maps?cp=43.60751724243164%7E-116.41480255126953&lvl=17.0&q=A-1%20Heating%2C%20Air%20Conditioning%20%26%20Electric%20%2C%20327%20N%20Linder%20Rd%2C%20Meridian%2C%20ID%2083642,43.60751724243164,-116.41480255126953,4.5,Yelp (64),HVAC services,Open 24 hours,https://a1heating.com/,(208) 343-4445,info@a1heating.com,"{""facebook"":""https://www.facebook.com/a1heating/"",""youtube"":""https://www.youtube.com/channel/uc2b9yw_am8-nlxeo_-p7kaa"",""instagram"":""https://www.instagram.com/a1heatingandair/"",""twitter"":""https://x.com/a1heatingidaho"",""linkedin"":""https://br.linkedin.com/company/heatingcool""}",https://www.facebook.com/a1heating/,https://www.instagram.com/a1heatingandair/,https://x.com/a1heatingidaho
ypid:YN980C5B41202BF4EE,A-1 Heating & Air Conditioning,"140 Commerce St, McCall, ID 83638",https://www.bing.com/th?id=OLC.IlsRzIWh+TVnrw480x360&pid=Local,https://www.bing.com/maps?cp=44.89666748046875%7E-116.09324645996094&lvl=17.0&q=A-1%20Heating%20%26%20Air%20Conditioning%20%2C%20140%20Commerce%20St%2C%20McCall%2C%20ID%2083638,44.89666748046875,-116.09324645996094,3.5,Yelp (10),HVAC services,Closed · Opens tomorrow 08:00,https://a1heating.com/,(208) 634-1586,info@a1heating.com,"{""facebook"":""https://www.facebook.com/a1heating/"",""youtube"":""https://www.youtube.com/channel/uc2b9yw_am8-nlxeo_-p7kaa"",""instagram"":""https://www.instagram.com/a1heatingandair/"",""twitter"":""https://x.com/a1heatingidaho""}",https://www.facebook.com/a1heating/,https://www.instagram.com/a1heatingandair/,https://x.com/a1heatingidaho
ypid:YN577F025F02E3052B,Western Heating and Air Conditioning,"4980 N Bradley St, Garden City, ID 83714-1413",https://www.bing.com/th?id=OLC.sDrfSFxlnQ46zA480x360&pid=Local,https://www.bing.com/maps?cp=43.64259719848633%7E-116.26561737060547&lvl=17.0&q=Western%20Heating%20and%20Air%20Conditioning%20%2C%204980%20N%20Bradley%20St%2C%20Garden%20City%2C%20ID%2083714-1413,43.64259719848633,-116.26561737060547,3,Yelp (56),HVAC services,Open 24 hours,https://westernhvac.com/,(208) 204-0357,"tom@westernhvac.com,ben@westernhvac.com,david@unitedinvestmentbrokers.com,margaret@boydcolorado.com,scotts@westernhvac.ca,timo@climachangesolutions.com,Inccb@leeoil.ca,marketing@westernhvac.com","{""facebook"":""https://www.facebook.com/westernhvac"",""instagram"":""https://www.instagram.com/westernhvac/"",""youtube"":""https://www.youtube.com/@westernhvac""}",https://www.facebook.com/westernhvac,https://www.instagram.com/westernhvac/,
ypid:YN92CBF930C64D25FE,Right Now Plumbing,"311 Evans St, Caldwell, ID 83605",https://www.bing.com/th?id=OLC.YB47UBm14gfbNg480x360&pid=Local,https://www.bing.com/maps?cp=43.666900634765625%7E-116.70268249511719&lvl=17.0&q=Right%20Now%20Plumbing%20%2C%20311%20Evans%20St%2C%20Caldwell%2C%20ID%2083605,43.666900634765625,-116.70268249511719,2,Yelp (52),Plumbing,Closed · Opens tomorrow 09:00,https://rightnowheatcool.com/?utm_source=bing-places&utm_medium=organic&utm_campaign=%2A147%2Aright-now-plumbing-caldwell,(208) 278-2992,"satisfaction@rightnowheatcool.com,mail@rightnowheatcool.com,carly.csm@rightnowheatcool.com,Smith@rightnowheatcool.com,customercare@rightnowheatcool.com","{""facebook"":""https://facebook.com/rightnowheatcool"",""instagram"":""https://instagram.com/rightnowheatair/"",""youtube"":""https://www.youtube.com/watch?v=i-okq5pyuua&ab_channel=rightnowheatingandairconditioning"",""yelp"":""https://www.yelp.com/biz/right-now-heating-air-conditioning-plumbing-and-electrical-caldwell""}",https://facebook.com/rightnowheatcool,https://instagram.com/rightnowheatair/,
ypid:YNED4911D1A531CFF2,"Right Now Heating, Air Conditioning & Plumbing","212 Evans St, Caldwell, ID 83605",https://www.bing.com/th?id=OLC.2d9QYDY9ZvWmmg480x360&pid=Local,https://www.bing.com/maps?cp=43.66754150390625%7E-116.70169830322266&lvl=17.0&q=Right%20Now%20Heating%2C%20Air%20Conditioning%20%26%20Plumbing%20%2C%20212%20Evans%20St%2C%20Caldwell%2C%20ID%2083605,43.66754150390625,-116.70169830322266,4.5,Angi (245),HVAC services,Open 24 hours,https://rightnowheatcool.com/service-area/caldwell-idaho/?utm_source=bing-places&utm_medium=organic&utm_campaign=%2A174%2Aright-now-heating-caldwell,(208) 263-9402,"satisfaction@rightnowheatcool.com,mail@rightnowheatcool.com,carly.csm@rightnowheatcool.com,Smith@rightnowheatcool.com,customercare@rightnowheatcool.com","{""facebook"":""https://www.facebook.com/rightnowheatcool/"",""instagram"":""https://www.instagram.com/rightnowheatair/?hl=en"",""youtube"":""https://www.youtube.com/watch?v=i-okq5pyuua&ab_channel=rightnowheatingandairconditioning""}",https://www.facebook.com/rightnowheatcool/,https://www.instagram.com/rightnowheatair/?hl=en,
ypid:YNE380A681EC234859,Owyhee Heating and Air Conditioning,"1020 1st St S, Nampa, ID 83651",https://www.bing.com/th?id=OLC.yEW4HaV8r4li3Q480x360&pid=Local,https://www.bing.com/maps?cp=43.57997131347656%7E-116.56086730957031&lvl=17.0&q=Owyhee%20Heating%20and%20Air%20Conditioning%20%2C%201020%201st%20St%20S%2C%20Nampa%2C%20ID%2083651,43.57997131347656,-116.56086730957031,2.5,Yelp (24),HVAC services,Open 24 hours,https://owyheeheating.com/?utm_source=bing-places&utm_medium=organic&utm_campaign=%2A153%2Aowyhee-heating-ac-nampa,(208) 481-5765,"customercare@owyheeheating.com,Smith@owyheeheating.com","{""facebook"":""https://www.facebook.com/owyhee-heating-and-air-conditioning-172530942797698/timeline/""}",https://www.facebook.com/owyhee-heating-and-air-conditioning-172530942797698/timeline/,,
ypid:YN4C101B71D0798536,Minuteman Electric & HVAC,"3912 N Yellowstone Hwy, Idaho Falls, ID 83401",https://www.bing.com/th?id=OLC.fuI2bpQTFvv2Dg480x360&pid=Local,https://www.bing.com/maps?cp=43.53093338012695%7E-111.97933959960938&lvl=17.0&q=Minuteman%20Electric%20%26%20HVAC%20%2C%203912%20N%20Yellowstone%20Hwy%2C%20Idaho%20Falls%2C%20ID%2083401,43.53093338012695,-111.97933959960938,5,Porch (4),HVAC services,Closed · Opens tomorrow 06:00,https://www.minutemanservicesid.com/,(208) 366-1600,solutions@minutemanservicesid.com,"{""facebook"":""https://www.facebook.com/minutemanservice"",""yelp"":""https://www.yelp.com/biz/minuteman-electric-and-hvac-idaho-falls""}",https://www.facebook.com/minutemanservice,,
ypid:YN3FB6C8561A2506BE,"Climatrol, Inc.","1878 Philippi Pike, Clarksburg, WV 26301",https://www.bing.com/th?id=OLC.PWrK2sUQORSQZQ480x360&pid=Local,https://www.bing.com/maps?cp=39.26384353637695%7E-80.30738830566406&lvl=17.0&q=Climatrol%2C%20Inc.%20%2C%201878%20Philippi%20Pike%2C%20Clarksburg%2C%20WV%2026301,39.26384353637695,-80.30738830566406,3,Yelp (2),HVAC services,Closed · Opens 08:30,https://climatrolinc.com/,(304) 623-0606,climatrolwv@frontier.com,"{""facebook"":""https://www.facebook.com/1793771317509493_1478368454295262""}",https://www.facebook.com/1793771317509493_1478368454295262,,
ypid:YNB7A6ED359BA54C83,West Virginia Heating & Cooling Services Inc,"218 Central Ave, Beckley, WV 25801",https://www.bing.com/th?id=OLC.SA3PDJJOgGugiA480x360&pid=Local,https://www.bing.com/maps?cp=37.772010803222656%7E-81.19789123535156&lvl=17.0&q=West%20Virginia%20Heating%20%26%20Cooling%20Services%20Inc%20%2C%20218%20Central%20Ave%2C%20Beckley%2C%20WV%2025801,37.772010803222656,-81.19789123535156,5,Yelp (1),HVAC services,Closed · Opens 08:00,http://wvaheatingandcooling.com/,(304) 252-4692,"wvheatingandcooling@suddenlinkmail.com,referrals@anikalegal.com","{""facebook"":""https://www.facebook.com/wvheatingandcooling/"",""instagram"":""https://www.instagram.com/wvheatingcooling/""}",https://www.facebook.com/wvheatingandcooling/,https://www.instagram.com/wvheatingcooling/,
ypid:YN15849C21646F7E1B,BMS Heating and Cooling,"10 Davis Dr, Hurricane, WV 25526",https://www.bing.com/th?id=OLC.pyj8TeyumJYX0g480x360&pid=Local,https://www.bing.com/maps?cp=38.44355010986328%7E-81.9534912109375&lvl=17.0&q=BMS%20Heating%20and%20Cooling%20%2C%2010%20Davis%20Dr%2C%20Hurricane%2C%20WV%2025526,38.44355010986328,-81.9534912109375,5,Yelp (6),HVAC services,Open 24 hours,https://www.bms1hvac.com/,(304) 757-4822,,,,,
ypid:YN8BB85D2EC6CA2482,Chuck White Heating Air Conditioning & Excavating,"709 E Morris Hill Rd, Covington, VA 24426",https://www.bing.com/th?id=OLC.vzOIjJ71ucHbQQ480x360&pid=Local,https://www.bing.com/maps?cp=37.88258361816406%7E-79.99396514892578&lvl=17.0&q=Chuck%20White%20Heating%20Air%20Conditioning%20%26%20Excavating%20%2C%20709%20E%20Morris%20Hill%20Rd%2C%20Covington%2C%20VA%2024426,37.88258361816406,-79.99396514892578,3,Yelp (2),HVAC services,Closed · Opens 08:00,http://www.chuckwhiteheat.com/,(540) 962-0622,,,,,
ypid:YN78D8FCA853DB04ED,"Precision Heating, Cooling, and Electrical","111 W 3rd Ave, Williamson, WV 25661",https://www.bing.com/th?id=OLC.mUStRHsd0rwImA480x360&pid=Local,https://www.bing.com/maps?cp=37.67524337768555%7E-82.27919006347656&lvl=17.0&q=Precision%20Heating%2C%20Cooling%2C%20and%20Electrical%20%2C%20111%20W%203rd%20Ave%2C%20Williamson%2C%20WV%2025661,37.67524337768555,-82.27919006347656,4,Yelp (3),HVAC services,Open 24 hours,https://preciseheatingcooling.com/,(304) 235-2000,,"{""facebook"":""https://www.facebook.com/preciseheatingcooling/""}",https://www.facebook.com/preciseheatingcooling/,,
ypid:YNCA4ED2678E305A00,J AND R Solutions HVAC Services LLC,"Walkers Creek, Virginia",https://www.bing.com/th?id=OLC.Iy05mEGSc6xt3g480x360&pid=Local,https://www.bing.com/maps?cp=38.00341796875%7E-79.42092895507812&lvl=17.0&q=J%20AND%20R%20Solutions%20HVAC%20Services%20LLC%20%2C%20Walkers%20Creek%2C%20Virginia,38.00341796875,-79.42092895507812,,,HVAC services,Closed · Opens 07:00,https://jandrsolutionshvac.net/,(240) 723-5931,,,,,
ypid:YN575894BB0A935372,"Appalachian Heating & Air Conditioning, Inc.","1504 Winchester Ave, Martinsburg, WV 25405",https://www.bing.com/th?id=OLC.pYfauqq1zMpa8A480x360&pid=Local,https://www.bing.com/maps?cp=39.43791961669922%7E-77.98530578613281&lvl=17.0&q=Appalachian%20Heating%20%26%20Air%20Conditioning%2C%20Inc.%20%2C%201504%20Winchester%20Ave%2C%20Martinsburg%2C%20WV%2025405,39.43791961669922,-77.98530578613281,4.5,Angi (20),HVAC services,Closed · Opens 09:00,http://www.appalachianheatingair.com/,(304) 433-8129,apphvac@yahoo.com,"{""facebook"":""https://www.facebook.com/appalachianheatingandair""}",https://www.facebook.com/appalachianheatingandair,,
ypid:YN3D5A52CE17416198,Dudley's Heating & Air Conditioning LLC,"311 Rock Cliff Dr, Martinsburg, WV 25401",https://www.bing.com/th?id=OLC.FXcG0rPfKj9geg480x360&pid=Local,https://www.bing.com/maps?cp=39.473201751708984%7E-77.97065734863281&lvl=17.0&q=Dudley's%20Heating%20%26%20Air%20Conditioning%20LLC%20%2C%20311%20Rock%20Cliff%20Dr%2C%20Martinsburg%2C%20WV%2025401,39.473201751708984,-77.97065734863281,,,HVAC services,Closed · Opens 08:00,http://dudleysheatingair.com/,(304) 260-5200,,,,,
ypid:YNB8C64A3345C8BEBE,Main Heating & Air Conditioning,"1930 Patterson Ave SW, Roanoke, VA 24016",https://www.bing.com/th?id=OLC.Zw9sZ3wgjDkzZg480x360&pid=Local,https://www.bing.com/maps?cp=37.27433776855469%7E-79.97364807128906&lvl=17.0&q=Main%20Heating%20%26%20Air%20Conditioning%20%2C%201930%20Patterson%20Ave%20SW%2C%20Roanoke%2C%20VA%2024016,37.27433776855469,-79.97364807128906,,,HVAC services,Closed · Opens 08:00,https://www.mainheatingac.com/,(540) 342-1160,office@mainheatingac.com,,,,
ypid:YN14DFED6637462B58,Aloha Air Inc.,"Kailua-Kona, HI",,https://www.bing.com/maps?cp=19.79082489013672%7E-155.5155487060547&lvl=17.0&q=Aloha%20Air%20Inc.%20%2C%20Kailua-Kona%2C%20HI,19.79082489013672,-155.5155487060547,,,HVAC services,Open 24 hours,https://alohaairinc.com/,(808) 464-3283,alohaairinc@gmail.com,"{""facebook"":""https://www.facebook.com/238210376046874"",""yelp"":""https://www.yelp.com/biz/zjzautrswg16gvprw4tw8q""}",https://www.facebook.com/238210376046874,,
ypid:YNF3C5FE490850A661,No Sweat Air Conditioning Inc,"73-4576 Mamalahoa Hwy, Kailua Kona, HI 96740",https://www.bing.com/th?id=OLC.lbvMrYKIgY1Srw480x360&pid=Local,https://www.bing.com/maps?cp=19.701475143432617%7E-155.97630310058594&lvl=17.0&q=No%20Sweat%20Air%20Conditioning%20Inc%20%2C%2073-4576%20Mamalahoa%20Hwy%2C%20Kailua%20Kona%2C%20HI%2096740,19.701475143432617,-155.97630310058594,5,Yelp (7),HVAC services,,http://www.nosweatachawaii.com/,(808) 960-7323,"nosweatac@hotmail.com,bookings@smashy.co.za","{""facebook"":""https://www.facebook.com/nosweatac/"",""yelp"":""https://www.yelp.com/biz/no-sweat-air-conditioning-kailua-kona-2""}",https://www.facebook.com/nosweatac/,,
ypid:YNA11DF31A8CABDD6D,"ACS Air Conditioning Specialists, Inc.","73-5577 Lawehana St, Kailua-Kona, HI 96740",https://www.bing.com/th?id=OLC.ogTde+VY0cVVdw480x360&pid=Local,https://www.bing.com/maps?cp=19.685054779052734%7E-156.01902770996094&lvl=17.0&q=ACS%20Air%20Conditioning%20Specialists%2C%20Inc.%20%2C%2073-5577%20Lawehana%20St%2C%20Kailua-Kona%2C%20HI%2096740,19.685054779052734,-156.01902770996094,2,Yelp (10),HVAC services,Closed · Opens tomorrow 07:00,https://www.acskona.com/,(808) 329-2996,"shirleyb@acskona.com,info@acskona.com","{""youtube"":""https://www.youtube.com/channel/ucvttl5fowoubggvl_jxidng"",""yelp"":""https://www.yelp.com/biz/acs-air-conditioning-specialists-kailua-kona""}",,,
ypid:YN74D03B982810FEE,Hawaii Air Conditioning,"73-5577 Kauhola St, Kailua Kona, HI 96740",https://www.bing.com/th?id=OLC.TEpgJAy916/R2A480x360&pid=Local,https://www.bing.com/maps?cp=19.689462661743164%7E-156.01934814453125&lvl=17.0&q=Hawaii%20Air%20Conditioning%20%2C%2073-5577%20Kauhola%20St%2C%20Kailua%20Kona%2C%20HI%2096740,19.689462661743164,-156.01934814453125,4,Yelp (14),HVAC services,Closed · Opens tomorrow 07:30,http://www.hawaiiairconditioning.com/,(808) 325-1737,"contact@hawaiiairconditioning.com,ilene@hawaiiairconditioning.com,office@MauiChamber.com","{""yelp"":""https://www.yelp.com/biz/hawaii-air-conditioning-kailua-kona-2?adjust_creative=microsoft&utm_campaign=yelp_feed&utm_medium=feed_v2&utm_source=microsoft""}",,,
ypid:YN76FE77C1506D977C,"Tradewinds Cooling, LLC","94-1388 Moaniani St Ste 414, Waipahu, HI 96797",https://www.bing.com/th?id=OLC.5y3fLPfmRc0yZA480x360&pid=Local,https://www.bing.com/maps?cp=21.421981811523438%7E-157.99598693847656&lvl=17.0&q=Tradewinds%20Cooling%2C%20LLC%20%2C%2094-1388%20Moaniani%20St%20Ste%20414%2C%20Waipahu%2C%20HI%2096797,21.421981811523438,-157.99598693847656,5,Yelp (2),HVAC services,Closed · Opens tomorrow 07:00,https://www.tradewindsmech.com/,(808) 758-5557,"lynn@aircentralhawaii.com,info@tradewindsmech.com",,,,
ypid:YNB05284C33FCD31AD,Kona Air Conditioning,"73-4200 Hulikoa Dr, Kailua Kona, HI 96740",https://www.bing.com/th?id=OLC.XGpLHYZnt89naA480x360&pid=Local,https://www.bing.com/maps?cp=19.699459075927734%7E-156.0165252685547&lvl=17.0&q=Kona%20Air%20Conditioning%20%2C%2073-4200%20Hulikoa%20Dr%2C%20Kailua%20Kona%2C%20HI%2096740,19.699459075927734,-156.0165252685547,5,Yelp (40),HVAC services,,https://konaairconditioning.com/,(808) 326-7700,,"{""yelp"":""https://www.yelp.com/biz/kona-air-conditioning-kailua-kona?adjust_creative=microsoft&utm_campaign=yelp_feed&utm_medium=feed_v2&utm_source=microsoft"",""facebook"":""https://www.facebook.com/konaairconditioning/"",""twitter"":""https://twitter.com/konahvac"",""linkedin"":""https://www.linkedin.com/in/konaairconditioning""}",https://www.facebook.com/konaairconditioning/,,https://twitter.com/konahvac
ypid:YNA7DF19AA80084D6E,KW Air Conditioning LLC,"1430 Kealia Dr, Honolulu, HI 96817",https://www.bing.com/th?id=OLC.8AT4QS5GQ9a0aA480x360&pid=Local,https://www.bing.com/maps?cp=21.334962844848633%7E-157.8632049560547&lvl=17.0&q=KW%20Air%20Conditioning%20LLC%20%2C%201430%20Kealia%20Dr%2C%20Honolulu%2C%20HI%2096817,21.334962844848633,-157.8632049560547,4.5,Yelp (37),HVAC services,Closed · Opens tomorrow 08:00,https://www.kwachawaii.com/,(808) 347-3136,,"{""yelp"":""https://www.yelp.com/biz/kw-air-conditioning-urban-honolulu""}",,,
ypid:YN6EEFA2F879C0DCD6,Advanced A/C Contracting,"1750 Auiki St, Honolulu, HI 96819",https://www.bing.com/th?id=OLC.yme5kvhaS/1gaQ480x360&pid=Local,https://www.bing.com/maps?cp=21.32160186767578%7E-157.88571166992188&lvl=17.0&q=Advanced%20A%2FC%20Contracting%20%2C%201750%20Auiki%20St%2C%20Honolulu%2C%20HI%2096819,21.32160186767578,-157.88571166992188,4.5,Yelp (28),HVAC services,Closed · Opens tomorrow 08:00,http://www.advancedachawaii.com/,(808) 847-4814,"info@advancedachawaii.com,rd@acessentials.com","{""yelp"":""https://www.yelp.com/biz/advanced-a-c-contracting-honolulu?start=10"",""facebook"":""https://www.facebook.com/advancedaccontracting/"",""youtube"":""https://www.youtube.com/embed/lexfkdrpl3u""}",https://www.facebook.com/advancedaccontracting/,,
ypid:YN50B7D3C22AECDE7E,KK Air Conditioning,"98723 Kuahao Pl Suite B2, Pearl City, HI 96782",https://www.bing.com/th?id=OLC.anB41nRui+ovAQ480x360&pid=Local,https://www.bing.com/maps?cp=21.39212417602539%7E-157.95509338378906&lvl=17.0&q=KK%20Air%20Conditioning%20%2C%2098723%20Kuahao%20Pl%20Suite%20B2%2C%20Pearl%20City%2C%20HI%2096782,21.39212417602539,-157.95509338378906,5,Yelp (67),HVAC services,Closed · Opens tomorrow 07:00,http://www.airconditioningoahu.com/,(808) 680-0143,,,,,
ypid:YNBED58445785C9229,Cooling Hawaii,"4 Nakii Rd, Kihei, HI",https://www.bing.com/th?id=OLC.NpbWFcP49a+F2A480x360&pid=Local,https://www.bing.com/maps?cp=20.844512939453125%7E-156.46237182617188&lvl=17.0&q=Cooling%20Hawaii%20%2C%204%20Nakii%20Rd%2C%20Kihei%2C%20HI,20.844512939453125,-156.46237182617188,4.5,Yelp (63),HVAC services,Closed · Opens tomorrow 08:00,https://www.coolinghawaii.com/,(808) 727-2777,,"{""yelp"":""https://www.yelp.com/biz/cooling-hawaii-puunene-2?adjust_creative=microsoft&utm_campaign=yelp_feed&utm_medium=feed_v2&utm_source=microsoft""}",,,
ypid:YN52BA5E06A92A8C48,Paradise AC,"Ewa, Hawaii",https://www.bing.com/th?id=OLC.PaWZpCWXu8zGvQ480x360&pid=Local,https://www.bing.com/maps?cp=21.4837646484375%7E-157.96522521972656&lvl=17.0&q=Paradise%20AC%20%2C%20Ewa%2C%20Hawaii,21.4837646484375,-157.96522521972656,,,HVAC services,Open · Closes 20:00,https://www.paradiseac.com/,(808) 282-0927,info@paradiseac.com,,,,
ypid:YN43B70A127889202D,Cool living llc,"95-1030 Meheula Pkwy, Mililani-Waipio-Melemanu, HI",https://www.bing.com/th?id=OLC.85phVJ8OPMketQ480x360&pid=Local,https://www.bing.com/maps?cp=21.451692581176758%7E-158.0147705078125&lvl=17.0&q=Cool%20living%20llc%20%2C%2095-1030%20Meheula%20Pkwy%2C%20Mililani-Waipio-Melemanu%2C%20HI,21.451692581176758,-158.0147705078125,4.5,Yelp (30),HVAC services,,http://www.coollivingllc.com/,(808) 861-7377,coolliving.llc@gmail.com,"{""facebook"":""https://www.facebook.com/coolliving.hawaii"",""instagram"":""https://www.instagram.com/coollivingllc/"",""yelp"":""https://www.yelp.com/biz/cool-living-mililani-3?utm_campaign=www_business_share_popup&utm_medium=copy_link&utm_source=(direct)""}",https://www.facebook.com/coolliving.hawaii,https://www.instagram.com/coollivingllc/,
ypid:YN456E2686E384E2F9,Rutan Refrigeration & Air Conditioning,"2047 Lauwiliwili St, Kapolei, HI",https://www.bing.com/th?id=OLC.N2xiblbIwP/uTw480x360&pid=Local,https://www.bing.com/maps?cp=21.323118209838867%7E-158.09022521972656&lvl=17.0&q=Rutan%20Refrigeration%20%26%20Air%20Conditioning%20%2C%202047%20Lauwiliwili%20St%2C%20Kapolei%2C%20HI,21.323118209838867,-158.09022521972656,4.5,Yelp (151),HVAC services,Closed · Opens tomorrow 08:00,http://rutanrefrigeration.com/,(808) 800-1555,oahu.rutan@gmail.com,"{""facebook"":""https://www.facebook.com/rutanrefrigeration/"",""instagram"":""https://instagram.com/rutanoahu"",""linkedin"":""https://www.linkedin.com/company/rutan-refrigeration""}",https://www.facebook.com/rutanrefrigeration/,https://instagram.com/rutanoahu,
ypid:YNCDB53C893661991F,Admor HVAC Producs Inc - Kona Big Island,"73-4818 Kanalani St, Kailua Kona, HI 96740",https://www.bing.com/th?id=OLC.wdvQHHxNJ9ji/w480x360&pid=Local,https://www.bing.com/maps?cp=19.687828063964844%7E-156.02088928222656&lvl=17.0&q=Admor%20HVAC%20Producs%20Inc%20-%20Kona%20Big%20Island%20%2C%2073-4818%20Kanalani%20St%2C%20Kailua%20Kona%2C%20HI%2096740,19.687828063964844,-156.02088928222656,,,HVAC supplier,Closed · Opens tomorrow 07:00,http://www.admorhvac.com/,(808) 731-3778,drew@admorhvac.com,"{""facebook"":""https://www.facebook.com/admorhvac/"",""twitter"":""https://twitter.com/admorhvac"",""youtube"":""https://youtube.com/@admorhvac?si=7fhs1hjknw40rdss"",""instagram"":""https://www.instagram.com/admorhvacproductsinc/""}",https://www.facebook.com/admorhvac/,https://www.instagram.com/admorhvacproductsinc/,https://twitter.com/admorhvac
ypid:YN404EC4695C664F52,"Gagnon Heating & Air Conditioning, Inc.","Athens, ME",https://www.bing.com/th?id=OLC.I71TEoRBXZkmhA480x360&pid=Local,https://www.bing.com/maps?cp=45.078460693359375%7E-69.72126770019531&lvl=17.0&q=Gagnon%20Heating%20%26%20Air%20Conditioning%2C%20Inc.%20%2C%20Athens%2C%20ME,45.078460693359375,-69.72126770019531,,,HVAC services,Closed · Opens 08:00,http://www.gagnongeothermal.com/,(207) 647-8782,support@nocall.io,,,,
ypid:YNB425CD6D12DFE2D,Houle's Plumbing Heating & Air Conditioning,"19 North St, Waterville, ME 04901",https://www.bing.com/th?id=OLC.2w/hzt4wrck9IA480x360&pid=Local,https://www.bing.com/maps?cp=44.55534362792969%7E-69.63440704345703&lvl=17.0&q=Houle's%20Plumbing%20Heating%20%26%20Air%20Conditioning%20%2C%2019%20North%20St%2C%20Waterville%2C%20ME%2004901,44.55534362792969,-69.63440704345703,2,Yelp (8),HVAC services,Closed · Opens 08:00,https://www.houlesphac.com/,(207) 872-6762,"energy@cnbrown.com,servicemanager@houlesphac.com","{""facebook"":""https://www.facebook.com/houlesphac/""}",https://www.facebook.com/houlesphac/,,
ypid:YNB585540787533AD3,Bangor HVAC,"Southeast Piscataquis, Maine",https://www.bing.com/th?id=OLC.5KAuwzC13uRXKw480x360&pid=Local,https://www.bing.com/maps?cp=45.18844985961914%7E-68.98468780517578&lvl=17.0&q=Bangor%20HVAC%20%2C%20Southeast%20Piscataquis%2C%20Maine,45.18844985961914,-68.98468780517578,,,HVAC services,Open 24 hours,https://bangor-hvac.com/,(207) 951-2028,bangorhvac@gmail.com,"{""facebook"":""https://www.facebook.com/668877396309986""}",https://www.facebook.com/668877396309986,,
ypid:YN505CD72CB9BDD3EF,Dave's Mechanical Maintenance,"25 Grove St, Milford, ME 04461",https://www.bing.com/th?id=OLC.4ixI/TDmyliM4w480x360&pid=Local,https://www.bing.com/maps?cp=44.964534759521484%7E-68.63642120361328&lvl=17.0&q=Dave's%20Mechanical%20Maintenance%20%2C%2025%20Grove%20St%2C%20Milford%2C%20ME%2004461,44.964534759521484,-68.63642120361328,5,Angi (39),HVAC services,Closed · Opens 08:00,http://davesmm.com/,(207) 827-2118,,,,,
ypid:YNA399D4D19C4233D0,"ABM Mechanical, Inc.","33 Dowd Rd #1, Bangor, ME 04401",https://www.bing.com/th?id=OLC.YZTqhDpwbthhGg480x360&pid=Local,https://www.bing.com/maps?cp=44.78196716308594%7E-68.82292938232422&lvl=17.0&q=ABM%20Mechanical%2C%20Inc.%20%2C%2033%20Dowd%20Rd%20%231%2C%20Bangor%2C%20ME%2004401,44.78196716308594,-68.82292938232422,5,Yelp (1),Contractor,Closed · Opens 07:00,https://www.abmmechanical.com/,(207) 992-9250,"info@abmmechanical.com,support@hssservices.com,jobs@abmmechanical.com,reza@abmmechanical.com.au","{""facebook"":""https://www.facebook.com/abmmechanical"",""linkedin"":""https://www.linkedin.com/company/abm-mechanical-inc./""}",https://www.facebook.com/abmmechanical,,
ypid:YN390C9EAEE8230BE9,Gagnon Heating & Air Conditioning,"Athens, ME",https://www.bing.com/th?id=OLC.I71TEoRBXZkmhA480x360&pid=Local,https://www.bing.com/maps?cp=45.07845687866211%7E-69.72126007080078&lvl=17.0&q=Gagnon%20Heating%20%26%20Air%20Conditioning%20%2C%20Athens%2C%20ME,45.07845687866211,-69.72126007080078,,,HVAC services,Closed · Opens 08:00,https://www.gagnongeothermal.com/,(207) 647-8782,"jeff@gagnongeothermal.com,privacy@gagnongeothermal.com,support@nocall.io",,,,
ypid:YNEFBF02FEAC579209,"Temperature Solutions, LLC","45 White Pine Rd, Hermon, ME 04401",https://www.bing.com/th?id=OLC.f27hG6fD9sIPVw480x360&pid=Local,https://www.bing.com/maps?cp=44.79549026489258%7E-68.85401916503906&lvl=17.0&q=Temperature%20Solutions%2C%20LLC%20%2C%2045%20White%20Pine%20Rd%2C%20Hermon%2C%20ME%2004401,44.79549026489258,-68.85401916503906,,,HVAC services,Closed · Opens 07:00,http://temperaturesolutionsllc.com/,(207) 745-0199,Anthony@temperaturesolutionsllc.com,"{""facebook"":""https://www.facebook.com/tempsolutionsmaine/""}",https://www.facebook.com/tempsolutionsmaine/,,
ypid:YN2D0C528971F78F9F,Heat Pumps of Maine,"914 Sabattus St, Lewiston, ME 04240",https://www.bing.com/th?id=OLC.SE/tBbdr9bLLLQ480x360&pid=Local,https://www.bing.com/maps?cp=44.10313415527344%7E-70.17127227783203&lvl=17.0&q=Heat%20Pumps%20of%20Maine%20%2C%20914%20Sabattus%20St%2C%20Lewiston%2C%20ME%2004240,44.10313415527344,-70.17127227783203,5,Yelp (3),HVAC services,Closed · Opens 07:00,https://www.heatpumpsofmaine.com/,(207) 240-5265,heatpumpsofmaine@gmail.com,"{""facebook"":""https://www.facebook.com/heatpumpsofmaine/"",""youtube"":""https://www.youtube.com/feed/history?utm_source=pp""}",https://www.facebook.com/heatpumpsofmaine/,,
ypid:YN45EF338F905309F9,"ABM Mechanical, Inc.","1073 US Highway 1, Hancock, ME 04640",,https://www.bing.com/maps?cp=44.53681945800781%7E-68.2865982055664&lvl=17.0&q=ABM%20Mechanical%2C%20Inc.%20%2C%201073%20US%20Highway%201%2C%20Hancock%2C%20ME%2004640,44.53681945800781,-68.2865982055664,,,Contractor,Closed · Opens 07:00,https://www.abmmechanical.com/,(207) 422-6281,"info@abmmechanical.com,support@hssservices.com,jobs@abmmechanical.com,reza@abmmechanical.com.au","{""facebook"":""https://www.facebook.com/abmmechanical"",""linkedin"":""https://www.linkedin.com/company/abm-mechanical-inc./""}",https://www.facebook.com/abmmechanical,,
ypid:YN534D5447C75FE172,Integrity Services of Maine,"923 Minot Ave, Auburn, ME 04210",https://www.bing.com/th?id=OLC.UoS/xYFUu8gq2w480x360&pid=Local,https://www.bing.com/maps?cp=44.08134460449219%7E-70.26806640625&lvl=17.0&q=Integrity%20Services%20of%20Maine%20%2C%20923%20Minot%20Ave%2C%20Auburn%2C%20ME%2004210,44.08134460449219,-70.26806640625,3.5,Yelp (3),HVAC services,Closed · Opens 07:30,http://www.integrityservicesofmaine.com/,(207) 203-3044,info@integrityservicesofmaine.com,"{""facebook"":""https://www.facebook.com/ethicalhvac/"",""instagram"":""https://www.instagram.com/integrity_services_maine/""}",https://www.facebook.com/ethicalhvac/,https://www.instagram.com/integrity_services_maine/,
ypid:YNB7E6B621F68F72FA,HVAC Services Inc.,"73 Bradley Dr, Westbrook, ME 04092",https://www.bing.com/th?id=OLC.dFkfprjzuN6/jw480x360&pid=Local,https://www.bing.com/maps?cp=43.66550827026367%7E-70.37122344970703&lvl=17.0&q=HVAC%20Services%20Inc.%20%2C%2073%20Bradley%20Dr%2C%20Westbrook%2C%20ME%2004092,43.66550827026367,-70.37122344970703,,,HVAC services,Open 24 hours,http://hvacserv.com/,(207) 854-4822,"bids@hvacserv.com,dispatch@hvacserv.com,info@hvacserv.com,efisher@hvacserv.com","{""yelp"":""https://www.yelp.com/biz/hvac-services-westbrook""}",,,
ypid:YN2F0CCC933E7BAF4A,Always There Heating LLC,"10 Worthing Rd, Manchester, ME 04351",https://www.bing.com/th?id=OLC.LRkYeZGsFGpHyQ480x360&pid=Local,https://www.bing.com/maps?cp=44.34658432006836%7E-69.8748779296875&lvl=17.0&q=Always%20There%20Heating%20LLC%20%2C%2010%20Worthing%20Rd%2C%20Manchester%2C%20ME%2004351,44.34658432006836,-69.8748779296875,,,HVAC services,Closed · Opens 08:00,https://www.alwaysthereheating.com/,(207) 320-1035,,,,,
ypid:YN58EBD032001F4A4F,Osborne's Plumbing-Heating Inc,"15 Heritage Park Rd, Bucksport, ME 04416",https://www.bing.com/th?id=OLC.Gvg8r3s/ZOeL8A480x360&pid=Local,https://www.bing.com/maps?cp=44.574424743652344%7E-68.7593765258789&lvl=17.0&q=Osborne's%20Plumbing-Heating%20Inc%20%2C%2015%20Heritage%20Park%20Rd%2C%20Bucksport%2C%20ME%2004416,44.574424743652344,-68.7593765258789,3.5,Yelp (7),Plumbing,Closed · Opens 07:30,https://www.osborneservices.com/,(207) 469-6225,"osborneHVAC@gmail.com,support@hssservices.com","{""facebook"":""https://www.facebook.com/osbornesplumbingandheatinginc"",""yelp"":""https://www.yelp.com/biz/osbornes-plumbing-and-heating-bucksport""}",https://www.facebook.com/osbornesplumbingandheatinginc,,
ypid:YN49350B0190330587,Gunstock HVAC,"299 Gunstock Hill Rd, Gilford, NH 03249",https://www.bing.com/th?id=OLC.c/Oeh+1hmKhuWQ480x360&pid=Local,https://www.bing.com/maps?cp=43.5648193359375%7E-71.41510772705078&lvl=17.0&q=Gunstock%20HVAC%20%2C%20299%20Gunstock%20Hill%20Rd%2C%20Gilford%2C%20NH%2003249,43.5648193359375,-71.41510772705078,5,Yelp (1),HVAC services,Open 24 hours,https://gunstockhvac.com/,(603) 293-8088,info@rumibookstore.com,,,,
ypid:YNA292628ADC1D00CE,Callahan A/C & Heating Services,"78 Whittier Hwy, Moultonborough, NH 03254",https://www.bing.com/th?id=OLC.rHIsZo1rLDnOpQ480x360&pid=Local,https://www.bing.com/maps?cp=43.71235656738281%7E-71.451904296875&lvl=17.0&q=Callahan%20A%2FC%20%26%20Heating%20Services%20%2C%2078%20Whittier%20Hwy%2C%20Moultonborough%2C%20NH%2003254,43.71235656738281,-71.451904296875,,,HVAC services,Closed · Opens 07:00,http://www.callahanac.com/,(603) 253-9233,"hello@blvd.ai,Brugherio@suannocasa.it,Cologno@suannocasa.it",,,,
ypid:YN73F549948887913A,Above & Below HVAC,"Sanbornton, NH",https://www.bing.com/th?id=OLC.dMHSHh1X3C3Eig480x360&pid=Local,https://www.bing.com/maps?cp=43.51898956298828%7E-71.59315490722656&lvl=17.0&q=Above%20%26%20Below%20HVAC%20%2C%20Sanbornton%2C%20NH,43.51898956298828,-71.59315490722656,,,HVAC services,Open 24 hours,https://aboveandbelowhvac.com/,(603) 293-6446,Revans@aboveandbelowhvac.com,"{""facebook"":""https://www.facebook.com/profile.php?id=100091589001733"",""yelp"":""https://www.yelp.com/biz/above-and-below-hvac-northfield""}",https://www.facebook.com/profile.php?id=100091589001733,,
ypid:YN1A2810E84176FB79,Wicked Cool Mechanical,"21 Meadowbrook Ln Unit 1, Gilford, NH 03249",https://www.bing.com/th?id=OLC.GrS4fcygAfz3dQ480x360&pid=Local,https://www.bing.com/maps?cp=43.578765869140625%7E-71.4102554321289&lvl=17.0&q=Wicked%20Cool%20Mechanical%20%2C%2021%20Meadowbrook%20Ln%20Unit%201%2C%20Gilford%2C%20NH%2003249,43.578765869140625,-71.4102554321289,,,HVAC services,Open 24 hours,https://wickedcoolmech.com/,(603) 524-0445,service@wickedcoolmech.com,,,,
ypid:YNFC03FC62616505E9,New England Climate Control,"954 Whittier Hwy, Moultonborough, NH 03254",https://www.bing.com/th?id=OLC.I/kV6h4m5N97DQ480x360&pid=Local,https://www.bing.com/maps?cp=43.75162124633789%7E-71.3992919921875&lvl=17.0&q=New%20England%20Climate%20Control%20%2C%20954%20Whittier%20Hwy%2C%20Moultonborough%2C%20NH%2003254,43.75162124633789,-71.3992919921875,5,Angi (11),HVAC services,Closed · Opens 08:00,http://www.newenglandclimatecontrol.com/,(603) 393-1817,"neccleslie@gmail.com,info@rumibookstore.com","{""facebook"":""https://www.facebook.com/new-england-climate-control-101077811648786""}",https://www.facebook.com/new-england-climate-control-101077811648786,,
ypid:YN5ED00A422BDC29B3,Marathon HVAC,"Wolfeboro, NH",https://www.bing.com/th?id=OLC.LvFpL/dLSEEWVA480x360&pid=Local,https://www.bing.com/maps?cp=43.597259521484375%7E-71.23141479492188&lvl=17.0&q=Marathon%20HVAC%20%2C%20Wolfeboro%2C%20NH,43.597259521484375,-71.23141479492188,,,HVAC services,Closed · Opens 08:00,https://marathonhvacnh.com/,(603) 249-6599,info@marathonhvacnh.com,"{""instagram"":""https://www.instagram.com/p/drbp1vfjckn/"",""facebook"":""https://developers.facebook.com/docs/facebook-login/permissions""}",https://developers.facebook.com/docs/facebook-login/permissions,https://www.instagram.com/p/drbp1vfjckn/,
ypid:YNE2C902D3583778F8,Lakes Region Heating and Air Conditioning,"73 NH-129, Loudon, NH 03307",https://www.bing.com/th?id=OLC.FRPDUE0fPD2hfQ480x360&pid=Local,https://www.bing.com/maps?cp=43.29018783569336%7E-71.4636001586914&lvl=17.0&q=Lakes%20Region%20Heating%20and%20Air%20Conditioning%20%2C%2073%20NH-129%2C%20Loudon%2C%20NH%2003307,43.29018783569336,-71.4636001586914,3,Yelp (8),HVAC services,Closed · Opens 07:00,https://lrhvac.com/,(603) 286-2290,,"{""facebook"":""https://www.facebook.com/lrhvac/"",""twitter"":""https://twitter.com/lrhvac"",""instagram"":""https://www.instagram.com/lrhvac/"",""pinterest"":""https://www.pinterest.com/42d703a6d42942f04b3b35b5c8d781/""}",https://www.facebook.com/lrhvac/,https://www.instagram.com/lrhvac/,https://twitter.com/lrhvac
ypid:YN20E09B6F4B9C0CB7,"Total Climate Control Plumbing, Heating & Air Conditioning","197 N Main St, Boscawen, NH 03303",https://www.bing.com/th?id=OLC.ol0cLCBV3vWU2A480x360&pid=Local,https://www.bing.com/maps?cp=43.30006790161133%7E-71.60759735107422&lvl=17.0&q=Total%20Climate%20Control%20Plumbing%2C%20Heating%20%26%20Air%20Conditioning%20%2C%20197%20N%20Main%20St%2C%20Boscawen%2C%20NH%2003303,43.30006790161133,-71.60759735107422,1.5,Yelp (60),HVAC services,Open 24 hours,https://www.tccnh.com/,(603) 207-3839,"info@tccnh.com,dortonibakery@gmail.com",,,,
ypid:YNA2B6AC567518CD26,New Hampshire Mechanical,"14 Baileys Green, Bedford, NH 03110",,https://www.bing.com/maps?cp=42.9063606262207%7E-71.49805450439453&lvl=17.0&q=New%20Hampshire%20Mechanical%20%2C%2014%20Baileys%20Green%2C%20Bedford%2C%20NH%2003110,42.9063606262207,-71.49805450439453,,,HVAC services,Open 24 hours,https://nhmechanical.com/,(603) 505-5692,info@rumibookstore.com,"{""facebook"":""https://www.facebook.com/nhmechanical/reviews/?ref=page_internal""}",https://www.facebook.com/nhmechanical/reviews/?ref=page_internal,,
ypid:YN2FFFC12CFE7354BA,"A.J. LeBlanc Heating, A/C, Plumbing & Electrical","45 S River Rd, Bedford, NH 03110",https://www.bing.com/th?id=OLC.irOMjw4S9861Vg480x360&pid=Local,https://www.bing.com/maps?cp=42.961639404296875%7E-71.47950744628906&lvl=17.0&q=A.J.%20LeBlanc%20Heating%2C%20A%2FC%2C%20Plumbing%20%26%20Electrical%20%2C%2045%20S%20River%20Rd%2C%20Bedford%2C%20NH%2003110,42.961639404296875,-71.47950744628906,3.5,Yelp (37),HVAC services,Open 24 hours,https://leblanchvac.com/,(603) 623-0412,"info@leblanchvac.com,profiles@birdeye.com,sullivan@leblanchvac.com","{""facebook"":""https://www.facebook.com/leblanchvac"",""twitter"":""https://twitter.com/leblancheating"",""youtube"":""https://www.youtube.com/feed/history?utm_source=pp"",""instagram"":""https://www.instagram.com/leblanchvac"",""pinterest"":""https://www.pinterest.com/leblanchvac/leblanc-heating-cooling-plumbing/"",""linkedin"":""https://www.linkedin.com/company/leblanchvac""}",https://www.facebook.com/leblanchvac,https://www.instagram.com/leblanchvac,https://twitter.com/leblancheating
ypid:YNA2CEA169C7557CDA,Admiral Climate Control,"44 Allen St, Rochester, NH 03867",https://www.bing.com/th?id=OLC.PqUgDFZ3EtqUoA480x360&pid=Local,https://www.bing.com/maps?cp=43.31051254272461%7E-70.9750747680664&lvl=17.0&q=Admiral%20Climate%20Control%20%2C%2044%20Allen%20St%2C%20Rochester%2C%20NH%2003867,43.31051254272461,-70.9750747680664,3.5,Yelp (5),HVAC services,Closed · Opens 08:00,http://admiralclimate.com/,(603) 330-3014,"admiral@admiralclimate.com,lisa@admiralclimate.com","{""yelp"":""https://www.yelp.com/biz/admiral-climate-control-rochester"",""facebook"":""https://www.facebook.com/pages/admiral-climate-control/134416206607679""}",https://www.facebook.com/pages/admiral-climate-control/134416206607679,,
ypid:YN8548A97C1FDC90E4,"Elite Heating and Air, LLC","Two Dot, MT",,https://www.bing.com/maps?cp=46.679508209228516%7E-110.04440307617188&lvl=17.0&q=Elite%20Heating%20and%20Air%2C%20LLC%20%2C%20Two%20Dot%2C%20MT,46.679508209228516,-110.04440307617188,,,HVAC services,Open 24 hours,http://www.elitehvacmt.com/,(406) 880-5706,,,,,
ypid:YNACBE35CF3534745F,"All Weather Tech, Inc.",Montana,,https://www.bing.com/maps?cp=47.248470306396484%7E-109.26329040527344&lvl=17.0&q=All%20Weather%20Tech%2C%20Inc.%20%2C%20Montana,47.248470306396484,-109.26329040527344,,,HVAC services,Closed · Opens 08:00,http://www.allweathertechlewistown.com/,(406) 538-8202,,,,,
ypid:YNFFE5A1526EA6DBFB,Comfort Systems of Montana,"125 Central Ave #1J, Bozeman, MT 59718",https://www.bing.com/th?id=OLC.KnNQoxaSW0v7pQ480x360&pid=Local,https://www.bing.com/maps?cp=45.664859771728516%7E-111.18865966796875&lvl=17.0&q=Comfort%20Systems%20of%20Montana%20%2C%20125%20Central%20Ave%20%231J%2C%20Bozeman%2C%20MT%2059718,45.664859771728516,-111.18865966796875,4.5,Yelp (7),HVAC services,Open 24 hours,https://comfortsystemsofmt.com/,(406) 522-1114,"info@comfortsystemsofmt.com,info@comfortsystemsofmontana.com.com,jstites@comfortsystemsofmt.com","{""facebook"":""https://www.facebook.com/comfortsystemsofmt"",""twitter"":""https://twitter.com/comfortsystemmt"",""linkedin"":""https://www.linkedin.com/in/comfort-systems-9b816717b"",""youtube"":""https://www.youtube.com/channel/uc1uy5tttpgh5rcekj-bxq_w/featured""}",https://www.facebook.com/comfortsystemsofmt,,https://twitter.com/comfortsystemmt
ypid:YN6AC7C08D27AE5DB0,Mountain Heating and Cooling,"6693 Lynx Ln, Bozeman, MT 59718",https://www.bing.com/th?id=OLC.u4sCJ7rC5v4DYw480x360&pid=Local,https://www.bing.com/maps?cp=45.668426513671875%7E-111.15099334716797&lvl=17.0&q=Mountain%20Heating%20and%20Cooling%20%2C%206693%20Lynx%20Ln%2C%20Bozeman%2C%20MT%2059718,45.668426513671875,-111.15099334716797,4,Yelp (12),HVAC services,Open 24 hours,https://mountainheating.com/,(406) 586-4007,,"{""facebook"":""https://www.facebook.com/mountain-sheet-metal-118784111531799/"",""twitter"":""https://twitter.com/mtnshtmtl""}",https://www.facebook.com/mountain-sheet-metal-118784111531799/,,https://twitter.com/mtnshtmtl
ypid:YN6465129EDA8219A1,Merit Mechanical Services,"1601 A St, Helena, MT 59601",https://www.bing.com/th?id=OLC.wYlJMHL4dlui4A480x360&pid=Local,https://www.bing.com/maps?cp=46.60034942626953%7E-111.98280334472656&lvl=17.0&q=Merit%20Mechanical%20Services%20%2C%201601%20A%20St%2C%20Helena%2C%20MT%2059601,46.60034942626953,-111.98280334472656,,,HVAC services,Closed · Opens 08:00,https://meritmt.com/,(406) 443-1150,"sales@meritmt.com,service@meritmt.com","{""facebook"":""https://www.facebook.com/meritmechanicalservices/""}",https://www.facebook.com/meritmechanicalservices/,,
ypid:YN40A4CAE45BB53C98,Ambient Air Solutions,"3340 Prince Ln, Bozeman, MT 59718",https://www.bing.com/th?id=OLC.VZVnsqKWh6F5FQ480x360&pid=Local,https://www.bing.com/maps?cp=45.73130416870117%7E-111.08283233642578&lvl=17.0&q=Ambient%20Air%20Solutions%20%2C%203340%20Prince%20Ln%2C%20Bozeman%2C%20MT%2059718,45.73130416870117,-111.08283233642578,3,Yelp (18),HVAC services,Open 24 hours,https://www.ambientairsolutions.com/,(406) 577-1818,"michelle@ambientairsolutions.com,kami@ambientairsolutions.com","{""twitter"":""https://twitter.com/ambient_air_sol"",""youtube"":""https://www.youtube.com/feed/history?utm_source=pp"",""facebook"":""https://www.facebook.com/ambient.air.solutions/"",""pinterest"":""https://www.pinterest.com/ambient_air_solutions/"",""instagram"":""https://www.instagram.com/ambient_air_solutions/""}",https://www.facebook.com/ambient.air.solutions/,https://www.instagram.com/ambient_air_solutions/,https://twitter.com/ambient_air_sol
ypid:YN562EEA1339390162,"Air Temp Solutions - AC Repair, Heating Repair, Water Heater Repair & Plumbing Milford DE","329 S Rehoboth Blvd, Milford, DE 19963",https://www.bing.com/th?id=OLC.57/5AoeZdd4VJg480x360&pid=Local,https://www.bing.com/maps?cp=38.90909957885742%7E-75.41292572021484&lvl=17.0&q=Air%20Temp%20Solutions%20-%20AC%20Repair%2C%20Heating%20Repair%2C%20Water%20Heater%20Repair%20%26%20Plumbing%20Milford%20DE%20%2C%20329%20S%20Rehoboth%20Blvd%2C%20Milford%2C%20DE%2019963,38.90909957885742,-75.41292572021484,2,Yelp (12),HVAC services,Open 24 hours,https://www.airtempandplumbing.com/milford/,(302) 219-3973,"office@air-tempsolutions.com,info@shart.com,marcoafacs@gmail.com,atendimento@airtech.net.br","{""facebook"":""https://www.facebook.com/air.temp.solutions/"",""yelp"":""https://www.yelp.com/biz/air-temp-solutions-new-castle"",""instagram"":""https://www.instagram.com/air.temp.solutions/""}",https://www.facebook.com/air.temp.solutions/,https://www.instagram.com/air.temp.solutions/,
ypid:YN5137EE9EB2E8E753,Henry Eashum & Son Inc,"20 S Dupont Hwy, Camden, DE 19934",https://www.bing.com/th?id=OLC.MQXmZi6r45JB2w480x360&pid=Local,https://www.bing.com/maps?cp=39.11138153076172%7E-75.53876495361328&lvl=17.0&q=Henry%20Eashum%20%26%20Son%20Inc%20%2C%2020%20S%20Dupont%20Hwy%2C%20Camden%2C%20DE%2019934,39.11138153076172,-75.53876495361328,4.5,Yelp (14),Plumbing,Closed · Opens 08:00,http://eashumplumbing.com/,(302) 697-6164,daleeashum@gmail.com,"{""yelp"":""https://www.yelp.com/biz/eashum-henry-and-son-camden-3""}",,,
ypid:YNCA07218FB554DAAE,"F.H. Furr Plumbing, Heating, Air Conditioning & Electrical","22965 Lewes Georgetown Hwy, Georgetown, DE 19947",https://www.bing.com/th?id=OLC.NKqxXG/gNUjZqA480x360&pid=Local,https://www.bing.com/maps?cp=38.70878219604492%7E-75.33731842041016&lvl=17.0&q=F.H.%20Furr%20Plumbing%2C%20Heating%2C%20Air%20Conditioning%20%26%20Electrical%20%2C%2022965%20Lewes%20Georgetown%20Hwy%2C%20Georgetown%2C%20DE%2019947,38.70878219604492,-75.33731842041016,1.5,Yelp (41),HVAC services,Open 24 hours,https://www.fhfurr.com/delmarva-area/?utm_source=bing-places&utm_medium=organic&utm_campaign=%2A91%2Afh-furr-plumbing-georgetown,(302) 554-7840,"clientrelations@fhfurr.com,info@crightneyimmigration.com,customerservice@fhfurr.com,clienrelations@fhfurr.com,contractsdepartment@fhfurr.com,ErrolN@FalconHVAC.com,name@cpsymbol.com,hr@fhfurr.com,info@fhfurr.com","{""facebook"":""https://www.facebook.com/284861698059/"",""instagram"":""https://www.instagram.com/fh_furr"",""twitter"":""https://twitter.com/fhfurr"",""tiktok"":""https://www.tiktok.com/@fh_furr"",""pinterest"":""https://www.pinterest.com/fhfurr/"",""youtube"":""https://www.youtube.com/feed/history?utm_source=pp"",""yelp"":""https://www.yelp.com/biz/f-h-furr-plumbing-heating-air-conditioning-and-electrical-finksburg"",""linkedin"":""https://www.linkedin.com/company/f.h.-furr-plumbing-heating-&-air-conditioning-inc.""}",https://www.facebook.com/284861698059/,https://www.instagram.com/fh_furr,https://twitter.com/fhfurr
ypid:YN90A33669EFE53CAF,"J.F. Sobieski Mechanical Contractors, Inc.","1325 Old Coochs Bridge Rd, Newark, DE 19713",https://www.bing.com/th?id=OLC.XmEXdfFNQ2hk/w480x360&pid=Local,https://www.bing.com/maps?cp=39.6484489440918%7E-75.74158477783203&lvl=17.0&q=J.F.%20Sobieski%20Mechanical%20Contractors%2C%20Inc.%20%2C%201325%20Old%20Coochs%20Bridge%20Rd%2C%20Newark%2C%20DE%2019713,39.6484489440918,-75.74158477783203,1.5,Yelp (99),HVAC services,Open 24 hours,http://www.sobieskiinc.com/,(877) 707-1358,"customerservice@sobieskiinc.com,Linc@sobieskiinc.com,smssales@sobieskiinc.com,nhcs@sobieskiinc.com,customhomes@sobieskiinc.com,imurphy@sobieskiinc.com,tsmith@sobieskiinc.com,southerncomfortmechanical@aol.com,jfs@sobieskiinc.com,pryan@solutionsipem.com,licenses@sobieskiinc.com","{""facebook"":""https://www.facebook.com/sobieskiservices/"",""twitter"":""https://twitter.com/sobieskiservice"",""instagram"":""https://www.instagram.com/sobieskiinc/"",""youtube"":""https://www.youtube.com/channel/ucf3wsrmyswze70bmggxlelq""}",https://www.facebook.com/sobieskiservices/,https://www.instagram.com/sobieskiinc/,https://twitter.com/sobieskiservice
ypid:YN96FF50C0D25B02DE,"Atlantic Refrigeration & Air Conditioning, Inc.","17553 Nassau Commons Blvd, Lewes, DE 19958",https://www.bing.com/th?id=OLC.sRrvpZf04rXt/Q480x360&pid=Local,https://www.bing.com/maps?cp=38.74630355834961%7E-75.18572998046875&lvl=17.0&q=Atlantic%20Refrigeration%20%26%20Air%20Conditioning%2C%20Inc.%20%2C%2017553%20Nassau%20Commons%20Blvd%2C%20Lewes%2C%20DE%2019958,38.74630355834961,-75.18572998046875,4.5,Yelp (18),HVAC services,Open 24 hours,https://www.atlanticrefrigeration.com/,(302) 386-8062,"kim@atlanticrefrigeration.com,info@atlanticrefrigeration.com,Chamber@HistoricMilton.com,jamie@atlanticrefrigeration.com,tammy@ATRelectricDE.com,johnd@bdelec.net,dave@atlanticrefrigeration.com,Chris@atlasfab.net","{""facebook"":""https://www.facebook.com/atlanticrefrigerationde/"",""twitter"":""https://twitter.com/atlanticref"",""linkedin"":""https://br.linkedin.com/company/atlantic-refrigeration-ltd"",""youtube"":""https://www.youtube.com/feed/history?utm_source=pp"",""yelp"":""https://www.yelp.com/biz/atlantic-refrigeration-and-air-conditioning-lewes-2?start=10""}",https://www.facebook.com/atlanticrefrigerationde/,,https://twitter.com/atlanticref
ypid:YN3D5FFA501B35139C,SABRS Home Comfort,"17298 Coastal Hwy #5, Lewes, DE 19958",https://www.bing.com/th?id=OLC.agB/pop0MbUgSQ480x360&pid=Local,https://www.bing.com/maps?cp=38.74897384643555%7E-75.1806640625&lvl=17.0&q=SABRS%20Home%20Comfort%20%2C%2017298%20Coastal%20Hwy%20%235%2C%20Lewes%2C%20DE%2019958,38.74897384643555,-75.1806640625,5,Angi (53),HVAC services,Open 24 hours,https://www.sabrsheatingandair.com/,(302) 379-8133,,"{""facebook"":""https://www.facebook.com/sabrshomecomfort/""}",https://www.facebook.com/sabrshomecomfort/,,
ypid:YN6F59AF431C20AD08,Delaware Heating and Air,"11 McMillan Way, Newark, DE 19713",https://www.bing.com/th?id=OLC.lvYqMcXwo9qZEw480x360&pid=Local,https://www.bing.com/maps?cp=39.65220260620117%7E-75.73072052001953&lvl=17.0&q=Delaware%20Heating%20and%20Air%20%2C%2011%20McMillan%20Way%2C%20Newark%2C%20DE%2019713,39.65220260620117,-75.73072052001953,2,Yelp (5),HVAC services,Closed · Opens 07:30,https://delawareheatandair.com/,(302) 738-4669,marenolandscaping1@gmail.com,"{""facebook"":""https://www.facebook.com/delaware-heating-air-conditioning-services-inc-758222227630484/"",""yelp"":""https://www.yelp.com/biz/delaware-heating-and-air-newark?adjust_creative=microsoft&utm_campaign=yelp_feed&utm_medium=feed_v2&utm_source=microsoft""}",https://www.facebook.com/delaware-heating-air-conditioning-services-inc-758222227630484/,,
ypid:YNA2DA57CD881D1D67,"Air Temp Solutions - AC Repair, Heating Repair, Water Heater Repair & Plumbing Newark DE","211 Lake Dr, Newark, DE 19702",https://www.bing.com/th?id=OLC.TQWFvvk+AHq9eQ480x360&pid=Local,https://www.bing.com/maps?cp=39.615047454833984%7E-75.7520751953125&lvl=17.0&q=Air%20Temp%20Solutions%20-%20AC%20Repair%2C%20Heating%20Repair%2C%20Water%20Heater%20Repair%20%26%20Plumbing%20Newark%20DE%20%2C%20211%20Lake%20Dr%2C%20Newark%2C%20DE%2019702,39.615047454833984,-75.7520751953125,2,Yelp (29),HVAC services,Open 24 hours,https://www.airtempandplumbing.com/,(302) 497-4714,"office@air-tempsolutions.com,info@shart.com,marcoafacs@gmail.com,atendimento@airtech.net.br","{""facebook"":""https://www.facebook.com/air.temp.solutions/"",""yelp"":""https://www.yelp.com/biz/air-temp-solutions-new-castle"",""instagram"":""https://www.instagram.com/air.temp.solutions/""}",https://www.facebook.com/air.temp.solutions/,https://www.instagram.com/air.temp.solutions/,
ypid:YNFEA7D60C3F6017D6,"Horizon Services - Air Conditioning, Heating, Plumbing, & Electrical","320 Century Blvd, Wilmington, DE 19808",https://www.bing.com/th?id=OLC.54Lx1tv0EFPkHA480x360&pid=Local,https://www.bing.com/maps?cp=39.7330436706543%7E-75.6172103881836&lvl=17.0&q=Horizon%20Services%20-%20Air%20Conditioning%2C%20Heating%2C%20Plumbing%2C%20%26%20Electrical%20%2C%20320%20Century%20Blvd%2C%20Wilmington%2C%20DE%2019808,39.7330436706543,-75.6172103881836,2,Yelp (272),HVAC services,Open 24 hours,https://www.horizonservices.com/,(302) 208-6255,"jdoe@horizonservices.com,support@readygoservice.com,janedoe@horizonservices.com,hello@readygoservice.com,webmaster@horizonservices.com","{""facebook"":""https://www.facebook.com/horizonservices/"",""twitter"":""https://twitter.com/horizonservices"",""instagram"":""https://www.instagram.com/horizonservices/"",""youtube"":""https://www.youtube.com/user/horizsvcs"",""linkedin"":""https://www.linkedin.com/company/horizonservices""}",https://www.facebook.com/horizonservices/,https://www.instagram.com/horizonservices/,https://twitter.com/horizonservices
ypid:YN211223069DF0E85E,"Hentkowski, Inc.","3420 Old Capitol Trail, Wilmington, DE 19808",https://www.bing.com/th?id=OLC.fAnfXaS/EwQOOg480x360&pid=Local,https://www.bing.com/maps?cp=39.7309455871582%7E-75.627685546875&lvl=17.0&q=Hentkowski%2C%20Inc.%20%2C%203420%20Old%20Capitol%20Trail%2C%20Wilmington%2C%20DE%2019808,39.7309455871582,-75.627685546875,3,Yelp (14),HVAC services,Open 24 hours,http://www.hentkowski.com/,(302) 998-2257,,,,,
ypid:YN712B8BCF3FF7055,Larson HVAC/R,"South Stanley, South Dakota",,https://www.bing.com/maps?cp=44.2125244140625%7E-100.2471694946289&lvl=17.0&q=Larson%20HVAC%2FR%20%2C%20South%20Stanley%2C%20South%20Dakota,44.2125244140625,-100.2471694946289,,,HVAC services,Closed · Opens 08:00,https://www.larsonhvacr.com/,(605) 201-1112,,"{""facebook"":""https://www.facebook.com/larson-hvacr-193385357347155/timeline/"",""twitter"":""https://twitter.com/larsonhvacr""}",https://www.facebook.com/larson-hvacr-193385357347155/timeline/,,https://twitter.com/larsonhvacr
ypid:YN49FB1E62BD0D5360,AirTech Heating and Cooling,"3709 Airport Rd, Pierre, SD 57501",https://www.bing.com/th?id=OLC.MkADpQHHY8F6Tg480x360&pid=Local,https://www.bing.com/maps?cp=44.38161087036133%7E-100.29875946044922&lvl=17.0&q=AirTech%20Heating%20and%20Cooling%20%2C%203709%20Airport%20Rd%2C%20Pierre%2C%20SD%2057501,44.38161087036133,-100.29875946044922,5,Yelp (1),HVAC services,Closed · Opens 08:00,http://www.airtechpierre.com/,(605) 945-0160,,"{""facebook"":""https://www.facebook.com/airtech0160"",""yelp"":""https://www.yelp.com/biz/airtech-heating-and-cooling-pierre"",""twitter"":""https://twitter.com/airtechheating7""}",https://www.facebook.com/airtech0160,,https://twitter.com/airtechheating7
ypid:YN5122BEBACE6D128A,Tessiers,"218 E 1st Ave, Mitchell, SD 57301",https://www.bing.com/th?id=OLC.1HRNSW5ZQH4FZA480x360&pid=Local,https://www.bing.com/maps?cp=43.709720611572266%7E-98.02325439453125&lvl=17.0&q=Tessiers%20%2C%20218%20E%201st%20Ave%2C%20Mitchell%2C%20SD%2057301,43.709720611572266,-98.02325439453125,,,HVAC services,Closed · Opens 08:00,https://www.tessiers.com/,(605) 996-7548,,,,,
ypid:YN66DB7FD792F720E3,Haugan Heating & Air Conditioning,"420 N Harlem Ave, Sioux Falls, SD 57104",https://www.bing.com/th?id=OLC.MK1Bior5z9y0Tg480x360&pid=Local,https://www.bing.com/maps?cp=43.55360412597656%7E-96.76302337646484&lvl=17.0&q=Haugan%20Heating%20%26%20Air%20Conditioning%20%2C%20420%20N%20Harlem%20Ave%2C%20Sioux%20Falls%2C%20SD%2057104,43.55360412597656,-96.76302337646484,3.5,Yellowpages (3),HVAC services,Closed · Opens 07:00,http://www.hauganheatingandair.com/,(605) 334-7911,,"{""facebook"":""https://www.facebook.com/hauganheating"",""yelp"":""https://www.yelp.com/biz/haugan-heating-and-air-conditioning-sioux-falls""}",https://www.facebook.com/hauganheating,,
ypid:YN5F6B6AD6B1BCF946,Barton Heating & Air Conditioning,"Cambria, SD",https://www.bing.com/th?id=OLC.Aq8buPzo9t2P1A480x360&pid=Local,https://www.bing.com/maps?cp=45.52400207519531%7E-98.3258056640625&lvl=17.0&q=Barton%20Heating%20%26%20Air%20Conditioning%20%2C%20Cambria%2C%20SD,45.52400207519531,-98.3258056640625,,,Home service,Closed · Opens 08:00,https://www.bartonheating.com/,(605) 229-5896,,,,,
ypid:YNF4AF1EDFF11D7EF1,Roger's Plumbing & Heating,"1010 S Commerce Ave, Sioux Falls, SD 57110",https://www.bing.com/th?id=OLC.KlD215UkhPs6xQ480x360&pid=Local,https://www.bing.com/maps?cp=43.53878402709961%7E-96.6388168334961&lvl=17.0&q=Roger's%20Plumbing%20%26%20Heating%20%2C%201010%20S%20Commerce%20Ave%2C%20Sioux%20Falls%2C%20SD%2057110,43.53878402709961,-96.6388168334961,4,Yelp (5),HVAC services,Open 24 hours,https://rogersplumbingandheating.com/,(605) 332-0541,reservations.central@frasershospitality.com,"{""facebook"":""https://www.facebook.com/rogersplumbingandheating/"",""yelp"":""https://www.yelp.com/biz/rogers-plumbing-and-heating-sioux-falls""}",https://www.facebook.com/rogersplumbingandheating/,,
ypid:YN32118601D11C572D,PrairieSons,"1117 Ash St, Brandon, SD 57005",https://www.bing.com/th?id=OLC.gFiuqHbCaAu5Vg480x360&pid=Local,https://www.bing.com/maps?cp=43.605289459228516%7E-96.57450103759766&lvl=17.0&q=PrairieSons%20%2C%201117%20Ash%20St%2C%20Brandon%2C%20SD%2057005,43.605289459228516,-96.57450103759766,2,Yelp (9),HVAC services,Open 24 hours,https://www.prairiesons.com/,(605) 582-8611,,"{""facebook"":""https://www.facebook.com/prairiesonssf""}",https://www.facebook.com/prairiesonssf,,
ypid:YN478D54D912202C27,"Frisbees - Plumbing, Heating, AC & Electrical Contractor","4009 S Minnesota Ave, Sioux Falls, SD 57105",https://www.bing.com/th?id=OLC.uNiD6ho9Z7Ga8w480x360&pid=Local,https://www.bing.com/maps?cp=43.50676727294922%7E-96.73177337646484&lvl=17.0&q=Frisbees%20-%20Plumbing%2C%20Heating%2C%20AC%20%26%20Electrical%20Contractor%20%2C%204009%20S%20Minnesota%20Ave%2C%20Sioux%20Falls%2C%20SD%2057105,43.50676727294922,-96.73177337646484,2,Yelp (30),HVAC services,Closed · Opens 07:30,https://www.frisbeesinc.com/,(605) 338-6321,"frisbeesfirst@frisbeesinc.com,rhondai@frisbeesinc.com,framboise2021@naver.com,fresys00047@naver.com","{""facebook"":""https://www.facebook.com/jessica.bjorke/posts/3359858500953872"",""instagram"":""https://www.instagram.com/frisbeeskitchenandbath/"",""yelp"":""https://www.yelp.com/biz/frisbees-sioux-falls"",""linkedin"":""https://www.linkedin.com/company/frisbees-plumbing-heating-ac-&-electrical""}",https://www.facebook.com/jessica.bjorke/posts/3359858500953872,https://www.instagram.com/frisbeeskitchenandbath/,
ypid:YN6AD2897E53DE0BC4,Tessiers,"2319 N Plaza Dr Ste 2, Rapid City, SD 57702",https://www.bing.com/th?id=OLC.4pdP/CAFbJTM2Q480x360&pid=Local,https://www.bing.com/maps?cp=44.104461669921875%7E-103.25753784179688&lvl=17.0&q=Tessiers%20%2C%202319%20N%20Plaza%20Dr%20Ste%202%2C%20Rapid%20City%2C%20SD%2057702,44.104461669921875,-103.25753784179688,,,HVAC services,Closed · Opens 08:00,https://www.tessiers.com/,(605) 341-1940,,,,,
ypid:YNDA84A635D35A59D0,Cooling & Heating Unlimited,"725 Airport Rd, Bismarck, ND 58504",https://www.bing.com/th?id=OLC.EY8iRFTto44SCg480x360&pid=Local,https://www.bing.com/maps?cp=46.79741668701172%7E-100.76226806640625&lvl=17.0&q=Cooling%20%26%20Heating%20Unlimited%20%2C%20725%20Airport%20Rd%2C%20Bismarck%2C%20ND%2058504,46.79741668701172,-100.76226806640625,3.5,Yelp (3),HVAC services,Open 24 hours,https://www.coolingandheatingunlimited.com/,(701) 248-4289,,,,,
ypid:YNA4C8D429F13BC089,H.A. Thompson & Sons,"911 S 9th St, Bismarck, ND 58504",https://www.bing.com/th?id=OLC.bP7j3A//eYw58w480x360&pid=Local,https://www.bing.com/maps?cp=46.79619598388672%7E-100.7783432006836&lvl=17.0&q=H.A.%20Thompson%20%26%20Sons%20%2C%20911%20S%209th%20St%2C%20Bismarck%2C%20ND%2058504,46.79619598388672,-100.7783432006836,2,Yelp (9),HVAC services,Open 24 hours,http://www.hatandsons.com/,(701) 223-3393,"info@hatandsons.com,bmiller@hatandsons.com,jthompson@hatandsons.com,marketing@ecrinternational.com,jleingang@hatandsons.com,tgreff@hotmail.com,travisgreff@yahoo.com,nqtgreff97@hotmail.com,tgreff@hatandsons.com","{""facebook"":""https://www.facebook.com/hatandsonsarena/"",""youtube"":""https://www.youtube.com/user/hatandsons"",""linkedin"":""https://www.linkedin.com/company/h-a-thompson-&-sons""}",https://www.facebook.com/hatandsonsarena/,,
ypid:YNF63D7C46D909947A,Advanced Mechanical Inc.,"1415 Airport Rd, Bismarck, ND 58504",https://www.bing.com/th?id=OLC.NcWfxeCVEUoA8A480x360&pid=Local,https://www.bing.com/maps?cp=46.78770446777344%7E-100.7621078491211&lvl=17.0&q=Advanced%20Mechanical%20Inc.%20%2C%201415%20Airport%20Rd%2C%20Bismarck%2C%20ND%2058504,46.78770446777344,-100.7621078491211,4,Yelp (5),Home service,Open 24 hours,https://www.advanced-mechanical.com/,(701) 222-0352,"jamib@advanced-mechanical.com,jamieb@advanced-mechanical.com","{""facebook"":""https://www.facebook.com/advanced-mechanical-inc-1992752560972058/"",""twitter"":""https://twitter.com/advmechanicalnd"",""youtube"":""https://www.youtube.com/channel/uc_hwvcpzu3wi8yq3pac8h2a"",""instagram"":""https://www.instagram.com/advancedmechnd/"",""yelp"":""https://www.yelp.com/biz/advanced-mechanical-bismarck-7""}",https://www.facebook.com/advanced-mechanical-inc-1992752560972058/,https://www.instagram.com/advancedmechnd/,https://twitter.com/advmechanicalnd
ypid:YN5F772F89CCF995E4,A-1 Heating & Air ND,"3300 Hamilton St #6, Bismarck, ND 58503",https://www.bing.com/th?id=OLC.UcVPNQsErcYYHg480x360&pid=Local,https://www.bing.com/maps?cp=46.840980529785156%7E-100.74193572998047&lvl=17.0&q=A-1%20Heating%20%26%20Air%20ND%20%2C%203300%20Hamilton%20St%20%236%2C%20Bismarck%2C%20ND%2058503,46.840980529785156,-100.74193572998047,,,HVAC services,Closed · Opens 08:30,https://www.a1heatingandair.net/,(701) 751-4200,a1heatingndservice@gmail.com,,,,
ypid:YN1FF146AB7F7164B6,Robert Gibb & Sons Inc.,"4101 Hagen Dr, Bismarck, ND",https://www.bing.com/th?id=OLC.aIsRc7hz5+4BRA480x360&pid=Local,https://www.bing.com/maps?cp=46.76984786987305%7E-100.7309799194336&lvl=17.0&q=Robert%20Gibb%20%26%20Sons%20Inc.%20%2C%204101%20Hagen%20Dr%2C%20Bismarck%2C%20ND,46.76984786987305,-100.7309799194336,,,Contractor,Open 24 hours,https://www.robertgibb.com/,(701) 282-5900,Robert.Gibb@glasgow.ac.uk,"{""twitter"":""https://twitter.com/robertgibbnsons"",""facebook"":""https://www.robertgibb.com/\\\""https://www.facebook.com/robertgibbinc\\\"""",""youtube"":""https://www.youtube.com/channel/uc-7u1pqrqxg1xqozkjv5rrq""}","https://www.robertgibb.com/\""https://www.facebook.com/robertgibbinc\""",,https://twitter.com/robertgibbnsons
ypid:YN2A3036D0001D3CD3,City Air Mechanical Inc.,"3505 E Rosser Ave, Bismarck, ND 58501",https://www.bing.com/th?id=OLC.GAgrYxIgEgqvEQ480x360&pid=Local,https://www.bing.com/maps?cp=46.80854034423828%7E-100.73660278320312&lvl=17.0&q=City%20Air%20Mechanical%20Inc.%20%2C%203505%20E%20Rosser%20Ave%2C%20Bismarck%2C%20ND%2058501,46.80854034423828,-100.73660278320312,,,HVAC services,Closed · Opens 08:00,http://cityairmechanical.com/,(701) 223-3775,"info@mab.co.th,heather@cityairmechanical.com","{""facebook"":""https://www.facebook.com/cityairmechanical""}",https://www.facebook.com/cityairmechanical,,
ypid:YN6690FEF91D7E1249,C & C Plumbing & Heating,"3808 Burdick Expy E, Minot, ND 58701",,https://www.bing.com/maps?cp=48.228736877441406%7E-101.23623657226562&lvl=17.0&q=C%20%26%20C%20Plumbing%20%26%20Heating%20%2C%203808%20Burdick%20Expy%20E%2C%20Minot%2C%20ND%2058701,48.228736877441406,-101.23623657226562,5,Angi (12),Contractor,Closed · Opens 08:00,https://ccplumbingnd.com/,(701) 852-8464,"info@ccplumbingnd.com,ccplumb@srt.com","{""youtube"":""https://www.youtube.com/watch?v=kjgssfosqv0""}",,,
ypid:YN49095F9DC4E29C55,"General Mechanical, Inc.","9135 King St, Anchorage, AK 99515",https://www.bing.com/th?id=OLC.oNpl/rwAq67new480x360&pid=Local,https://www.bing.com/maps?cp=61.137760162353516%7E-149.87799072265625&lvl=17.0&q=General%20Mechanical%2C%20Inc.%20%2C%209135%20King%20St%2C%20Anchorage%2C%20AK%2099515,61.137760162353516,-149.87799072265625,,,HVAC services,Closed · Opens tomorrow 07:30,http://www.gmialaska.com/,(907) 522-5959,"contact@gmialaska.com,dburns@generalmechanical.com,dburns@gmialaska.com,dmay@gmialaska.com","{""facebook"":""https://www.facebook.com/settings/?tab=ads"",""yelp"":""https://www.yelp.com/biz/general-mechanical-anchorage""}",https://www.facebook.com/settings/?tab=ads,,
ypid:YNE631E4D52A7995D3,Klebs Mechanical,"1107 E 72nd Ave, Anchorage, AK 99518",https://www.bing.com/th?id=OLC.Z5C7WaV6hwu62A480x360&pid=Local,https://www.bing.com/maps?cp=61.155052185058594%7E-149.8621063232422&lvl=17.0&q=Klebs%20Mechanical%20%2C%201107%20E%2072nd%20Ave%2C%20Anchorage%2C%20AK%2099518,61.155052185058594,-149.8621063232422,2.5,Yelp (20),HVAC services,Closed · Opens tomorrow 00:00,https://www.klebsheating.com/,(907) 365-2500,"gklebs@klebsheating.com,sbravo@klebsheating.com","{""facebook"":""https://www.facebook.com/joanna.elsie.dickson/posts/10159881725425752"",""yelp"":""https://www.yelp.com/biz/klebs-mechanical-anchorage"",""twitter"":""https://twitter.com/klebsheating""}",https://www.facebook.com/joanna.elsie.dickson/posts/10159881725425752,,https://twitter.com/klebsheating
ypid:YN60C707F9A7784438,Moore Heating,"1801 E Dowling Rd, Anchorage, AK 99507",https://www.bing.com/th?id=OLC.m4iYWr/xqQghnA480x360&pid=Local,https://www.bing.com/maps?cp=61.166812896728516%7E-149.8479766845703&lvl=17.0&q=Moore%20Heating%20%2C%201801%20E%20Dowling%20Rd%2C%20Anchorage%2C%20AK%2099507,61.166812896728516,-149.8479766845703,4,Yelp (23),HVAC services,Open 24 hours,http://www.mooreheating.com/,(907) 561-1500,,"{""facebook"":""https://www.facebook.com/cynsmaxwell/posts/10100795750292486"",""yelp"":""https://www.yelp.com/biz/moore-heating-air-conditioning-anchorage""}",https://www.facebook.com/cynsmaxwell/posts/10100795750292486,,
ypid:YN1AC9BB03E1975C6C,Discount Mechanical Heating and Plumbing,"500 W 41st Ave, Anchorage, AK 99503",https://www.bing.com/th?id=OLC.vsOSwtrmqeGlqw480x360&pid=Local,https://www.bing.com/maps?cp=61.18379211425781%7E-149.892578125&lvl=17.0&q=Discount%20Mechanical%20Heating%20and%20Plumbing%20%2C%20500%20W%2041st%20Ave%2C%20Anchorage%2C%20AK%2099503,61.18379211425781,-149.892578125,2.5,Yelp (44),Home service,Closed · Opens tomorrow 00:00,https://www.discountmechanical.net/,(907) 336-3100,"mikem@discountmechanical.net,isanchemical@gmail.com,office@discountmechanical.net","{""facebook"":""https://www.facebook.com/322809675411/"",""youtube"":""https://www.youtube.com/@scorpiondesign"",""twitter"":""https://x.com/scorpiondotco"",""linkedin"":""https://www.linkedin.com/company/scorpion"",""instagram"":""https://www.instagram.com/discountmech/"",""yelp"":""https://www.yelp.com/biz/discount-mechanical-heating-and-plumbing-anchorage"",""pinterest"":""https://www.pinterest.com/discountmech/""}",https://www.facebook.com/322809675411/,https://www.instagram.com/discountmech/,https://x.com/scorpiondotco
ypid:YN21BBA6C0CAFF093,"Knik Heating, LLC","4051 W Lamont Way, Wasilla, AK 99623",https://www.bing.com/th?id=OLC.emvxAIwJPgY4Sg480x360&pid=Local,https://www.bing.com/maps?cp=61.586002349853516%7E-149.5535888671875&lvl=17.0&q=Knik%20Heating%2C%20LLC%20%2C%204051%20W%20Lamont%20Way%2C%20Wasilla%2C%20AK%2099623,61.586002349853516,-149.5535888671875,2.5,Yelp (30),HVAC services,Open 24 hours,http://www.knikheating.com/,(907) 357-6111,"dispatch@knikheating.com,marketing@ecrinternational.com","{""facebook"":""https://www.facebook.com/knikheatingak"",""instagram"":""https://www.instagram.com/knik_heating/""}",https://www.facebook.com/knikheatingak,https://www.instagram.com/knik_heating/,
ypid:YNCA4D5B3C182B123E,Slayden Plumbing and Heating Inc.,"1998 Richardson Hwy, North Pole, AK 99705",https://www.bing.com/th?id=OLC.MMYQlsNKtwvGnw480x360&pid=Local,https://www.bing.com/maps?cp=64.7779312133789%7E-147.47801208496094&lvl=17.0&q=Slayden%20Plumbing%20and%20Heating%20Inc.%20%2C%201998%20Richardson%20Hwy%2C%20North%20Pole%2C%20AK%2099705,64.7779312133789,-147.47801208496094,,,Contractor,Closed · Opens tomorrow 08:00,http://slaydenplumbing.net/,(907) 488-3359,"slayden@sphiak.com,contacto@petcaredf.com,www.contabilplinio@lpnet.com.br","{""linkedin"":""https://www.linkedin.com/company/slayden-plumbing-&-heating/"",""yelp"":""https://www.yelp.com/biz/slayden-plumbing-and-heating-north-pole"",""facebook"":""https://www.facebook.com/pages/slayden-plumbing-heating-inc/127530003923676""}",https://www.facebook.com/pages/slayden-plumbing-heating-inc/127530003923676,,
ypid:YNAD7D9367F783A8F8,HVAC LLC.,"1528 Richardson Hwy, North Pole, AK 99705",https://www.bing.com/th?id=OLC.PNyUbIvhoAUjsw480x360&pid=Local,https://www.bing.com/maps?cp=64.79951477050781%7E-147.54571533203125&lvl=17.0&q=HVAC%20LLC.%20%2C%201528%20Richardson%20Hwy%2C%20North%20Pole%2C%20AK%2099705,64.79951477050781,-147.54571533203125,2.5,Yelp (3),HVAC services,Closed · Opens tomorrow 07:00,https://www.hvacinc.com/,(907) 488-3828,"andrew@hvacinc.com,christine@heatsourceak.com","{""facebook"":""https://www.facebook.com/hvac-llc-181192241902273/"",""twitter"":""https://twitter.com/hvacllcak"",""instagram"":""https://www.instagram.com/hvacllcak/"",""yelp"":""https://www.yelp.com/biz/hvac-north-pole""}",https://www.facebook.com/hvac-llc-181192241902273/,https://www.instagram.com/hvacllcak/,https://twitter.com/hvacllcak
ypid:YNFC15D6774EFE7F29,Heating and Cooling Contractors of Vermont,"963 Paine Tpke N, Berlin, VT 05602",https://www.bing.com/th?id=OLC.ZdFxyCRxDx6Ppw480x360&pid=Local,https://www.bing.com/maps?cp=44.22254943847656%7E-72.56798553466797&lvl=17.0&q=Heating%20and%20Cooling%20Contractors%20of%20Vermont%20%2C%20963%20Paine%20Tpke%20N%2C%20Berlin%2C%20VT%2005602,44.22254943847656,-72.56798553466797,,,HVAC services,Closed · Opens 09:00,http://heatvt.com/,(802) 223-7750,,,,,
ypid:YNFA7B90A3EB1CD77F,VHV Company - Full Service HVAC/R & Plumbing Construction and Service Repair,"16 Tigan St, Winooski, VT 05404",,https://www.bing.com/maps?cp=44.50359344482422%7E-73.18798828125&lvl=17.0&q=VHV%20Company%20-%20Full%20Service%20HVAC%2FR%20%26%20Plumbing%20Construction%20and%20Service%20Repair%20%2C%2016%20Tigan%20St%2C%20Winooski%2C%20VT%2005404,44.50359344482422,-73.18798828125,4.5,Expertise (28),HVAC services,Closed · Opens 08:00,http://www.vhv.com/,(802) 655-8805,"info@vhv.com,JSmith@vhv.com,JohnS@vhv.com,John@vhv.com","{""linkedin"":""https://www.linkedin.com/company/vhv-company"",""facebook"":""https://www.facebook.com/vermontheatingandventilating/""}",https://www.facebook.com/vermontheatingandventilating/,,
ypid:YNB741B8E75935A6FF,ARC Mechanical Contractors Inc.,"229 Depot St, Bradford, VT 05033",https://www.bing.com/th?id=OLC.6YRAvD+qpVfbYA480x360&pid=Local,https://www.bing.com/maps?cp=43.998863220214844%7E-72.11885833740234&lvl=17.0&q=ARC%20Mechanical%20Contractors%20Inc.%20%2C%20229%20Depot%20St%2C%20Bradford%2C%20VT%2005033,43.998863220214844,-72.11885833740234,2,Yelp (8),HVAC services,Closed · Opens 09:00,https://arcmech.com/,(802) 222-9255,"pstokarski@arcmech.com,service@arcmech.com,sales@arcmech.com,info@arcmech.com.au,ksager@arcmech.com","{""facebook"":""https://www.facebook.com/arcmechanical""}",https://www.facebook.com/arcmechanical,,
ypid:YNFEE2F42A87DFC8AF,Vermont Energy Contracting,"188 Krupp Dr, Williston, VT 05495",https://www.bing.com/th?id=OLC.t7GTA60NocDDtA480x360&pid=Local,https://www.bing.com/maps?cp=44.450653076171875%7E-73.13080596923828&lvl=17.0&q=Vermont%20Energy%20Contracting%20%2C%20188%20Krupp%20Dr%2C%20Williston%2C%20VT%2005495,44.450653076171875,-73.13080596923828,4,Yelp (19),HVAC services,Closed · Opens 08:00,http://vtenergy.com/,(802) 658-6055,,,,,
ypid:YNC7147B4B3A53CA1D,HB Energy Solutions,"80 Hartness Ave, Springfield, VT",https://www.bing.com/th?id=OLC.elRaKO4AA/kVhQ480x360&pid=Local,https://www.bing.com/maps?cp=43.29212951660156%7E-72.47186279296875&lvl=17.0&q=HB%20Energy%20Solutions%20%2C%2080%20Hartness%20Ave%2C%20Springfield%2C%20VT,43.29212951660156,-72.47186279296875,1.5,Yelp (18),HVAC services,Open 24 hours,https://www.hbenergy.com/,(802) 885-2300,"info@hbenergy.com,jessica@hbenergy.com,brian@hbenergy.com,bhernon@hbenergy.com","{""twitter"":""https://twitter.com/hbenergy"",""pinterest"":""https://www.pinterest.com/hbenergy"",""youtube"":""https://www.youtube.com/user/hbenergysolutions"",""facebook"":""https://www.facebook.com/pages/hb-energy-solutions/308486025853646"",""yelp"":""https://www.yelp.com/biz/hb-energy-solutions-springfield?adjust_creative=microsoft&utm_campaign=yelp_feed&utm_medium=feed_v2&utm_source=microsoft""}",https://www.facebook.com/pages/hb-energy-solutions/308486025853646,,https://twitter.com/hbenergy
ypid:YN6799C4FF57ABEA37,"Red Rock Mechanical, LLC","339 Red Rock Rd, Colchester, VT 05446",https://www.bing.com/th?id=OLC.fVhD1RlUyJhOSg480x360&pid=Local,https://www.bing.com/maps?cp=44.587615966796875%7E-73.216796875&lvl=17.0&q=Red%20Rock%20Mechanical%2C%20LLC%20%2C%20339%20Red%20Rock%20Rd%2C%20Colchester%2C%20VT%2005446,44.587615966796875,-73.216796875,2.5,Yelp (17),HVAC services,Open 24 hours,https://www.redrockmechanical.net/,(802) 893-9992,"bkmin@yonsei.ac.kr,contato@red.com.br","{""facebook"":""https://www.facebook.com/red-rock-mechanical-598892590143818/"",""twitter"":""https://twitter.com/redrockvt"",""youtube"":""https://m.youtube.com/watch?v=5drcrefwbla""}",https://www.facebook.com/red-rock-mechanical-598892590143818/,,https://twitter.com/redrockvt
ypid:YNE6A476AF84F86297,Stanley Harris & Sons Plumbing & Heating,"83 Claire Point Rd, Burlington, VT 05408",https://www.bing.com/th?id=OLC.UfK9cGJ0Bp6anQ480x360&pid=Local,https://www.bing.com/maps?cp=44.52638244628906%7E-73.27013397216797&lvl=17.0&q=Stanley%20Harris%20%26%20Sons%20Plumbing%20%26%20Heating%20%2C%2083%20Claire%20Point%20Rd%2C%20Burlington%2C%20VT%2005408,44.52638244628906,-73.27013397216797,2,Yelp (41),Plumbing,Closed · Opens 07:30,http://plumbsonstanvt.com/,(802) 231-4051,,,,,
ypid:YN675442599AE946B8,Baker Heating And Air,"62 Tumbleweed Dr, Lander, WY 82520",https://www.bing.com/th?id=OLC.okeuVT0Si+U2PQ480x360&pid=Local,https://www.bing.com/maps?cp=42.719303131103516%7E-108.64984130859375&lvl=17.0&q=Baker%20Heating%20And%20Air%20%2C%2062%20Tumbleweed%20Dr%2C%20Lander%2C%20WY%2082520,42.719303131103516,-108.64984130859375,5,Angi (4),Home service,Closed · Opens 08:00,https://www.bakerhvacwyo.com/,(307) 332-2025,,"{""facebook"":""https://www.facebook.com/pages/baker-heating-and-air/150418738333979"",""yelp"":""https://www.yelp.com/biz/baker-heating-and-air-conditioning-lander""}",https://www.facebook.com/pages/baker-heating-and-air/150418738333979,,
ypid:YN155D40511A7EA962,"Air Comfort Complete, Inc.","7109 Elton Ct, Casper, WY 82604",https://www.bing.com/th?id=OLC.xrJX8jvptw3BSQ480x360&pid=Local,https://www.bing.com/maps?cp=42.8687744140625%7E-106.42900085449219&lvl=17.0&q=Air%20Comfort%20Complete%2C%20Inc.%20%2C%207109%20Elton%20Ct%2C%20Casper%2C%20WY%2082604,42.8687744140625,-106.42900085449219,,,HVAC services,Open 24 hours,https://aircomfortcomplete.com/,(307) 265-2665,office@aircomfortcomplete.com,"{""facebook"":""https://www.facebook.com/aircomfortcomplete/"",""instagram"":""https://instagram.com/aircomfortcomplete?igshid=i6gm5sc8xqwn""}",https://www.facebook.com/aircomfortcomplete/,https://instagram.com/aircomfortcomplete?igshid=i6gm5sc8xqwn,
ypid:YN8908E9E41FCCCD15,Absaroka Heating & Air LLC,"4444 Skylane Ave, Riverton, WY 82501",https://www.bing.com/th?id=OLC.zJvebdUsSE547Q480x360&pid=Local,https://www.bing.com/maps?cp=43.05510711669922%7E-108.45244598388672&lvl=17.0&q=Absaroka%20Heating%20%26%20Air%20LLC%20%2C%204444%20Skylane%20Ave%2C%20Riverton%2C%20WY%2082501,43.05510711669922,-108.45244598388672,,,HVAC services,Closed · Opens 08:00,http://www.absarokaheatingandair.com/,(307) 463-4034,"Webmaster@jci.com,sajco@emirates.net.ae","{""facebook"":""https://www.facebook.com/absarokaheatingandair/""}",https://www.facebook.com/absarokaheatingandair/,,
ypid:YN5AA6ABDDEDF97857,Big Horn Heating & Cooling,"401 Grace Ave, Worland, WY 82401",https://www.bing.com/th?id=OLC.nHFlYTO5XfgaOw480x360&pid=Local,https://www.bing.com/maps?cp=44.0141487121582%7E-107.96371459960938&lvl=17.0&q=Big%20Horn%20Heating%20%26%20Cooling%20%2C%20401%20Grace%20Ave%2C%20Worland%2C%20WY%2082401,44.0141487121582,-107.96371459960938,5,Yelp (4),HVAC services,Open 24 hours,https://www.bighornheatingandcooling.com/,(307) 347-3438,"rajaram.accurateht@yahoo.com,bighornheating@rtconnect.net,greg@bighornheating.com","{""facebook"":""https://ko-kr.facebook.com/bighornheatingandcooling/posts/a-bit-of-new-technology-in-a-very-old-wydot-building-big-horn-heating-coolings-c/806836969417964/"",""yelp"":""https://www.yelp.com/biz/big-horn-heating-and-cooling-cody"",""twitter"":""https://twitter.com/colemanhvac"",""youtube"":""https://www.youtube.com/@scorpiondesign"",""linkedin"":""https://www.linkedin.com/company/scorpion"",""instagram"":""https://www.instagram.com/scorpion.co""}",https://ko-kr.facebook.com/bighornheatingandcooling/posts/a-bit-of-new-technology-in-a-very-old-wydot-building-big-horn-heating-coolings-c/806836969417964/,https://www.instagram.com/scorpion.co,https://twitter.com/colemanhvac
ypid:YNA49842288FDAC34D,Cole Custom Air,"740 E Collins Dr, Casper, WY 82601",https://www.bing.com/th?id=OLC.VUGh+ohOsR6jCQ480x360&pid=Local,https://www.bing.com/maps?cp=42.849700927734375%7E-106.3162841796875&lvl=17.0&q=Cole%20Custom%20Air%20%2C%20740%20E%20Collins%20Dr%2C%20Casper%2C%20WY%2082601,42.849700927734375,-106.3162841796875,,,HVAC services,Open 24 hours,https://www.colecustomair.com/,(307) 265-8926,sajco@emirates.net.ae,"{""yelp"":""https://www.yelp.com/biz/cole-custom-air-casper"",""facebook"":""https://www.facebook.com/bobby.lukowiak/posts/10220628054089869""}",https://www.facebook.com/bobby.lukowiak/posts/10220628054089869,,
ypid:YNC117B302A0DEB2AA,Tim Force Tin Shop,"814 WINBORNE ST, Casper, WY 82601",https://www.bing.com/th?id=OLC.hfIv5se0MXwOYw480x360&pid=Local,https://www.bing.com/maps?cp=42.8443489074707%7E-106.33525085449219&lvl=17.0&q=Tim%20Force%20Tin%20Shop%20%2C%20814%20WINBORNE%20ST%2C%20Casper%2C%20WY%2082601,42.8443489074707,-106.33525085449219,5,Yelp (2),HVAC services,Closed · Opens 08:00,https://timforcetinshop.com/,(307) 265-9300,jim.timforcetinshop@yahoo.com,"{""facebook"":""https://www.facebook.com/timforcetinshop"",""yelp"":""https://www.yelp.com/biz/tim-force-tin-shop-casper?adjust_creative=microsoft&utm_campaign=yelp_feed&utm_medium=feed_v2&utm_source=microsoft""}",https://www.facebook.com/timforcetinshop,,
ypid:YN1A3F3DC76249FD8C,Air Butler Heating And Cooling,"917 Road 8, Powell, WY 82435",https://www.bing.com/th?id=OLC.SnKA9R1zVInhXA480x360&pid=Local,https://www.bing.com/maps?cp=44.75117874145508%7E-108.73920440673828&lvl=17.0&q=Air%20Butler%20Heating%20And%20Cooling%20%2C%20917%20Road%208%2C%20Powell%2C%20WY%2082435,44.75117874145508,-108.73920440673828,,,HVAC services,Open 24 hours,http://airbutlerhvac.com/,(307) 254-8180,airbutler@airbutlerhvac.com,,,,
ypid:YNB05F673D5DED7F68,Legacy Heating & Cooling,"110 Main St Suite 202, East Greenwich, RI 02818",https://www.bing.com/th?id=OLC.v17OZ/4aXUBCEg480x360&pid=Local,https://www.bing.com/maps?cp=41.662418365478516%7E-71.44972229003906&lvl=17.0&q=Legacy%20Heating%20%26%20Cooling%20%2C%20110%20Main%20St%20Suite%20202%2C%20East%20Greenwich%2C%20RI%2002818,41.662418365478516,-71.44972229003906,,,HVAC services,Closed · Opens 08:00,https://www.legacyhvacri.com/,(401) 341-1553,,,,,
ypid:YN90DAAC239828BE19,Delta Mechanical Contractors,"44 Wilclar St, Warwick, RI 02886",,https://www.bing.com/maps?cp=41.69383239746094%7E-71.46189880371094&lvl=17.0&q=Delta%20Mechanical%20Contractors%20%2C%2044%20Wilclar%20St%2C%20Warwick%2C%20RI%2002886,41.69383239746094,-71.46189880371094,,,Plumbing,,http://deltamechllc.com/,(401) 737-3500,"web.delta@deltamechllc.com,JIM@ATLANTICCONTROLSYSTEMS.COM,jbmurphy@mmlawprov.com,bookbinder@deltamechllc.com,TIM@COYNEMECH.COM",,,,
ypid:YNAD95FE7E399BFE68,Rhode Island HVAC Services,"North Kingstown, RI",,https://www.bing.com/maps?cp=41.557334899902344%7E-71.4979248046875&lvl=17.0&q=Rhode%20Island%20HVAC%20Services%20%2C%20North%20Kingstown%2C%20RI,41.557334899902344,-71.4979248046875,,,HVAC services,Open 24 hours,http://rhodeislandhvacservices.com/,(401) 496-9477,,,,,
ypid:YN256570464CC0D821,"World Class Plumbing, Heating & Cooling LLC","North Kingstown, RI",https://www.bing.com/th?id=OLC.mRBFjEGgN/qrNA480x360&pid=Local,https://www.bing.com/maps?cp=41.557334899902344%7E-71.49790954589844&lvl=17.0&q=World%20Class%20Plumbing%2C%20Heating%20%26%20Cooling%20LLC%20%2C%20North%20Kingstown%2C%20RI,41.557334899902344,-71.49790954589844,,,HVAC services,Closed · Opens 07:30,https://www.wcplumbingri.com/,(401) 896-0100,mike@wcplumbingri.com,,,,
ypid:YN5ADD898C410BF589,National Refrigeration Inc.,"3600 W Shore Rd, Warwick, RI 02886",https://www.bing.com/th?id=OLC.259BXxsyNeKaUQ480x360&pid=Local,https://www.bing.com/maps?cp=41.69842529296875%7E-71.45081329345703&lvl=17.0&q=National%20Refrigeration%20Inc.%20%2C%203600%20W%20Shore%20Rd%2C%20Warwick%2C%20RI%2002886,41.69842529296875,-71.45081329345703,4,Yelp (19),HVAC services,Closed · Opens 07:30,https://nhvac.com/,(401) 737-2000,"jane@nhvac.com,briano@nhvac.com,mzompa59@gmail.com","{""facebook"":""https://www.facebook.com/nationalrefrig/"",""instagram"":""https://www.instagram.com/nationalrefrig"",""pinterest"":""https://www.pinterest.com/nationalrefrig/"",""linkedin"":""https://www.linkedin.com/company/national-refrigeration/"",""yelp"":""https://www.yelp.com/biz/national-refrigeration-warwick-2"",""twitter"":""https://twitter.com/nationalrefrig""}",https://www.facebook.com/nationalrefrig/,https://www.instagram.com/nationalrefrig,https://twitter.com/nationalrefrig
ypid:YNE71DFDB6370E5F08,Wright Comfort Solutions Inc,"North Kingstown, RI",https://www.bing.com/th?id=OLC.5WRYgKkO9KgBew480x360&pid=Local,https://www.bing.com/maps?cp=41.557315826416016%7E-71.49794006347656&lvl=17.0&q=Wright%20Comfort%20Solutions%20Inc%20%2C%20North%20Kingstown%2C%20RI,41.557315826416016,-71.49794006347656,,,HVAC services,Closed · Opens 08:00,http://wrightcomfortsolutions.com/,(401) 580-8200,william@wrightcomfortsolutions.com,,,,
ypid:YN72B3DF6639DEB2E6,Atlantis Comfort Systems,"111 Energy Way, West Warwick, RI 02893",https://www.bing.com/th?id=OLC.dKmrLUMa18sR1w480x360&pid=Local,https://www.bing.com/maps?cp=41.669158935546875%7E-71.51251220703125&lvl=17.0&q=Atlantis%20Comfort%20Systems%20%2C%20111%20Energy%20Way%2C%20West%20Warwick%2C%20RI%2002893,41.669158935546875,-71.51251220703125,4,Yelp (31),HVAC services,Closed · Opens 08:00,http://www.atlantiscomfort.com/,(401) 233-2600,info@atlantiscomfort.com,"{""facebook"":""https://www.facebook.com/wendy.holm.16/posts/10225586064619950"",""instagram"":""https://www.instagram.com/atlantiscomfort_ri/""}",https://www.facebook.com/wendy.holm.16/posts/10225586064619950,https://www.instagram.com/atlantiscomfort_ri/,
ypid:YNABB87F14E21421F1,Cmags HVAC,"1728 Warwick Ave, Warwick, RI 02889",https://www.bing.com/th?id=OLC.x54DjbVkSsMfJA480x360&pid=Local,https://www.bing.com/maps?cp=41.72932052612305%7E-71.40584564208984&lvl=17.0&q=Cmags%20HVAC%20%2C%201728%20Warwick%20Ave%2C%20Warwick%2C%20RI%2002889,41.72932052612305,-71.40584564208984,3.5,Yelp (12),HVAC services,Closed · Opens 08:00,http://cmagshvac.com/,(401) 262-4433,,"{""facebook"":""https://www.facebook.com/anne.deal.7/posts/10211623588580519"",""yelp"":""https://www.yelp.com/biz/cmags-hvac-warwick?start=10""}",https://www.facebook.com/anne.deal.7/posts/10211623588580519,,
ypid:YNB682DA6AB15D8567,Superior Comfort Incorporated,"11 Broadcommon Rd, Bristol, RI 02809",https://www.bing.com/th?id=OLC.ZRrDoKxiZ2g2wA480x360&pid=Local,https://www.bing.com/maps?cp=41.69411849975586%7E-71.27108001708984&lvl=17.0&q=Superior%20Comfort%20Incorporated%20%2C%2011%20Broadcommon%20Rd%2C%20Bristol%2C%20RI%2002809,41.69411849975586,-71.27108001708984,3,Yelp (45),HVAC services,Open 24 hours,https://superiorcomfortinc.com/?utm_source=bing-places&utm_medium=organic&utm_campaign=%2A296%2Asuperior-comfort-bristol,(401) 284-9958,"office@superiorcomfortinc.net,onlineservices@superiorcomfortinc.com","{""facebook"":""https://www.facebook.com/superior-comfort-inc-356958701140705/"",""twitter"":""https://twitter.com/superiorcominc"",""yelp"":""https://www.yelp.com/biz/superior-comfort-bristol-4""}",https://www.facebook.com/superior-comfort-inc-356958701140705/,,https://twitter.com/superiorcominc
ypid:YN58071DDC3BA6643B,Restivo's Heating & Air Conditioning,"295 Scituate Ave, Johnston, RI 02919",https://www.bing.com/th?id=OLC.w8KSJQSXcBR0JA480x360&pid=Local,https://www.bing.com/maps?cp=41.8072395324707%7E-71.51663208007812&lvl=17.0&q=Restivo's%20Heating%20%26%20Air%20Conditioning%20%2C%20295%20Scituate%20Ave%2C%20Johnston%2C%20RI%2002919,41.8072395324707,-71.51663208007812,2.5,Yelp (39),HVAC services,Closed · Opens 08:30,http://restivos.com/,(401) 351-7378,jane@restivos.com,,,,
ypid:YN5493EB65B45D570B,Travers Plumbing & Heating Inc,"1 Park Ave, Portsmouth, RI 02871",https://www.bing.com/th?id=OLC.pYDH2UHBNkB2yA480x360&pid=Local,https://www.bing.com/maps?cp=41.620059967041016%7E-71.24456024169922&lvl=17.0&q=Travers%20Plumbing%20%26%20Heating%20Inc%20%2C%201%20Park%20Ave%2C%20Portsmouth%2C%20RI%2002871,41.620059967041016,-71.24456024169922,2.5,Yelp (66),Plumbing,Closed · Opens 08:00,http://www.traversplumbinginc.com/,(401) 849-1505,"info@traversplumbing.com,support@hssservices.com","{""facebook"":""https://www.facebook.com/p/travers-plumbing-heating-inc-100064550748157/""}",https://www.facebook.com/p/travers-plumbing-heating-inc-100064550748157/,,
ypid:YN82565599960DA589,Energy-One,"140 Centre of New England Blvd, Coventry, RI",https://www.bing.com/th?id=OLC.u1vTGpAzlSef5g480x360&pid=Local,https://www.bing.com/maps?cp=41.66362762451172%7E-71.56648254394531&lvl=17.0&q=Energy-One%20%2C%20140%20Centre%20of%20New%20England%20Blvd%2C%20Coventry%2C%20RI,41.66362762451172,-71.56648254394531,4.5,Yelp (8),HVAC services,Closed · Opens 07:30,https://energy-one.com/,(401) 823-1800,,"{""facebook"":""https://www.facebook.com/profile.php?id=61573640048787"",""instagram"":""https://www.instagram.com/energyone_ri/""}",https://www.facebook.com/profile.php?id=61573640048787,https://www.instagram.com/energyone_ri/,
ypid:YN2380F392D53312C4,Santoro Oil,"101 Corliss St, Providence, RI 02904",https://www.bing.com/th?id=OLC.IWad5aGMXOq1yQ480x360&pid=Local,https://www.bing.com/maps?cp=41.84077453613281%7E-71.41233825683594&lvl=17.0&q=Santoro%20Oil%20%2C%20101%20Corliss%20St%2C%20Providence%2C%20RI%2002904,41.84077453613281,-71.41233825683594,3,Yelp (37),Home service,Closed · Opens 08:00,https://www.santorooil.com/,(401) 388-6664,"Smith@santorooil.com,info@santorooil.com,robertsherwood1@verizon.net,augie@camarashvacservices.com,tvessella@energy-one.com,profiles@birdeye.com","{""yelp"":""https://www.yelp.com/biz/santoro-oil-providence"",""facebook"":""https://www.facebook.com/santorooil"",""twitter"":""https://twitter.com/santorooilri"",""instagram"":""https://www.instagram.com/santorooil"",""youtube"":""https://www.youtube.com/@santorooil""}",https://www.facebook.com/santorooil,https://www.instagram.com/santorooil,https://twitter.com/santorooilri
ypid:YNF9B4001DF42B2B64,GEM Plumbing and Heating,"1 Wellington Rd, Lincoln, RI 02865",https://www.bing.com/th?id=OLC.lH+/JlqekCQGRw480x360&pid=Local,https://www.bing.com/maps?cp=41.919471740722656%7E-71.47766876220703&lvl=17.0&q=GEM%20Plumbing%20and%20Heating%20%2C%201%20Wellington%20Rd%2C%20Lincoln%2C%20RI%2002865,41.919471740722656,-71.47766876220703,1.5,Yelp (283),Home service,Open 24 hours,https://askgem.com/,(401) 234-2503,"scatanzaro@gemplumbing.com,abrousseau@gemplumbing.com,mcasey@gemplumbing.com,privacy@gemplumbing.com,privacy@agemplumbing.com,augie@camarashvacservices.com,profiles@birdeye.com","{""facebook"":""https://www.facebook.com/dana.nessen/posts/8106937402692788"",""twitter"":""https://x.com/gemplumbing"",""linkedin"":""https://www.linkedin.com/company/gem-plumbing-&-heating/"",""youtube"":""https://www.youtube.com/channel/ucwtbgh6ryabwxar0pgp-lkw"",""yelp"":""https://www.yelp.com/biz/gem-plumbing-and-heating-lincoln-3""}",https://www.facebook.com/dana.nessen/posts/8106937402692788,,https://x.com/gemplumbing